State,County,Deaths,Food Environment Index,National Z-Score,% Children in Poverty,95% CI - Low,95% CI - High,National Z-Score,% Children in Poverty (AIAN),% Children in Poverty (Asian),% Children in Poverty (Black),% Children in Poverty (Hispanic),% Children in Poverty (White),% Adults with Diabetes,95% CI - Low,95% CI - High,% Adults with Obesity,95% CI - Low,95% CI - High,# Limited Access to Healthy Foods,% Limited Access to Healthy Foods,# Food Insecure,% Food Insecure,Segregation Index,Population,Population Size,,,,,Population,
Alabama,Bullock,251,4.4,2.63,40,26,54,2.57,,,47,65,7,20,18,22,49,41,58,3529,32,1750,17,34,9897,Small,,,,,,
Alabama,Perry,249,3.9,3,50,32,68,3,,,66,,34,19,17,22,50,42,59,2949,28,1820,21,61,7738,Small,,,,,Mean,209649.3865
Alabama,Wilcox,301,4.7,2.37,49,31,66,3,,,63,,2,19,17,21,49,40,57,2764,24,2070,20,35,9944,Small,,,,,Standard Error,22628.43403
Alabama,Greene,237,4.5,2.54,47,30,64,3,,,63,,3,19,17,22,51,42,59,2058,23,1630,21,27,7341,Small,,,,,Median,26668
Alabama,Macon,476,5.6,1.6,41,26,56,2.67,,,37,57,5,18,16,20,48,39,56,4741,22,3170,17,54,18370,Small,,,,,Mode,8810
Alabama,Lowndes,315,5.4,1.77,42,28,56,2.85,,,,,,18,16,21,50,41,58,2283,20,1820,18,33,9717,Small,,,,,Standard Deviation,1279057.096
Alabama,Clarke,610,5.4,1.77,29,18,40,1.2,,,38,,17,15,13,17,44,36,53,4740,18,4370,19,18,22337,Small,,,,,Sample Variance,1.63599E+12
Alabama,Calhoun,2916,5.9,1.35,29,23,34,1.17,,40,35,41,15,13,11,15,38,32,45,18258,15,21180,18,46,116429,Large,,,,,Kurtosis,423.2331457
Alabama,Crenshaw,383,6.5,0.83,27,17,37,1,,,25,36,11,13,11,15,40,32,49,1878,14,2160,16,26,13101,Small,,,,,Skewness,17.91038642
Alabama,Etowah,2810,6.3,1.01,26,19,32,0.8,,76,43,47,16,13,11,14,41,34,49,13991,13,18100,18,65,103241,Large,,,,,Range,38965150
Alabama,Conecuh,350,6.4,0.92,43,31,55,2.97,,,77,,22,16,14,18,45,36,53,1758,13,1980,17,16,11174,Small,,,,,Minimum,43
Alabama,Marengo,497,6.2,1.09,33,21,45,1.74,,,50,,2,15,14,18,46,38,54,2785,13,3400,18,28,18684,Small,,,,,Maximum,38965193
Alabama,Randolph,532,6.1,1.18,25,15,35,0.74,,,26,,22,13,11,15,41,33,49,3021,13,4070,18,48,22786,Small,,,,,Sum,669829790
Alabama,Choctaw,301,6.2,1.09,36,25,47,2.07,,,47,,15,15,13,17,46,37,54,1808,13,2280,18,31,12252,Small,,,,,Count,3195
Alabama,Autauga,1008,6.8,0.58,17,12,22,-0.25,,,26,22,8,11,10,13,38,32,46,7106,13,8860,15,34,60342,Small,,,,,,
Alabama,Jefferson,13659,6.9,0.49,22,18,25,0.31,28,14,35,33,7,13,11,15,40,36,44,82879,13,102050,15,63,662895,Large,,,,,,
Alabama,Monroe,527,6.2,1.09,28,16,39,1.1,,,36,,14,15,13,17,43,35,51,2614,11,3690,19,38,19229,Small,,,,,,
Alabama,Lee,2205,6.9,0.49,15,10,20,-0.51,11,3,38,19,8,12,10,13,35,29,41,15524,11,27170,16,34,183215,Large,,,,,,
Alabama,Sumter,304,6.3,1.01,45,32,59,3,,,53,,19,18,16,20,45,37,54,1479,11,2280,19,26,11727,Small,,,,,,
Alabama,Montgomery,4504,6.9,0.49,26,20,32,0.86,,9,38,36,5,16,14,18,45,39,51,24643,11,36550,16,55,224980,Large,,,,,,
Alabama,Pike,676,6.7,0.66,33,23,42,1.67,,,54,32,12,14,12,16,41,34,48,3452,10,5600,17,23,33137,Small,,,,,,
Alabama,Barbour,587,6.2,1.09,35,22,48,1.95,,,49,60,4,16,14,18,44,36,52,2865,10,4730,19,23,24585,Small,,,,,,
Alabama,Marshall,2179,6.6,0.75,22,16,27,0.31,28,4,37,36,16,11,10,13,39,31,47,9331,10,17210,18,52,100756,Large,,,,,,
Alabama,Mobile,8783,6.9,0.49,25,20,30,0.71,35,32,39,20,11,14,12,15,42,38,47,40126,10,67610,16,56,411640,Large,,,,,,
Alabama,Madison,5779,7.5,-0.02,14,10,17,-0.68,11,3,27,26,5,11,10,13,36,31,41,31281,9,54270,14,47,412600,Large,,,,,,
Alabama,Coffee,1025,6.7,0.66,21,16,26,0.24,2,,66,43,9,12,10,13,34,28,41,4491,9,9560,18,43,55643,Small,,,,,,
Alabama,Colbert,1285,6.7,0.66,21,14,27,0.18,,,60,38,17,12,10,14,41,33,49,4806,9,10070,18,28,58361,Small,,,,,,
Alabama,Dale,1034,6.4,0.92,22,14,30,0.37,,,55,26,21,14,12,15,44,37,52,4420,9,9390,19,31,49871,Small,,,,,,
Alabama,Dallas,1133,6.4,0.92,47,33,60,3.39,,,50,,24,18,15,20,51,43,58,3842,9,7310,19,50,36165,Small,,,,,,
Alabama,Morgan,2635,7,0.41,17,11,23,-0.27,,,39,24,10,13,11,15,39,32,46,9883,8,20170,16,59,125133,Large,,,,,,
Alabama,Chambers,824,6.9,0.49,26,15,37,0.86,,,22,51,15,15,13,17,45,37,53,2772,8,5840,17,31,34079,Small,,,,,,
Alabama,Henry,379,7,0.41,23,14,31,0.45,,,60,,8,14,12,16,38,31,47,1392,8,2860,17,35,17899,Small,,,,,,
Alabama,Baldwin,3944,7.4,0.07,14,11,18,-0.61,,13,54,34,7,10,9,12,37,31,43,14466,8,34770,15,43,253507,Large,,,,,,
Alabama,Talladega,2137,6.7,0.66,23,15,31,0.47,,,36,40,18,14,12,16,43,35,50,6453,8,14660,18,33,81132,Small,,,,,,
Alabama,Coosa,272,7.2,0.24,28,18,38,1.11,,,64,,7,13,12,15,43,35,51,890,8,1630,16,56,10268,Small,,,,,,
Alabama,Hale,411,6.6,0.75,32,21,44,1.63,,,47,,6,16,14,18,44,36,53,1099,7,2820,19,26,14888,Small,,,,,,
Alabama,Butler,497,7,0.41,37,27,48,2.27,,,47,32,14,15,13,17,46,38,54,1449,7,3250,17,28,18382,Small,,,,,,
Alabama,Tuscaloosa,3625,7.5,-0.02,24,19,29,0.59,,10,34,28,9,13,11,14,41,36,47,13105,7,35110,15,56,237373,Large,,,,,,
Alabama,Russell,1355,6.7,0.66,27,18,36,0.95,,,44,47,15,16,14,18,47,39,55,3529,7,11030,19,41,58744,Small,,,,,,
Alabama,Lauderdale,1815,7.2,0.24,17,10,23,-0.27,56,,43,10,14,11,9,13,37,30,44,5999,6,15470,16,49,96814,Small,,,,,,
Alabama,Limestone,1726,7.6,-0.1,11,7,15,-0.95,49,,17,31,10,11,10,13,36,29,43,5320,6,15400,15,38,114654,Large,,,,,,
Alabama,Shelby,2678,8.2,-0.61,9,7,12,-1.19,,4,8,21,6,10,8,11,32,27,38,11354,6,27890,13,30,233000,Large,,,,,,
Alabama,Franklin,747,6.9,0.49,34,29,40,1.9,,,17,34,25,14,12,15,40,32,48,1818,6,5850,18,66,31802,Small,,,,,,
Alabama,Escambia,982,6.7,0.66,29,19,39,1.23,28,,51,12,13,15,13,17,44,36,51,2175,6,7090,19,37,36558,Small,,,,,,
Alabama,Covington,1071,6.7,0.66,22,14,31,0.42,,,46,16,23,12,10,13,45,37,52,2070,5,7210,19,41,37952,Small,,,,,,
Alabama,Jackson,1484,6.5,0.83,19,13,25,0.02,6,,36,74,20,12,11,14,39,31,47,2859,5,10530,20,60,53467,Small,,,,,,
Alabama,Lawrence,874,7,0.41,19,12,26,0.02,23,,16,,19,13,11,15,41,33,49,1839,5,5970,18,68,33502,Small,,,,,,
Alabama,Cherokee,702,7,0.41,21,12,29,0.18,,,,55,13,11,10,13,40,32,49,1302,5,4490,18,40,25666,Small,,,,,,
Alabama,Elmore,1559,7.9,-0.36,17,11,23,-0.25,,,24,16,12,11,10,13,36,30,44,3953,5,12330,14,32,90441,Small,,,,,,
Alabama,Washington,349,7.5,-0.02,26,17,35,0.89,,,56,,21,14,12,16,42,34,50,788,4,2500,16,33,15022,Small,,,,,,
Alabama,Chilton,1036,7.2,0.24,22,14,29,0.31,,,20,26,14,12,10,13,36,29,44,1907,4,7900,18,43,46431,Small,,,,,,
Alabama,Houston,2212,7.2,0.24,25,20,29,0.69,,4,47,45,12,13,11,15,38,31,44,4308,4,18650,17,47,108462,Large,,,,,,
Alabama,Geneva,757,6.6,0.75,27,18,36,0.99,,,57,42,15,13,11,14,38,31,46,1035,4,5480,21,26,26988,Small,,,,,,
Alabama,Walker,2046,6.8,0.58,23,17,30,0.53,,21,59,75,20,13,11,15,43,36,50,2492,4,12700,20,48,64728,Small,,,,,,
Alabama,Tallapoosa,994,7.3,0.15,23,14,32,0.44,,,43,60,8,13,11,15,42,34,50,1359,3,7260,18,40,40677,Small,,,,,,
Alabama,Clay,344,7.2,0.24,25,16,34,0.74,,,65,8,12,13,11,15,40,31,48,414,3,2560,18,28,14111,Small,,,,,,
Alabama,Cullman,1979,7.4,0.07,21,17,26,0.28,,,4,33,17,12,10,13,40,32,48,2287,3,15340,17,79,92016,Small,,,,,,
Alabama,Blount,1273,7.4,0.07,17,11,22,-0.3,25,,18,47,12,12,10,13,37,30,45,1440,3,10300,17,65,59816,Small,,,,,,
Alabama,St. Clair,2010,7.9,-0.36,14,9,20,-0.58,,,25,18,14,11,9,12,33,27,40,1984,2,13970,15,30,95552,Small,,,,,,
Alabama,Cleburne,362,7.4,0.07,22,15,29,0.33,,,,19,21,12,11,14,39,31,48,303,2,2690,18,53,15639,Small,,,,,,
Alabama,Winston,580,6.9,0.49,24,16,32,0.62,,,62,20,26,12,10,14,36,28,45,415,2,4730,20,86,23611,Small,,,,,,
Alabama,Pickens,498,7.1,0.32,30,19,42,1.39,,,52,,23,15,13,17,44,36,52,296,1,3640,19,30,18688,Small,,,,,,
Alabama,Marion,719,7,0.41,24,17,32,0.65,95,,,81,19,12,11,14,40,31,48,317,1,5850,20,50,29244,Small,,,,,,
Alabama,Bibb,509,7.3,0.15,21,14,29,0.29,,,69,40,24,13,12,15,41,34,49,102,0,4260,19,40,21868,Small,,,,,,
Alabama,Fayette,457,6.9,0.49,22,13,31,0.37,,,47,,19,13,11,15,39,31,48,74,0,3350,21,48,15967,Small,,,,,,
Alabama,Lamar,365,7.3,0.15,23,15,31,0.49,2,,31,7,16,12,10,14,38,30,47,61,0,2590,19,21,13661,Small,,,,,,
Alabama,DeKalb,1637,,0.67,29,23,34,1.21,33,,11,53,21,14,12,16,39,32,46,,,13930,19,75,72569,Small,,,,,,
Alaska,Yukon-Koyukuk,151,2.7,3,25,14,35,0.71,25,,,,13,13,12,15,40,32,47,2418,43,1040,20,,5129,Small,,,,,,
Alaska,Lake and Peninsula,,3.8,3,27,16,39,1.02,,,,,,12,10,13,38,30,46,679,42,150,15,,1331,Small,,,,,,
Alaska,Bethel,310,2.9,3,36,27,46,2.12,32,,,5,,14,13,16,42,35,48,6780,40,3740,20,15,18224,Small,,,,,,
Alaska,Denali,,5.7,,11,7,16,,,,,,,8,7,9,31,24,38,604,33,220,11,,1584,Small,,,,,,
Alaska,Dillingham,102,4.9,2.2,31,20,43,1.52,24,,,28,,13,11,15,37,31,44,1525,31,740,15,,4607,Small,,,,,,
Alaska,Hoonah-Angoon,,5,2.11,27,16,39,1.01,21,,,4,,10,9,12,32,25,40,669,31,350,15,,2262,Small,,,,,,
Alaska,Northwest Arctic,148,4.6,2.46,23,13,33,0.49,27,,,,12,14,12,16,38,30,46,2198,29,1350,18,,7361,Small,,,,,,
Alaska,Nome,191,6.1,1.18,23,14,32,0.49,28,,,8,1,14,12,16,37,31,44,1442,15,1760,18,,9763,Small,,,,,,
Alaska,Aleutians East,,7.3,0.15,19,12,26,-0.05,,,,,,13,11,14,31,24,38,458,15,420,12,,3461,Small,,,,,,
Alaska,Bristol Bay,,7.3,0.15,18,10,26,-0.13,12,,,,16,9,8,11,32,25,40,116,12,120,14,,844,Small,,,,,,
Alaska,Kodiak Island,153,7.8,-0.27,9,5,12,-1.26,20,20,,6,,9,8,11,30,24,37,1560,11,1520,12,,12565,Small,,,,,,
Alaska,Haines,,7.7,-0.19,13,8,19,-0.73,,,,,,7,6,9,33,26,40,253,10,270,13,,2070,Small,,,,,,
Alaska,Southeast Fairbanks,119,7.2,0.24,14,8,20,-0.62,24,,,80,10,9,8,11,37,32,43,695,10,1030,15,,7077,Small,,,,,,
Alaska,Prince of Wales-Hyder,147,6.9,0.49,22,13,31,0.38,16,,,28,18,11,9,12,38,31,45,491,9,960,17,,5696,Small,,,,,,
Alaska,Matanuska-Susitna,1550,8,-0.44,11,8,13,-1.05,23,23,2,15,11,9,8,10,31,28,35,7286,8,13390,12,39,115239,Large,,,,,,
Alaska,Kenai Peninsula,943,7.7,-0.19,12,8,17,-0.85,23,1,,8,15,8,7,9,32,27,36,4359,8,8030,14,52,61223,Small,,,,,,
Alaska,Aleutians West,,7.9,-0.36,5,3,7,-1.76,12,11,,21,,11,10,13,29,23,36,434,8,670,13,,5160,Small,,,,,,
Alaska,Fairbanks North Star,1195,8.3,-0.7,8,5,11,-1.37,3,1,45,5,4,8,7,9,32,28,36,7544,8,10730,11,50,94840,Small,,,,,,
Alaska,North Slope,129,7.9,-0.36,14,8,20,-0.6,15,,,13,,11,9,12,41,34,48,670,7,1430,13,9,10603,Small,,,,,,
Alaska,Sitka,99,8.4,-0.79,11,7,14,-1.04,44,,,37,6,8,7,10,32,26,39,555,6,940,11,,8282,Small,,,,,,
Alaska,Wrangell,,7.7,-0.19,15,9,21,-0.48,48,,,44,5,9,8,10,34,27,42,119,5,320,15,,2064,Small,,,,,,
Alaska,Anchorage,4108,8.6,-0.96,10,7,13,-1.13,19,19,36,12,5,8,7,9,30,26,33,13337,5,32410,11,47,286075,Large,,,,,,
Alaska,Juneau,376,9,-1.3,10,6,13,-1.18,11,6,,25,5,8,7,9,33,28,38,613,2,3350,10,35,31555,Small,,,,,,
Alaska,Petersburg,,8.7,-1.04,11,6,16,-0.99,10,,,2,6,8,7,10,30,24,37,25,1,410,12,,3427,Small,,,,,,
Alaska,Ketchikan Gateway,211,8.7,-1.04,12,7,16,-0.9,17,10,,3,8,9,7,10,34,29,40,54,0,1740,13,,13738,Small,,,,,,
Alaska,Yakutat,,8.5,,26,17,35,,,,,,,11,9,12,33,25,41,1,0,80,13,,687,Small,,,,,,
Alaska,Skagway,,8.7,,9,5,13,,,,,,,8,7,9,33,26,41,1,0,160,13,,1095,Small,,,,,,
Alaska,Copper River,,,,20,12,28,,19,,,,4,9,8,10,33,26,40,,,430,17,,2674,Small,,,,,,
Alaska,Chugach,,,,8,5,11,,6,11,,1,4,8,7,9,30,24,37,,,770,11,,6769,Small,,,,,,
Alaska,Kusilvak,157,,0.42,37,24,49,2.16,,,,,,18,15,20,46,38,55,,,2110,25,,8001,Small,,,,,,
Alaska,Prince of Wales-Outer Ketchikan,,,,,,,,,,,,,,,,,,,,,,,,,Small,,,,,,
Alaska,Skagway-Hoonah-Angoon,,,,,,,,,,,,,,,,,,,,,,,,,Small,,,,,,
Alaska,Valdez-Cordova,,,,,,,,,,,,,,,,,,,,,,,,,Small,,,,,,
Alaska,Wade Hampton,,,,,,,,,,,,,,,,,,,,,,,,,Small,,,,,,
Alaska,Wrangell-Petersburg,,,,,,,,,,,,,,,,,,,,,,,,,Small,,,,,,
Arizona,Apache,2183,3.1,3.73,36,28,44,2.06,45,22,,41,15,18,16,20,39,34,44,25275,35,14180,22,81,65036,Small,,,,,,
Arizona,La Paz,647,4.7,2.37,29,20,39,1.27,36,,,35,16,13,11,15,36,29,44,5427,26,3110,19,,16710,Small,,,,,,
Arizona,Navajo,3052,4.6,2.46,29,23,35,1.23,47,,18,26,12,13,12,15,39,34,43,27938,26,20340,19,72,109175,Large,,,,,,
Arizona,Mohave,6188,6,1.26,23,16,29,0.45,55,26,17,32,22,11,10,12,37,32,42,37430,19,35030,16,63,223682,Large,,,,,,
Arizona,Santa Cruz,578,5.7,1.52,29,20,37,1.21,,,,28,21,15,13,17,32,26,39,8689,18,8430,18,,49158,Small,,,,,,
Arizona,Graham,673,6.7,0.66,20,16,25,0.17,54,,,20,8,13,11,14,40,33,48,5860,16,5620,15,,39525,Small,,,,,,
Arizona,Cochise,2415,6.6,0.75,20,13,26,0.07,44,12,11,29,14,11,10,12,33,28,38,20429,16,18550,15,58,124640,Large,,,,,,
Arizona,Pinal,7224,7.3,0.15,12,9,16,-0.82,29,3,19,15,13,12,11,13,39,34,43,53409,14,53400,12,53,484239,Large,,,,,,
Arizona,Greenlee,141,7.1,0.32,10,6,13,-1.16,,,,6,10,11,10,13,33,26,40,1185,14,1290,14,59,9369,Small,,,,,,
Arizona,Coconino,2080,7,0.41,21,16,26,0.23,37,,28,16,7,10,9,12,27,23,31,17901,13,20820,14,63,144472,Large,,,,,,
Arizona,Yavapai,4701,7.2,0.24,17,12,22,-0.25,21,34,47,21,16,9,8,10,28,24,32,27392,13,32260,14,73,249081,Large,,,,,,
Arizona,Gila,1542,6.7,0.66,28,20,36,1.11,53,,,11,19,12,10,13,34,30,39,5904,11,9000,17,83,54003,Small,,,,,,
Arizona,Yuma,3256,6.3,1.01,23,17,29,0.49,29,8,31,23,16,14,12,16,42,37,48,20170,10,38510,19,54,213221,Large,,,,,,
Arizona,Pima,16919,7.5,-0.02,18,15,21,-0.14,41,17,24,23,11,10,9,12,33,29,37,87525,9,146200,14,43,1063162,Large,,,,,,
Arizona,Maricopa,59971,8.3,-0.7,14,13,15,-0.63,21,9,26,22,7,10,9,12,33,29,36,210290,6,530930,12,48,4585871,Large,,,,,,
Arkansas,Nevada,183,3.9,3,31,20,42,1.48,,,66,,42,15,13,17,42,33,50,2462,27,1780,22,7,8120,Small,,,,,,
Arkansas,Dallas,179,5.1,2.03,27,16,38,0.97,,,20,,14,14,13,16,44,36,53,2174,27,1080,17,50,6185,Small,,,,,,
Arkansas,Calhoun,138,5.3,1.86,18,11,25,-0.15,,,9,41,9,13,11,15,39,31,47,1325,25,780,16,18,4641,Small,,,,,,
Arkansas,Arkansas,525,5.1,2.03,23,14,32,0.5,,,34,2,9,14,12,16,41,34,49,4500,24,3060,18,39,16307,Small,,,,,,
Arkansas,Scott,279,5.1,2.03,27,16,37,0.94,,,,,,13,11,15,38,30,47,2338,21,1930,20,,9851,Small,,,,,,
Arkansas,Lee,259,4.8,2.28,46,29,63,3,,,59,39,11,18,15,20,45,36,53,2115,20,1810,21,58,8201,Small,,,,,,
Arkansas,St. Francis,576,4.9,2.2,46,33,59,3.28,,,43,42,31,17,15,19,45,38,51,5453,19,4840,21,47,22101,Small,,,,,,
Arkansas,Phillips,527,4.6,2.46,45,30,61,3,,,54,0,18,18,16,20,51,44,58,4120,19,3630,22,36,14961,Small,,,,,,
Arkansas,Ouachita,618,5.5,1.69,25,16,35,0.78,,,29,13,22,14,13,16,43,35,50,4741,18,4180,19,27,21793,Small,,,,,,
Arkansas,Sharp,456,5.3,1.86,25,15,35,0.79,,,38,74,19,12,11,14,38,31,46,3107,18,3460,20,,17968,Small,,,,,,
Arkansas,Lincoln,263,5.9,1.35,25,16,34,0.71,,,69,8,25,15,13,17,40,32,48,2474,18,2230,17,55,12898,Small,,,,,,
Arkansas,Polk,470,5.4,1.77,26,17,35,0.89,20,,,54,29,13,11,14,37,30,44,3501,17,3830,20,,19436,Small,,,,,,
Arkansas,Lawrence,402,5.2,1.94,25,15,34,0.68,,,,9,27,13,11,15,42,34,49,2928,17,3390,21,,16318,Small,,,,,,
Arkansas,Desha,286,5.2,1.94,36,23,48,2.05,,,62,40,12,18,16,20,45,37,53,2161,17,2320,21,28,10479,Small,,,,,,
Arkansas,Howard,279,5.9,1.35,23,14,31,0.43,,,43,34,12,13,11,15,40,32,48,2223,16,2300,18,44,12533,Small,,,,,,
Arkansas,Hempstead,417,5.6,1.6,26,15,36,0.84,,,43,30,5,15,13,17,41,34,49,3642,16,3870,19,30,19343,Small,,,,,,
Arkansas,Chicot,304,5.2,1.94,37,23,51,2.25,,,39,,14,17,15,20,45,37,53,1900,16,2170,21,58,9538,Small,,,,,,
Arkansas,Monroe,203,5.5,1.69,38,25,52,2.36,,,64,,3,16,14,18,43,35,52,1221,15,1380,20,27,6512,Small,,,,,,
Arkansas,Searcy,183,4.6,2.46,28,18,39,1.12,,,,16,43,14,12,16,41,33,49,1200,15,1930,25,,7806,Small,,,,,,
Arkansas,Cross,406,5.7,1.52,25,16,35,0.79,,,54,19,16,14,12,16,39,31,46,2600,15,3280,20,63,16420,Small,,,,,,
Arkansas,Jackson,442,5.3,1.86,32,23,41,1.6,,,43,84,29,14,13,16,41,33,48,2568,14,3620,22,50,16784,Small,,,,,,
Arkansas,Sevier,321,5.7,1.52,24,16,33,0.65,37,64,37,25,25,14,13,16,42,34,50,2285,13,3170,20,28,15632,Small,,,,,,
Arkansas,Johnson,534,5.5,1.69,20,12,27,0.07,,23,50,31,25,14,12,16,39,31,47,3404,13,5510,21,34,26129,Small,,,,,,
Arkansas,Crawford,1299,5.9,1.35,18,12,25,-0.09,10,85,,26,28,13,11,14,40,33,47,8168,13,11670,19,59,61891,Small,,,,,,
Arkansas,Pulaski,7409,6.6,0.75,24,20,28,0.58,38,4,40,26,10,13,11,14,38,34,43,49304,13,65010,16,49,400009,Large,,,,,,
Arkansas,Grant,386,6.4,0.92,14,8,19,-0.67,,,45,,14,11,10,13,36,28,43,2225,12,3150,18,23,18383,Small,,,,,,
Arkansas,Miller,1003,6,1.26,27,19,35,1.02,,,46,14,14,14,12,16,44,36,51,5323,12,8210,19,56,42415,Small,,,,,,
Arkansas,Union,961,6.4,0.92,24,16,32,0.62,,,32,43,14,14,12,15,41,34,48,5081,12,6750,17,42,37397,Small,,,,,,
Arkansas,Faulkner,1783,6.6,0.75,15,11,19,-0.45,,,33,26,10,12,10,14,38,32,44,13493,12,20640,17,42,129951,Large,,,,,,
Arkansas,Lafayette,182,6.1,1.18,31,19,42,1.43,,,63,,24,16,14,18,43,35,51,868,11,1220,19,19,6095,Small,,,,,,
Arkansas,Newton,193,6.6,0.75,27,16,38,1,,,,,,12,11,14,40,32,48,946,11,1240,17,,7071,Small,,,,,,
Arkansas,Hot Spring,821,5.8,1.43,22,14,29,0.33,,,25,32,21,13,11,15,39,32,46,3692,11,6770,20,73,33258,Small,,,,,,
Arkansas,Madison,346,6.3,1.01,21,12,29,0.18,,,,20,26,13,11,14,36,29,44,1727,11,3080,18,,17775,Small,,,,,,
Arkansas,Stone,299,5.3,1.86,26,16,37,0.9,,,,88,25,13,11,15,37,30,45,1344,11,2860,23,,12671,Small,,,,,,
Arkansas,Clark,437,6.2,1.09,20,12,29,0.17,,,48,28,12,14,13,16,40,33,48,2462,11,4070,19,23,21274,Small,,,,,,
Arkansas,Garland,2438,6.1,1.18,29,24,35,1.28,3,,50,26,16,12,10,13,38,32,44,10230,11,19560,20,45,99784,Small,,,,,,
Arkansas,Crittenden,1180,6.7,0.66,29,19,40,1.27,,,42,26,12,16,14,18,42,35,49,5407,11,8170,17,50,47139,Small,,,,,,
Arkansas,Jefferson,1683,6.7,0.66,32,22,42,1.6,,,35,22,12,15,13,17,45,38,51,8213,11,11390,17,64,63661,Small,,,,,,
Arkansas,Montgomery,231,5.7,1.52,28,18,39,1.16,73,,,64,21,13,11,15,40,32,48,1000,11,1850,22,,8620,Small,,,,,,
Arkansas,Poinsett,675,5.7,1.52,27,17,37,1,76,,34,8,28,14,12,16,41,33,49,2538,10,4970,22,30,22397,Small,,,,,,
Arkansas,Bradley,246,6.4,0.92,29,19,38,1.2,7,,49,28,14,15,13,17,42,34,50,1175,10,1900,18,18,10104,Small,,,,,,
Arkansas,Conway,445,5.8,1.43,23,16,30,0.49,,,67,7,30,14,12,16,41,33,50,2074,10,4370,21,34,21077,Small,,,,,,
Arkansas,Ashley,472,5.8,1.43,25,15,35,0.76,,,44,29,23,15,13,17,42,35,50,2064,9,4080,21,29,18262,Small,,,,,,
Arkansas,Randolph,404,6,1.26,24,16,31,0.57,,41,,78,29,13,11,15,37,30,45,1685,9,3820,21,59,18907,Small,,,,,,
Arkansas,Pike,242,6.1,1.18,27,17,37,1.01,,,76,16,19,12,11,14,37,29,46,1058,9,2050,20,56,10208,Small,,,,,,
Arkansas,Pope,1072,6.3,1.01,16,10,22,-0.37,,,8,25,20,13,11,15,36,30,43,5787,9,12180,19,46,64593,Small,,,,,,
Arkansas,Drew,379,6.5,0.83,28,19,36,1.08,,,45,68,20,14,12,16,42,35,50,1703,9,3220,19,34,16945,Small,,,,,,
Arkansas,Craighead,1781,6.4,0.92,23,17,29,0.5,,10,50,40,17,12,11,14,38,31,44,8798,9,20760,19,45,113993,Large,,,,,,
Arkansas,White,1562,6.4,0.92,20,14,25,0.07,,,32,26,18,13,11,14,40,34,47,7029,9,14420,19,59,78452,Small,,,,,,
Arkansas,Mississippi,1152,6.1,1.18,31,23,40,1.49,,73,47,18,12,16,14,18,43,36,51,4181,9,8100,20,55,38663,Small,,,,,,
Arkansas,Boone,760,6.6,0.75,19,12,26,-0.04,,,,44,11,11,10,13,39,32,47,3259,9,6830,18,,38530,Small,,,,,,
Arkansas,Columbia,499,6.4,0.92,28,19,36,1.08,,,64,,19,14,13,16,41,34,49,2114,9,4340,19,41,22150,Small,,,,,,
Arkansas,Logan,560,6.4,0.92,23,15,30,0.43,32,,,14,15,12,11,14,38,30,46,1922,9,4080,19,66,21400,Small,,,,,,
Arkansas,Yell,406,6.7,0.66,23,15,31,0.49,,,4,10,19,14,12,16,39,31,47,1726,8,3660,18,58,20044,Small,,,,,,
Arkansas,Saline,2141,7.4,0.07,12,8,16,-0.85,,,12,15,11,11,9,12,37,31,44,8233,8,18430,15,44,129574,Large,,,,,,
Arkansas,Cleveland,192,6.9,0.49,21,13,29,0.22,,,93,,9,13,12,15,41,33,49,662,8,1320,18,12,7378,Small,,,,,,
Arkansas,Clay,337,6.2,1.09,22,14,31,0.41,,,,,,13,11,15,38,31,46,1142,7,3010,21,,14201,Small,,,,,,
Arkansas,Carroll,598,7,0.41,19,12,27,0.05,,48,,25,11,13,11,15,36,28,44,1881,7,4940,17,,28814,Small,,,,,,
Arkansas,Van Buren,390,6.1,1.18,24,15,33,0.59,,,,66,18,13,11,15,37,29,45,1164,7,3380,21,,16142,Small,,,,,,
Arkansas,Benton,3383,7.7,-0.19,9,6,12,-1.24,31,13,6,19,7,11,10,13,34,30,39,14805,7,40000,14,49,311013,Large,,,,,,
Arkansas,Greene,914,6.4,0.92,19,13,26,0.01,,,,45,18,13,11,14,38,31,45,2799,7,9150,20,64,46743,Small,,,,,,
Arkansas,Cleburne,538,6.7,0.66,21,13,28,0.2,,,,28,19,12,10,13,37,30,44,1719,7,4720,19,68,25445,Small,,,,,,
Arkansas,Independence,775,6.4,0.92,18,12,25,-0.11,,,,51,25,13,11,14,40,33,47,2234,6,7650,20,54,38320,Small,,,,,,
Arkansas,Fulton,316,6.7,0.66,25,15,35,0.73,,,,,,14,12,16,39,31,47,727,6,2320,19,,12421,Small,,,,,,
Arkansas,Baxter,993,6.6,0.75,21,15,27,0.2,,,58,18,18,12,10,13,41,34,49,2333,6,8220,20,67,42875,Small,,,,,,
Arkansas,Sebastian,2550,6.6,0.75,18,12,24,-0.16,,24,31,33,13,13,12,15,36,30,42,6906,5,25120,20,53,129098,Large,,,,,,
Arkansas,Perry,214,6.7,0.66,21,13,29,0.23,,,,28,16,12,11,14,38,30,46,554,5,1940,19,40,10184,Small,,,,,,
Arkansas,Washington,3085,7.3,0.15,14,9,18,-0.68,1,22,25,23,9,12,10,13,34,29,38,10768,5,41070,17,52,261549,Large,,,,,,
Arkansas,Lonoke,1284,7.4,0.07,12,7,16,-0.89,,58,44,31,12,12,10,14,38,32,45,3621,5,12050,16,41,75944,Small,,,,,,
Arkansas,Woodruff,157,7.3,0.15,35,21,49,1.95,,,46,,20,14,13,16,41,33,50,234,3,1100,18,15,5964,Small,,,,,,
Arkansas,Marion,457,6.6,0.75,26,17,35,0.86,,,,11,22,12,11,14,37,30,45,534,3,3480,21,,17514,Small,,,,,,
Arkansas,Prairie,209,7.6,-0.1,22,14,31,0.42,,,5,,3,12,11,14,38,30,47,188,2,1370,17,21,8036,Small,,,,,,
Arkansas,Franklin,385,6.6,0.75,24,17,31,0.58,40,,,14,29,13,11,15,40,32,48,342,2,3650,21,,17468,Small,,,,,,
Arkansas,Little River,292,7.9,-0.36,25,16,34,0.78,,,89,,13,13,11,15,39,31,48,130,1,1890,16,49,11805,Small,,,,,,
Arkansas,Izard,323,6.6,0.75,24,15,33,0.6,,,,30,22,12,10,14,37,30,45,44,0,3050,22,,14169,Small,,,,,,
California,Sierra,,6.2,1.09,15,9,20,-0.52,,,,,,9,8,10,31,24,40,804,25,370,13,,3200,Small,,,,,,
California,Mono,109,7.5,-0.02,11,7,15,-1.03,,,,31,2,9,8,10,29,22,37,2448,17,1370,10,,13066,Small,,,,,,
California,Modoc,183,6.4,0.92,28,18,38,1.13,16,,,24,33,10,8,11,30,23,38,1664,17,1310,15,,8500,Small,,,,,,
California,Alpine,,7.1,0.32,27,17,37,0.96,40,,,27,,9,8,10,30,23,38,197,17,190,12,,1141,Small,,,,,,
California,Del Norte,597,6.8,0.58,21,12,30,0.24,15,,,21,13,11,10,13,34,26,42,4133,14,4000,15,62,26589,Small,,,,,,
California,Colusa,236,6.8,0.58,14,9,20,-0.6,,,,12,20,12,10,13,32,25,40,2647,12,3400,16,55,22037,Small,,,,,,
California,Siskiyou,1036,6.9,0.49,22,15,28,0.32,31,39,30,15,20,10,8,11,33,26,40,5111,11,6810,16,56,42905,Small,,,,,,
California,Yuba,1328,7.2,0.24,20,15,25,0.12,26,25,38,23,19,11,10,13,33,26,40,7852,11,11830,15,37,85722,Small,,,,,,
California,Tehama,1273,7.1,0.32,21,14,27,0.21,7,1,,27,16,10,9,12,33,25,41,6325,10,9940,15,81,64896,Small,,,,,,
California,Lassen,567,7.5,-0.02,17,11,23,-0.22,26,21,,14,16,11,9,12,33,26,41,3246,9,4370,14,50,28861,Small,,,,,,
California,Glenn,459,7.5,-0.02,15,9,22,-0.48,4,,,15,17,11,10,13,34,27,42,2459,9,4050,14,,28129,Small,,,,,,
California,Nevada,1369,8.2,-0.61,13,9,17,-0.77,9,,,17,10,9,8,10,30,23,37,8507,9,11340,11,85,102037,Large,,,,,,
California,San Bernardino,31978,7.9,-0.36,17,15,20,-0.2,19,14,35,19,10,12,11,14,35,31,40,173574,9,265220,12,45,2195611,Large,,,,,,
California,Sutter,1350,7.5,-0.02,19,14,24,0.02,17,20,58,27,11,12,10,13,32,25,40,7709,8,14180,14,42,97948,Small,,,,,,
California,Kern,13895,7.2,0.24,25,22,28,0.71,23,13,38,29,16,13,11,15,36,30,41,65742,8,144060,16,53,913820,Large,,,,,,
California,Inyo,350,7.9,-0.36,14,9,20,-0.6,15,75,,11,1,9,8,11,30,23,38,1441,8,2440,13,76,18527,Small,,,,,,
California,Merced,3651,7.1,0.32,23,18,27,0.45,28,25,54,26,17,14,12,16,35,28,42,19726,8,46740,17,51,291920,Large,,,,,,
California,Trinity,300,7.2,0.24,30,18,41,1.29,,,,21,20,10,8,11,32,25,41,1057,8,2560,16,,15670,Small,,,,,,
California,Imperial,2525,6.1,1.18,22,16,29,0.38,26,7,10,26,19,15,13,17,39,31,46,13349,8,37760,21,56,179057,Large,,,,,,
California,Riverside,31860,8.3,-0.7,14,12,16,-0.61,20,10,18,16,8,11,9,12,34,30,38,152519,7,269660,11,44,2492442,Large,,,,,,
California,Shasta,3582,7.7,-0.19,16,11,21,-0.37,20,16,18,18,11,9,8,11,29,23,35,12257,7,25280,14,67,180366,Large,,,,,,
California,Kings,1854,7.5,-0.02,20,15,26,0.16,41,13,44,28,9,13,11,15,32,25,39,10438,7,22970,15,40,152682,Large,,,,,,
California,Butte,3463,7.6,-0.1,21,17,25,0.22,17,36,37,28,12,10,8,11,32,25,38,14192,6,31210,15,69,207172,Large,,,,,,
California,Tuolumne,1074,7.9,-0.36,14,8,19,-0.67,9,15,,16,8,9,8,10,31,24,38,3411,6,7360,13,54,54204,Small,,,,,,
California,Calaveras,827,8,-0.44,16,10,21,-0.43,38,42,,17,14,9,8,11,29,23,36,2730,6,5980,13,84,46565,Small,,,,,,
California,Mendocino,1545,7.6,-0.1,19,12,26,-0.03,32,9,22,20,15,10,9,11,29,23,37,5202,6,13760,15,70,89108,Small,,,,,,
California,Madera,2156,7.5,-0.02,24,19,29,0.64,40,25,9,32,12,13,11,15,35,28,43,8175,5,24880,16,56,162858,Large,,,,,,
California,Santa Cruz,2546,8.4,-0.79,14,10,18,-0.62,22,7,,16,5,9,8,10,29,24,36,14218,5,31230,12,71,261547,Large,,,,,,
California,Fresno,13462,7.4,0.07,23,20,26,0.53,30,23,39,29,11,13,11,15,39,34,45,49773,5,163290,16,48,1017162,Large,,,,,,
California,Placer,4004,9,-1.3,6,4,8,-1.6,5,3,12,11,6,9,7,10,26,21,31,17793,5,36350,9,54,423561,Large,,,,,,
California,Monterey,4060,8.1,-0.53,20,17,24,0.17,8,12,16,21,5,11,10,13,33,27,39,21089,5,56940,13,57,430723,Large,,,,,,
California,Tulare,6309,7.3,0.15,23,20,27,0.52,25,19,28,27,14,13,12,15,38,32,45,21739,5,78780,17,58,479468,Large,,,,,,
California,Humboldt,2413,7.6,-0.1,19,12,25,-0.06,40,29,,22,13,10,8,11,33,27,40,6112,5,21520,16,67,133985,Large,,,,,,
California,San Joaquin,10714,8.2,-0.61,16,13,19,-0.35,8,13,22,19,12,12,10,13,34,29,39,31081,5,98860,13,53,800965,Large,,,,,,
California,El Dorado,2293,8.9,-1.21,8,5,11,-1.39,3,1,7,20,6,8,7,9,25,20,31,7710,4,19020,10,67,192215,Large,,,,,,
California,Sacramento,19868,8.5,-0.87,14,11,16,-0.66,18,19,25,18,9,11,9,12,34,30,39,59972,4,186690,12,47,1584288,Large,,,,,,
California,San Luis Obispo,3129,8.7,-1.04,12,8,15,-0.89,25,11,,20,7,8,7,10,28,22,34,10932,4,30120,11,64,281639,Large,,,,,,
California,Solano,5646,8.9,-1.21,12,9,15,-0.89,8,7,26,15,5,11,10,13,33,27,39,15627,4,45290,10,43,449218,Large,,,,,,
California,Stanislaus,8063,8.2,-0.61,16,13,19,-0.39,9,21,21,20,11,11,10,13,35,29,41,17334,3,74860,14,48,551430,Large,,,,,,
California,Yolo,1969,8.5,-0.87,12,8,15,-0.92,8,10,22,16,7,11,9,12,29,23,35,5793,3,26620,12,46,220544,Large,,,,,,
California,Santa Barbara,4065,8.6,-0.96,17,14,20,-0.25,33,7,1,20,5,10,9,12,32,26,38,12215,3,52630,12,55,441257,Large,,,,,,
California,Contra Costa,11044,9.2,-1.47,10,8,12,-1.1,9,7,17,14,5,10,8,11,28,24,33,30080,3,107300,9,58,1155025,Large,,,,,,
California,San Diego,32532,8.8,-1.13,12,10,13,-0.92,17,7,25,16,8,9,8,11,25,22,29,85525,3,358890,11,53,3269973,Large,,,,,,
California,San Benito,652,8.9,-1.21,11,7,14,-1.02,,11,,13,5,10,9,12,29,23,36,1491,3,6840,11,45,68175,Small,,,,,,
California,Napa,1339,9,-1.3,9,6,12,-1.2,63,6,13,13,5,10,8,11,29,22,36,3589,3,13740,10,67,133216,Large,,,,,,
California,Mariposa,314,8.1,-0.53,22,15,29,0.36,,,,27,14,10,8,11,32,25,40,477,3,2450,14,72,16919,Small,,,,,,
California,Sonoma,5434,8.9,-1.21,10,7,12,-1.18,24,14,19,12,5,8,7,10,28,23,34,12493,3,51320,11,55,481812,Large,,,,,,
California,Ventura,8046,9,-1.3,13,10,15,-0.77,40,3,10,17,6,10,9,12,29,24,34,19017,2,88360,11,52,829590,Large,,,,,,
California,Lake,1561,7.9,-0.36,22,14,29,0.32,25,,65,16,22,10,8,11,31,24,38,1222,2,10480,15,60,67878,Small,,,,,,
California,Los Angeles,111660,8.5,-0.87,18,17,19,-0.18,19,10,26,22,8,11,10,13,26,24,29,142660,1,1314070,13,60,9663345,Large,,,,,,
California,Marin,2075,9.5,-1.72,8,6,10,-1.35,22,8,35,19,3,7,6,8,24,18,29,2943,1,22650,9,57,254407,Large,,,,,,
California,Orange,28550,9.1,-1.38,11,9,13,-0.99,14,9,16,16,5,10,9,11,26,22,30,33752,1,330460,10,51,3135755,Large,,,,,,
California,Alameda,14838,9.3,-1.55,9,7,11,-1.24,10,5,25,13,4,9,8,11,19,16,23,16876,1,159150,10,53,1622188,Large,,,,,,
California,Plumas,364,8.5,-0.87,18,11,25,-0.1,,,,16,11,9,7,10,29,22,37,214,1,2620,13,72,19131,Small,,,,,,
California,Santa Clara,13161,9.5,-1.72,7,6,9,-1.44,11,4,11,11,3,10,9,11,22,19,26,17215,1,168960,9,51,1877592,Large,,,,,,
California,San Mateo,5458,9.6,-1.81,7,5,9,-1.47,20,5,3,11,3,9,8,10,21,17,26,6605,1,63940,9,58,726353,Large,,,,,,
California,San Francisco,8262,9,-1.3,11,8,14,-1.02,46,7,23,14,2,9,8,10,18,14,21,2436,0,95450,11,62,808988,Large,,,,,,
California,Amador,710,9.1,-1.38,14,9,19,-0.63,2,,,2,5,9,8,10,27,21,34,36,0,4510,11,64,41811,Small,,,,,,
Colorado,Costilla,93,1.2,3,37,22,52,2.25,,,,39,15,13,11,14,34,26,42,2043,58,690,20,,3628,Small,,,,,,
Colorado,Dolores,,4.8,2.28,16,10,23,-0.36,,,,,,8,7,9,27,20,35,770,37,300,13,,2513,Small,,,,,,
Colorado,Kiowa,,5.1,2.03,18,11,25,-0.1,,,,,,9,8,10,30,27,34,498,36,170,12,,1384,Small,,,,,,
Colorado,San Juan,,5.2,,20,12,28,,,,,,,8,7,9,27,21,34,203,29,100,15,,802,Small,,,,,,
Colorado,Lake,85,6.8,0.58,16,10,23,-0.34,,,,,,7,6,9,26,20,34,1671,23,790,11,,7365,Small,,,,,,
Colorado,Pueblo,3639,6.2,1.09,17,11,23,-0.21,40,7,37,25,11,10,9,11,31,26,37,27276,17,27070,16,53,169422,Large,,,,,,
Colorado,Saguache,123,6.6,0.75,30,17,43,1.39,53,,,34,8,10,9,12,30,23,38,961,16,970,15,58,6688,Small,,,,,,
Colorado,Moffat,224,6.9,0.49,14,8,20,-0.63,,,,6,11,9,8,10,30,23,37,2028,15,1880,14,,13327,Small,,,,,,
Colorado,Washington,98,7.6,-0.1,18,11,25,-0.14,,,,14,4,8,7,10,27,20,34,672,14,550,11,,4855,Small,,,,,,
Colorado,Fremont,935,6.8,0.58,20,14,27,0.16,,,,13,18,9,8,11,29,23,36,6271,13,7530,15,71,50318,Small,,,,,,
Colorado,Las Animas,347,6.3,1.01,24,14,34,0.6,53,,,35,7,11,9,12,32,25,40,1958,13,2580,18,,14348,Small,,,,,,
Colorado,Prowers,249,6.8,0.58,25,15,34,0.71,,,,22,14,10,9,12,32,25,40,1584,13,1870,16,,11751,Small,,,,,,
Colorado,Alamosa,273,6.9,0.49,26,17,35,0.86,,,,25,15,11,9,12,32,25,40,1942,13,2460,15,33,16655,Small,,,,,,
Colorado,Huerfano,195,6.2,1.09,31,18,43,1.43,,,,49,11,10,8,11,29,22,36,803,12,1270,18,,7055,Small,,,,,,
Colorado,Park,261,8.3,-0.7,11,7,15,-0.99,,,,,,7,6,8,25,19,32,1761,11,1670,10,51,18117,Small,,,,,,
Colorado,Archuleta,186,7.8,-0.27,18,11,25,-0.13,18,,,13,9,8,7,9,25,19,32,1294,11,1630,12,,14189,Small,,,,,,
Colorado,Baca,95,6.7,0.66,29,19,39,1.25,,,,,,10,9,11,31,24,39,390,10,600,17,,3344,Small,,,,,,
Colorado,Kit Carson,113,7.8,-0.27,16,9,23,-0.34,,,,1,9,8,7,10,30,23,38,772,9,880,13,,6994,Small,,,,,,
Colorado,Cheyenne,,8.1,-0.53,20,12,27,0.07,,,,,,8,7,9,28,21,35,164,9,190,11,,1727,Small,,,,,,
Colorado,Mesa,2398,7.8,-0.27,13,9,18,-0.69,25,,35,26,9,8,7,9,30,25,36,12976,9,20190,13,71,159681,Large,,,,,,
Colorado,Jackson,,7.2,,16,9,22,,,,,,,9,8,11,28,22,36,115,8,230,16,,1309,Small,,,,,,
Colorado,Logan,405,7.8,-0.27,16,9,22,-0.41,,15,,16,17,9,8,11,30,24,37,1797,8,2760,13,73,20619,Small,,,,,,
Colorado,Lincoln,73,7.9,-0.36,17,10,24,-0.22,,,,16,5,9,8,10,30,23,38,420,8,720,13,,5480,Small,,,,,,
Colorado,Montrose,618,7.9,-0.36,14,8,20,-0.58,,,,27,11,8,7,10,34,27,41,3160,8,5480,13,,44156,Small,,,,,,
Colorado,Montezuma,501,7.8,-0.27,22,13,30,0.31,38,,,8,9,9,8,10,30,24,38,1867,7,3560,14,72,26531,Small,,,,,,
Colorado,Elbert,306,9.2,-1.47,7,4,10,-1.48,,,,4,4,7,6,8,25,19,31,1619,7,1910,7,76,28806,Small,,,,,,
Colorado,El Paso,10008,8.3,-0.7,9,6,12,-1.26,24,5,11,17,8,8,7,9,28,25,32,40150,6,83680,12,47,744215,Large,,,,,,
Colorado,Custer,,8.5,-0.87,22,14,31,0.41,,,,,,8,7,9,27,20,34,268,6,520,11,,5534,Small,,,,,,
Colorado,Weld,3604,8.4,-0.79,10,7,13,-1.13,18,0,21,17,6,9,7,10,31,27,36,14953,6,37270,11,68,359442,Large,,,,,,
Colorado,Yuma,112,8.2,-0.61,16,10,23,-0.35,,,,41,6,9,8,10,28,22,35,582,6,1240,13,,9862,Small,,,,,,
Colorado,Morgan,458,8.2,-0.61,15,9,20,-0.51,17,,28,19,9,9,8,11,31,25,39,1495,5,3690,13,68,29524,Small,,,,,,
Colorado,Bent,117,6.7,0.66,27,17,38,1.04,,,,65,45,11,10,13,33,26,41,333,5,1080,20,,5681,Small,,,,,,
Colorado,Rio Grande,242,8.1,-0.53,25,17,32,0.68,,,,27,12,9,8,10,26,20,34,608,5,1510,13,,11188,Small,,,,,,
Colorado,Broomfield,594,8.9,-1.21,5,3,7,-1.72,,6,11,12,3,7,6,8,25,20,30,2817,5,6860,9,54,76860,Small,,,,,,
Colorado,Sedgwick,,7.5,-0.02,23,14,32,0.45,,,,35,13,9,8,11,30,23,38,120,5,380,16,,2299,Small,,,,,,
Colorado,Adams,6231,8.5,-0.87,13,10,16,-0.77,41,18,24,17,7,10,9,11,34,30,38,20911,5,60200,12,58,533365,Large,,,,,,
Colorado,Larimer,3463,8.6,-0.96,8,5,10,-1.4,8,5,25,13,7,7,6,8,21,18,25,14135,5,39900,11,65,370771,Large,,,,,,
Colorado,Eagle,314,8.8,-1.13,7,4,10,-1.45,,,,18,4,7,6,8,23,17,29,2459,5,5510,10,75,54381,Small,,,,,,
Colorado,Otero,447,6.8,0.58,27,18,36,0.99,78,,,61,13,12,10,14,32,25,39,870,5,3530,19,32,18136,Small,,,,,,
Colorado,Denver,8574,8.3,-0.7,14,10,18,-0.61,40,18,31,19,5,8,7,9,24,20,27,25554,4,88660,13,57,716577,Large,,,,,,
Colorado,La Plata,642,8.5,-0.87,13,9,17,-0.74,56,,,37,11,7,6,8,25,20,31,2145,4,6650,12,,56407,Small,,,,,,
Colorado,Hinsdale,,8.6,,17,10,24,,,,,,,7,6,8,26,19,33,34,4,100,11,,765,Small,,,,,,
Colorado,Garfield,594,8.8,-1.13,11,6,15,-1.05,,4,,15,5,8,7,9,27,21,33,2246,4,6550,11,77,62707,Small,,,,,,
Colorado,Delta,595,7.8,-0.27,18,11,25,-0.14,,,,20,21,9,7,10,29,23,35,1087,4,4720,15,75,31746,Small,,,,,,
Colorado,Jefferson,6744,8.9,-1.21,8,5,10,-1.42,1,8,27,15,4,7,6,8,25,22,29,18542,3,58370,10,64,576366,Large,,,,,,
Colorado,Mineral,,8.4,,17,10,24,,,,,,,7,6,8,27,20,34,24,3,100,12,,944,Small,,,,,,
Colorado,Conejos,152,7.9,-0.36,23,13,32,0.45,,,,15,14,11,10,13,31,23,38,269,3,1110,15,,7521,Small,,,,,,
Colorado,Teller,438,8.8,-1.13,12,7,17,-0.87,,,,2,8,7,6,8,27,21,33,753,3,2650,11,73,24617,Small,,,,,,
Colorado,Gunnison,125,8.9,-1.21,9,5,13,-1.23,,,,47,5,7,6,8,24,18,30,471,3,1770,10,,17321,Small,,,,,,
Colorado,Chaffee,256,8.4,-0.79,12,7,16,-0.93,,,,35,5,8,7,9,25,19,32,521,3,2460,13,,20617,Small,,,,,,
Colorado,Clear Creek,120,9,-1.3,11,7,16,-0.95,,,,,,7,6,8,26,19,33,255,3,960,10,59,9147,Small,,,,,,
Colorado,Boulder,2571,8.9,-1.21,8,5,10,-1.39,30,5,4,12,5,6,5,7,19,16,22,7671,3,34460,11,58,326831,Large,,,,,,
Colorado,Routt,203,9.1,-1.38,6,4,8,-1.62,,,,10,2,7,6,8,24,19,31,579,2,2400,10,,25064,Small,,,,,,
Colorado,Arapahoe,6859,9,-1.3,13,11,16,-0.72,25,11,24,15,5,8,7,9,26,22,29,12030,2,67430,10,49,656061,Large,,,,,,
Colorado,Rio Blanco,78,8.3,-0.7,11,7,16,-0.94,,,,,,8,7,9,28,21,35,138,2,880,14,,6569,Small,,,,,,
Colorado,San Miguel,,8.9,-1.21,8,5,12,-1.32,,,,18,3,7,6,8,25,19,32,147,2,880,11,,7868,Small,,,,,,
Colorado,Pitkin,92,8.9,-1.21,5,3,7,-1.69,,,,,,6,5,7,21,16,27,338,2,1860,11,,16640,Small,,,,,,
Colorado,Douglas,2439,9.6,-1.81,3,2,4,-1.97,,1,8,2,3,6,5,7,21,17,25,5567,2,27270,8,52,383906,Large,,,,,,
Colorado,Phillips,67,8.4,-0.79,16,10,23,-0.35,,,,30,7,9,8,11,31,23,39,73,2,600,13,,4476,Small,,,,,,
Colorado,Summit,171,9.4,-1.64,7,4,10,-1.46,,,,17,3,7,6,8,23,17,29,412,1,2830,9,,30465,Small,,,,,,
Colorado,Ouray,,9.1,-1.38,9,6,13,-1.2,,,,,,7,6,8,25,19,32,47,1,510,10,26,5176,Small,,,,,,
Colorado,Crowley,114,7.3,0.15,32,19,45,1.58,,,,31,13,12,10,14,33,26,42,33,1,1080,19,,5636,Small,,,,,,
Colorado,Grand,176,9.3,-1.55,9,6,13,-1.2,,,,9,2,7,6,8,25,19,32,39,0,1580,10,,15935,Small,,,,,,
Colorado,Gilpin,69,,-0.34,10,6,14,-1.15,,,,,,7,6,8,25,19,32,,,640,11,,5926,Small,,,,,,
Connecticut,New London,3671,,,,,,,,,,,,,,,,,,21046,8,,,,,Small,,,,,,
Connecticut,Tolland,1584,,,,,,,,,,,,,,,,,,9997,7,,,,,Small,,,,,,
Connecticut,Middlesex,1904,,,,,,,,,,,,,,,,,,9571,6,,,,,Small,,,,,,
Connecticut,New Haven,11394,,,,,,,,,,,,,,,,,,42048,5,,,,,Small,,,,,,
Connecticut,Hartford,11169,,,,,,,,,,,,,,,,,,32775,4,,,,,Small,,,,,,
Connecticut,Litchfield,2508,,,,,,,,,,,,,,,,,,6404,3,,,,,Small,,,,,,
Connecticut,Fairfield,8603,,,,,,,,,,,,,,,,,,27673,3,,,,,Small,,,,,,
Connecticut,Windham,1744,,,,,,,,,,,,,,,,,,3041,3,,,,,Small,,,,,,
Connecticut,Northeastern Connecticut,,,0,11,7,14,-1.05,,,41,9,12,8,8,9,33,29,37,,,12150,13,60,96692,Small,,,,,,
Connecticut,Northwest Hills,,,0,10,6,13,-1.15,,17,10,28,7,8,7,9,31,27,34,,,14270,13,64,113463,Large,,,,,,
Connecticut,Lower Connecticut River Valley,,,0,8,5,10,-1.41,,17,11,10,6,8,7,9,31,27,35,,,17950,10,64,176215,Large,,,,,,
Connecticut,Southeastern Connecticut,,,0,17,13,20,-0.31,33,7,21,30,9,9,8,10,33,29,37,,,37660,13,50,279634,Large,,,,,,
Connecticut,Greater Bridgeport,,,0,14,10,18,-0.64,3,17,24,37,4,9,8,10,29,25,33,,,48960,15,65,327651,Large,,,,,,
Connecticut,Naugatuck Valley,,,0,17,14,20,-0.24,19,9,30,24,6,9,8,10,31,28,34,,,61370,14,56,456128,Large,,,,,,
Connecticut,South Central Connecticut,,,0,17,13,20,-0.31,10,12,29,28,4,10,9,11,32,28,36,,,77120,14,62,568158,Large,,,,,,
Connecticut,Western Connecticut,,,0,9,7,11,-1.23,18,5,23,18,4,8,7,8,27,24,30,,,68750,11,57,623907,Large,,,,,,
Connecticut,Capitol,,,0,12,10,14,-0.88,35,9,20,26,5,9,9,10,32,29,36,,,127950,13,63,975328,Large,,,,,,
Delaware,Sussex,4328,7.9,-0.36,17,12,22,-0.24,86,19,29,38,13,10,9,11,39,33,45,13549,7,32050,13,41,263509,Large,,,,,,
Delaware,Kent,3195,7.8,-0.27,16,11,21,-0.35,55,12,27,17,9,11,10,13,39,33,45,10546,6,25060,14,31,189789,Large,,,,,,
Delaware,New Castle,8261,8.2,-0.61,15,12,17,-0.55,27,6,22,22,5,12,10,13,38,32,44,32430,6,68260,12,46,578592,Large,,,,,,
District of Columbia,District of Columbia,9950,8.9,-1.21,21,17,25,0.21,,12,33,15,1,9,8,10,25,20,31,9664,2,74070,11,67,678972,Large,,,,,,
Florida,Okeechobee,949,5.2,1.94,24,16,33,0.66,,,57,33,22,13,11,14,40,34,47,10915,27,6310,16,58,41427,Small,,,,,,
Florida,Glades,239,5.4,1.77,23,14,32,0.53,18,,14,27,40,14,12,16,40,32,47,3082,24,2020,17,54,12786,Small,,,,,,
Florida,Washington,609,5.5,1.69,25,16,34,0.7,32,,9,3,31,12,10,13,41,35,47,5407,22,4290,17,27,25602,Small,,,,,,
Florida,Calhoun,326,5.6,1.6,27,17,37,0.95,,,38,92,22,12,10,14,44,37,50,2995,20,2350,17,60,13470,Small,,,,,,
Florida,Union,553,6.3,1.01,21,13,28,0.18,,,33,4,27,12,11,14,43,36,50,3029,19,2220,14,15,15532,Small,,,,,,
Florida,Holmes,537,6.2,1.09,27,17,38,1.02,,,88,,16,11,10,13,36,31,42,3716,19,3030,16,60,19944,Small,,,,,,
Florida,Flagler,2095,7,0.41,15,9,20,-0.55,,38,13,20,13,10,9,11,33,28,38,17135,18,14250,12,31,131439,Large,,,,,,
Florida,Highlands,2386,6.2,1.09,27,20,35,1.04,7,,26,31,13,12,10,13,36,31,41,17493,18,15990,16,46,107614,Large,,,,,,
Florida,Baker,549,6.9,0.49,19,12,27,0.03,,,,,,11,9,12,38,32,44,4630,17,3550,13,24,28368,Small,,,,,,
Florida,Citrus,4217,6.4,0.92,21,15,28,0.28,,,24,19,23,10,8,11,35,29,40,22123,16,24340,16,49,166696,Large,,,,,,
Florida,St. Lucie,5566,7.2,0.24,12,7,17,-0.84,12,7,27,17,11,12,10,13,35,29,41,42274,15,41100,12,41,373586,Large,,,,,,
Florida,Osceola,4904,7,0.41,14,10,19,-0.6,,11,21,19,8,13,11,14,31,26,37,39985,15,53750,14,41,437784,Large,,,,,,
Florida,Taylor,537,6.9,0.49,25,16,35,0.78,,,21,25,25,12,11,14,43,37,49,3329,15,3020,14,57,21582,Small,,,,,,
Florida,Charlotte,3679,7,0.41,14,8,19,-0.68,,,19,30,9,10,8,11,34,30,39,22084,14,26170,14,52,206134,Large,,,,,,
Florida,Polk,13056,7.1,0.32,18,14,22,-0.11,56,17,34,24,14,13,11,15,42,36,47,80929,13,101170,14,39,818330,Large,,,,,,
Florida,Indian River,2830,7.3,0.15,17,12,22,-0.22,,5,46,19,11,10,9,11,33,27,39,18467,13,20640,13,55,169795,Large,,,,,,
Florida,Hardee,491,5.8,1.43,24,15,32,0.55,,68,88,40,15,14,13,16,40,33,47,3611,13,4990,20,47,25760,Small,,,,,,
Florida,Hernando,4327,7.1,0.32,16,10,21,-0.41,,4,20,17,14,11,10,12,33,28,39,21319,12,27840,14,41,212807,Large,,,,,,
Florida,Escambia,6645,7.2,0.24,21,15,27,0.24,6,5,37,21,15,11,10,12,33,28,38,36630,12,44240,14,40,326928,Large,,,,,,
Florida,Nassau,1597,7.7,-0.19,13,10,16,-0.73,,,6,7,14,9,8,10,33,28,37,8891,12,10790,12,33,101501,Large,,,,,,
Florida,Pasco,10763,7.3,0.15,12,9,16,-0.83,9,8,20,17,14,10,9,11,35,30,40,56097,12,75630,13,39,632996,Large,,,,,,
Florida,Brevard,11522,7.6,-0.1,15,11,19,-0.5,32,3,19,20,11,10,8,11,33,28,38,65514,12,73940,12,49,643979,Large,,,,,,
Florida,Lee,11410,7.5,-0.02,17,14,21,-0.21,47,8,31,23,9,10,9,11,31,26,36,74222,12,98410,13,62,834573,Large,,,,,,
Florida,Marion,8403,7.2,0.24,25,20,29,0.69,,20,31,30,17,11,10,13,39,34,45,39345,12,52320,14,53,409959,Large,,,,,,
Florida,Lake,6613,7.6,-0.1,13,9,17,-0.76,,21,18,14,10,11,10,13,35,30,40,35183,12,46600,12,41,424462,Large,,,,,,
Florida,Madison,466,7,0.41,28,17,38,1.05,,,45,59,10,14,12,16,37,31,42,2227,12,2690,15,43,18519,Small,,,,,,
Florida,Okaloosa,3292,7.7,-0.19,14,10,17,-0.67,,12,23,22,10,10,9,11,34,28,39,20079,11,26100,12,40,218464,Large,,,,,,
Florida,Volusia,11722,7.4,0.07,19,15,23,0.03,25,16,38,18,11,10,9,11,34,29,39,53616,11,74900,13,54,590357,Large,,,,,,
Florida,Bay,3663,7.4,0.07,16,10,21,-0.42,36,6,27,25,11,10,9,11,35,30,41,17453,10,25270,14,48,190769,Large,,,,,,
Florida,Martin,2278,7.8,-0.27,17,13,21,-0.25,26,15,51,28,12,9,8,10,28,23,33,14984,10,19230,12,68,163315,Large,,,,,,
Florida,Walton,1331,7.7,-0.19,14,9,19,-0.63,,,28,29,17,9,8,11,31,26,37,5545,10,9650,13,73,86354,Small,,,,,,
Florida,Liberty,160,6.6,0.75,26,16,36,0.86,,,24,,27,12,11,14,41,34,48,842,10,1340,17,64,7706,Small,,,,,,
Florida,Duval,17741,7.7,-0.19,19,15,22,-0.06,18,12,33,24,11,12,11,13,33,29,38,84231,10,126370,13,49,1030822,Large,,,,,,
Florida,Hamilton,346,6.7,0.66,32,20,45,1.63,55,,41,35,34,14,12,15,40,33,46,1408,10,2330,17,30,13471,Small,,,,,,
Florida,Santa Rosa,3006,8,-0.44,9,5,12,-1.29,,13,18,9,8,9,8,11,31,26,37,14398,10,21970,12,40,203162,Large,,,,,,
Florida,Leon,3663,7.7,-0.19,19,13,24,-0.03,,14,31,17,7,11,9,12,33,28,38,25892,9,37850,13,47,296913,Large,,,,,,
Florida,Monroe,1316,7.9,-0.36,14,9,20,-0.58,,1,14,16,4,10,8,11,30,24,36,6644,9,10100,12,53,80614,Small,,,,,,
Florida,Clay,3675,8.2,-0.61,11,7,14,-1.05,,5,23,10,13,10,9,11,36,30,41,16385,9,24300,11,44,232439,Large,,,,,,
Florida,Hillsborough,19588,7.9,-0.36,15,12,18,-0.53,43,10,27,21,9,11,10,13,31,27,36,101032,8,186690,13,47,1535564,Large,,,,,,
Florida,Hendry,668,7,0.41,26,17,34,0.84,36,,5,32,15,15,13,17,39,31,46,2838,7,6740,17,75,43333,Small,,,,,,
Florida,Alachua,3318,7.8,-0.27,18,12,23,-0.19,,4,35,13,6,11,10,12,33,28,38,17836,7,38060,14,41,285994,Large,,,,,,
Florida,Orange,15589,8,-0.44,15,12,18,-0.47,20,10,24,21,7,12,10,13,33,28,38,82280,7,177180,12,53,1471416,Large,,,,,,
Florida,Sarasota,6763,8.2,-0.61,13,9,17,-0.69,2,7,33,13,10,8,7,9,29,24,34,26981,7,51990,12,62,469013,Large,,,,,,
Florida,DeSoto,711,6.7,0.66,26,16,36,0.89,,,43,46,19,15,13,17,44,37,51,2456,7,6370,19,60,35979,Small,,,,,,
Florida,Collier,4280,8.2,-0.61,16,12,19,-0.41,41,19,18,22,9,10,9,11,27,22,33,22566,7,44430,12,60,404310,Large,,,,,,
Florida,Putnam,2003,7,0.41,28,19,37,1.11,,,40,47,30,13,11,14,40,34,46,4984,7,12760,17,51,75955,Small,,,,,,
Florida,Manatee,6310,8.2,-0.61,13,9,17,-0.73,9,9,29,24,7,10,9,12,34,29,39,19827,6,49370,12,54,441095,Large,,,,,,
Florida,Seminole,5567,8.4,-0.79,11,8,14,-1.04,76,3,25,12,6,10,9,11,31,26,37,25902,6,53020,11,43,484271,Large,,,,,,
Florida,Sumter,2456,8.1,-0.53,25,18,32,0.76,,,54,19,29,9,8,11,35,30,41,5594,6,16700,13,59,151565,Large,,,,,,
Florida,Jefferson,300,7.8,-0.27,43,37,50,3,,,67,20,3,12,10,13,38,32,44,857,6,2060,14,28,15450,Small,,,,,,
Florida,St. Johns,3121,8.8,-1.13,6,4,8,-1.63,,9,12,13,6,8,7,9,27,22,32,10407,5,26960,10,44,320110,Large,,,,,,
Florida,Jackson,1139,7.6,-0.1,27,19,35,0.95,,,30,28,28,13,12,15,43,37,49,2703,5,7340,15,38,48622,Small,,,,,,
Florida,Suwannee,1089,7.7,-0.19,25,15,34,0.7,,,17,38,14,11,10,13,45,39,51,2233,5,6540,15,54,46130,Small,,,,,,
Florida,Pinellas,17434,8.2,-0.61,15,11,19,-0.46,17,7,31,21,8,9,8,11,32,27,38,46935,5,123330,13,59,961596,Large,,,,,,
Florida,Lafayette,184,7.6,-0.1,26,16,36,0.85,,,20,,31,13,11,15,40,33,48,404,5,1280,16,39,8078,Small,,,,,,
Florida,Columbia,1640,7.8,-0.27,22,14,30,0.34,,2,32,28,16,12,10,13,38,33,44,3005,4,10350,15,31,73063,Small,,,,,,
Florida,Levy,1006,7.8,-0.27,25,16,34,0.71,,,65,19,23,10,9,12,39,33,44,1718,4,6510,15,49,46545,Small,,,,,,
Florida,Palm Beach,18500,8.5,-0.87,15,12,18,-0.55,3,9,25,19,6,10,9,11,31,26,35,54523,4,173180,12,59,1533801,Large,,,,,,
Florida,Wakulla,646,9.1,-1.38,14,9,20,-0.6,,,9,3,7,10,9,12,37,32,43,996,3,3250,10,21,36449,Small,,,,,,
Florida,Dixie,469,7.6,-0.1,33,22,44,1.69,,,,,,12,11,14,44,37,50,494,3,2700,16,59,17465,Small,,,,,,
Florida,Gadsden,973,7.8,-0.27,30,20,41,1.38,,,52,45,7,14,12,16,44,39,50,1250,3,6750,15,44,43833,Small,,,,,,
Florida,Broward,24666,8.8,-1.13,16,13,19,-0.39,25,9,24,15,8,12,11,14,32,26,37,41583,2,220130,11,55,1962531,Large,,,,,,
Florida,Gulf,348,8.3,-0.7,22,14,31,0.38,,,35,41,13,11,9,12,38,33,44,300,2,2020,14,37,15693,Small,,,,,,
Florida,Miami-Dade,29946,8.3,-0.7,17,15,20,-0.24,17,10,31,17,10,13,12,15,30,26,35,45403,2,369180,14,71,2686867,Large,,,,,,
Florida,Franklin,285,7.7,-0.19,27,17,38,1.04,,,14,13,49,11,10,12,38,32,44,78,1,2080,17,60,12594,Small,,,,,,
Florida,Bradford,574,8.1,-0.53,22,14,30,0.37,,,52,2,15,12,11,14,39,33,45,107,0,4240,15,35,27858,Small,,,,,,
Florida,Gilchrist,400,8.4,-0.79,19,12,27,0.02,,,35,24,7,10,9,12,37,30,44,12,0,2590,14,50,19587,Small,,,,,,
Georgia,Taliaferro,,3.2,3,40,26,54,2.55,,,56,,36,15,13,17,43,35,52,814,47,250,15,,1609,Small,,,,,,
Georgia,Chattahoochee,82,3.7,3,17,10,23,-0.29,,,10,3,16,14,12,16,43,35,52,4433,39,1610,17,26,8661,Small,,,,,,
Georgia,Hancock,268,4.7,2.37,44,28,61,3,,,,,,17,15,19,48,39,56,2803,30,1460,17,23,8676,Small,,,,,,
Georgia,Baker,71,5.1,2.03,39,24,54,2.48,,,35,,16,14,13,16,42,34,50,968,28,460,16,24,2743,Small,,,,,,
Georgia,Glascock,77,5.2,1.94,20,13,28,0.16,,,9,,9,11,10,13,37,29,45,855,28,450,16,,2954,Small,,,,,,
Georgia,Dooly,287,5.6,1.6,32,19,44,1.55,,,65,47,7,14,12,16,44,36,52,3755,25,1710,15,19,10981,Small,,,,,,
Georgia,Dougherty,2025,5.3,1.86,37,27,47,2.21,,,43,55,15,16,14,18,44,38,51,23171,25,14120,17,43,82645,Small,,,,,,
Georgia,Appling,416,5.1,2.03,34,24,43,1.79,,,66,41,23,13,11,14,41,33,49,4232,23,3310,18,31,18457,Small,,,,,,
Georgia,Telfair,319,4.4,2.63,42,30,54,2.86,,,49,82,20,16,14,18,46,37,54,3665,22,2730,22,15,10920,Small,,,,,,
Georgia,Clarke,1395,5.5,1.69,25,18,32,0.71,,52,36,27,7,13,12,15,37,31,44,25477,22,21590,17,34,129933,Large,,,,,,
Georgia,Chattooga,646,5.3,1.86,29,21,38,1.27,26,,33,61,30,12,11,14,39,31,48,5477,21,4540,18,40,25222,Small,,,,,,
Georgia,Richmond,4465,5.9,1.35,32,25,39,1.6,,7,41,18,18,15,13,17,44,39,50,42202,21,32320,16,46,205414,Large,,,,,,
Georgia,Carroll,2348,6.2,1.09,18,12,24,-0.13,18,,29,35,15,11,10,13,37,31,44,21519,19,17750,15,38,127098,Large,,,,,,
Georgia,Treutlen,197,4.9,2.2,33,21,46,1.76,,,58,,27,14,13,16,43,35,51,1331,19,1350,21,23,6341,Small,,,,,,
Georgia,Randolph,187,5.6,1.6,41,26,56,2.69,,,41,34,,18,16,20,49,40,57,1421,18,1140,18,17,6078,Small,,,,,,
Georgia,Bleckley,272,6,1.26,27,17,37,0.96,,,71,,10,11,10,13,42,34,50,2402,18,2010,16,53,12465,Small,,,,,,
Georgia,Echols,56,6.6,0.75,32,20,44,1.55,,20,,16,9,12,11,14,42,33,50,739,18,500,14,25,3709,Small,,,,,,
Georgia,Jeff Davis,388,5.5,1.69,28,17,38,1.06,,,57,30,38,14,12,16,41,33,50,2716,18,2800,19,31,14906,Small,,,,,,
Georgia,Camden,800,6.3,1.01,14,10,19,-0.58,,,51,12,12,12,10,13,38,31,45,8995,18,8370,15,23,58118,Small,,,,,,
Georgia,Liberty,1045,6.6,0.75,22,14,29,0.33,40,32,20,11,21,14,12,16,46,38,54,10952,17,9210,14,23,69210,Small,,,,,,
Georgia,Crawford,315,6.2,1.09,25,15,34,0.7,,,52,42,6,12,11,14,41,33,50,2077,16,1970,16,67,12277,Small,,,,,,
Georgia,Talbot,163,6.7,0.66,45,33,58,3,,,33,,42,15,13,17,44,36,53,1103,16,840,15,22,5718,Small,,,,,,
Georgia,Clayton,4660,7.2,0.24,27,20,34,0.94,,10,26,24,31,15,13,17,45,40,51,41566,16,35260,12,34,298300,Large,,,,,,
Georgia,Douglas,2121,7.6,-0.1,18,12,24,-0.14,,5,18,18,9,13,11,15,43,36,50,19855,15,15250,11,30,149160,Large,,,,,,
Georgia,Atkinson,211,5.8,1.43,34,22,47,1.89,,,61,50,20,15,13,17,42,34,51,1252,15,1550,19,21,8293,Small,,,,,,
Georgia,Emanuel,617,6,1.26,34,24,45,1.89,,,39,38,31,14,12,15,43,35,51,3324,15,4160,18,23,23119,Small,,,,,,
Georgia,Floyd,2100,6.4,0.92,26,20,33,0.91,,7,60,34,14,12,11,14,40,33,47,14067,15,16260,17,47,100113,Large,,,,,,
Georgia,Newton,1975,7.4,0.07,18,12,25,-0.09,,36,17,29,13,13,11,15,42,35,50,14360,14,13290,12,39,120135,Large,,,,,,
Georgia,Walker,1520,6.6,0.75,20,14,26,0.13,,,34,65,15,11,10,13,42,35,49,9434,14,10920,16,50,69489,Small,,,,,,
Georgia,Paulding,2102,7.9,-0.36,11,7,14,-1.03,,25,10,8,6,10,9,12,39,32,46,19239,14,16830,10,32,183164,Large,,,,,,
Georgia,Whitfield,1685,6.8,0.58,22,18,27,0.39,31,33,45,31,14,13,12,15,37,30,44,13742,13,15720,15,42,103687,Large,,,,,,
Georgia,Ware,962,6.4,0.92,30,18,41,1.29,,,48,72,18,13,11,15,40,32,47,4854,13,6120,17,50,36243,Small,,,,,,
Georgia,Rockdale,1488,7.9,-0.36,19,11,26,-0.03,,29,11,22,11,13,12,15,45,37,52,11367,13,9520,10,27,95987,Small,,,,,,
Georgia,Ben Hill,521,6.2,1.09,35,24,47,2,,,55,25,17,15,13,17,42,34,50,2321,13,3060,18,29,17128,Small,,,,,,
Georgia,Bibb,3708,6.5,0.83,32,25,39,1.6,,25,49,34,16,14,13,16,49,42,55,20315,13,26060,17,51,156512,Large,,,,,,
Georgia,Washington,487,7.1,0.32,30,18,41,1.29,,,16,11,9,14,12,16,43,35,51,2741,13,2760,14,21,19820,Small,,,,,,
Georgia,Baldwin,911,6.8,0.58,29,19,40,1.26,,,28,40,11,14,12,16,40,32,48,5889,13,6610,15,33,43396,Small,,,,,,
Georgia,Colquitt,1019,6.2,1.09,35,29,41,2.02,,69,69,52,13,14,12,16,40,33,48,5797,13,8210,18,42,46167,Small,,,,,,
Georgia,Spalding,1690,6.9,0.49,28,18,37,1.08,,,43,36,20,13,11,15,40,33,48,8108,13,10080,15,40,69946,Small,,,,,,
Georgia,Thomas,970,6.7,0.66,25,17,33,0.73,,,37,17,16,12,11,14,39,32,46,5555,12,7200,16,36,45649,Small,,,,,,
Georgia,Glynn,1727,7.1,0.32,22,15,29,0.37,,31,40,60,7,11,10,13,36,30,43,9843,12,12010,14,54,86172,Small,,,,,,
Georgia,Jones,519,7.4,0.07,18,12,24,-0.15,,,13,,23,12,10,13,40,33,48,3543,12,3690,13,29,28969,Small,,,,,,
Georgia,Henry,3604,8.3,-0.7,16,12,20,-0.37,20,11,17,18,10,12,10,14,39,33,46,25196,12,21220,9,38,254613,Large,,,,,,
Georgia,Polk,989,6.6,0.75,23,16,30,0.5,,,56,58,15,12,10,14,42,34,50,5041,12,7160,17,33,44223,Small,,,,,,
Georgia,Coweta,2141,7.8,-0.27,12,8,16,-0.83,,15,11,22,7,10,9,11,44,37,51,14934,12,16540,11,38,155892,Large,,,,,,
Georgia,Bartow,2113,7.4,0.07,13,8,19,-0.69,,8,27,17,8,11,9,12,38,31,45,11712,12,14230,13,33,115041,Large,,,,,,
Georgia,Stewart,138,6.6,0.75,37,25,50,2.25,,,50,,3,17,15,19,43,35,52,706,12,850,17,3,4674,Small,,,,,,
Georgia,Wilkinson,268,7,0.41,33,22,44,1.73,,,48,91,13,14,12,15,44,35,52,1092,11,1340,15,19,8725,Small,,,,,,
Georgia,Barrow,1388,7.7,-0.19,16,11,20,-0.43,,7,20,11,13,11,10,13,40,33,47,7846,11,10240,12,32,92792,Small,,,,,,
Georgia,Johnson,228,6.7,0.66,32,20,43,1.54,,,36,,20,15,13,17,43,35,51,1103,11,1550,17,37,9282,Small,,,,,,
Georgia,Morgan,373,7.8,-0.27,16,10,22,-0.34,,,4,21,9,10,8,11,36,29,44,1962,11,2310,12,27,21460,Small,,,,,,
Georgia,Walton,1737,7.5,-0.02,14,9,19,-0.63,,,48,21,10,11,10,13,36,29,43,9132,11,12700,13,39,106702,Large,,,,,,
Georgia,Chatham,4854,7.5,-0.02,22,16,28,0.34,1,10,32,23,7,12,10,13,36,31,41,28651,11,38460,13,46,303655,Large,,,,,,
Georgia,Peach,659,7.1,0.32,25,16,35,0.78,,,34,28,18,13,11,15,43,35,51,2920,11,4220,15,44,28805,Small,,,,,,
Georgia,Gordon,1183,7.1,0.32,17,11,22,-0.31,36,10,7,21,13,12,11,14,40,33,48,5782,10,8820,15,56,59757,Small,,,,,,
Georgia,Elbert,524,6.9,0.49,27,16,37,0.92,,,82,26,16,13,11,14,42,35,51,2097,10,3150,16,39,20013,Small,,,,,,
Georgia,Berrien,463,6.3,1.01,28,19,37,1.1,,,27,34,30,12,11,14,39,31,47,2005,10,3440,19,22,18570,Small,,,,,,
Georgia,Muscogee,4082,7,0.41,26,19,32,0.83,25,1,37,20,10,15,14,16,42,39,44,19724,10,32060,16,55,201877,Large,,,,,,
Georgia,Greene,341,7.8,-0.27,26,17,35,0.86,,,18,62,5,11,10,13,39,31,47,1602,10,2300,12,48,20722,Small,,,,,,
Georgia,Houston,2600,7.9,-0.36,18,12,23,-0.15,,20,15,32,5,11,9,12,39,33,45,13983,10,18900,12,26,171974,Large,,,,,,
Georgia,Screven,382,7.3,0.15,32,22,43,1.64,,,57,,23,13,12,15,42,34,51,1423,10,2040,15,23,14174,Small,,,,,,
Georgia,Laurens,1225,6.7,0.66,29,21,38,1.27,,,55,26,11,13,11,15,42,36,48,4704,10,8620,17,43,49941,Small,,,,,,
Georgia,Gwinnett,8891,8.2,-0.61,15,13,18,-0.46,43,12,12,24,6,12,11,14,33,29,38,78183,10,102630,11,35,983526,Large,,,,,,
Georgia,Catoosa,1183,7.4,0.07,15,10,20,-0.52,36,,12,8,13,9,8,11,37,30,44,6175,10,9430,14,36,68910,Small,,,,,,
Georgia,Bryan,639,8,-0.44,9,6,13,-1.19,,,4,24,8,10,9,11,37,30,45,2916,10,5040,11,25,49739,Small,,,,,,
Georgia,Putnam,528,7.2,0.24,25,16,34,0.79,,,30,15,36,12,10,14,42,34,50,2016,10,3390,15,57,23129,Small,,,,,,
Georgia,Jackson,1246,7.9,-0.36,10,6,13,-1.16,,15,21,10,6,11,9,12,42,35,49,5658,9,9140,12,31,88615,Small,,,,,,
Georgia,Lamar,460,7.7,-0.19,20,12,28,0.11,,,19,,7,12,10,13,42,33,49,1670,9,2400,13,41,20401,Small,,,,,,
Georgia,Fulton,13282,8,-0.44,17,13,21,-0.25,8,4,30,21,3,10,9,11,30,26,34,82462,9,123800,12,72,1079105,Large,,,,,,
Georgia,DeKalb,9590,8.1,-0.53,18,14,23,-0.1,33,21,25,28,3,12,11,14,34,29,38,60350,9,85470,11,71,762992,Large,,,,,,
Georgia,Butts,597,7.6,-0.1,20,13,28,0.17,,,31,,13,12,11,14,40,32,49,2022,9,3510,14,22,26887,Small,,,,,,
Georgia,Bulloch,1149,7.2,0.24,23,15,30,0.45,24,,40,18,17,12,11,14,39,33,46,5925,8,12350,16,36,84327,Small,,,,,,
Georgia,Wayne,765,7,0.41,27,18,36,1,,,39,16,23,13,11,15,41,34,49,2517,8,4990,17,31,31373,Small,,,,,,
Georgia,Turner,204,6.8,0.58,37,23,51,2.23,,,38,23,11,15,13,17,44,35,52,744,8,1570,18,58,8909,Small,,,,,,
Georgia,Lowndes,2015,7.3,0.15,23,16,30,0.5,,6,43,36,12,13,11,15,40,34,45,9031,8,18010,15,52,120712,Large,,,,,,
Georgia,Forsyth,1935,8.6,-0.96,5,4,7,-1.69,30,3,5,17,4,8,7,10,31,26,37,14155,8,23610,9,45,272887,Large,,,,,,
Georgia,Cobb,7955,8.5,-0.87,12,9,15,-0.85,42,3,13,22,4,9,8,10,29,25,33,55150,8,77610,10,45,776743,Large,,,,,,
Georgia,Mitchell,502,6.5,0.83,34,21,46,1.79,,,49,58,22,15,13,17,47,39,55,1867,8,4150,19,52,21114,Small,,,,,,
Georgia,Habersham,807,7.3,0.15,17,12,22,-0.26,,41,25,19,14,11,10,13,37,29,44,3386,8,7150,15,56,48757,Small,,,,,,
Georgia,Burke,513,7.6,-0.1,31,19,43,1.48,,,37,20,11,13,12,15,45,37,53,1774,8,3470,14,23,24438,Small,,,,,,
Georgia,Upson,811,6.9,0.49,26,17,36,0.91,,,41,5,24,13,11,15,42,34,50,2044,8,4810,17,44,28263,Small,,,,,,
Georgia,Hall,2780,7.7,-0.19,14,10,18,-0.6,31,6,17,35,8,12,10,13,35,29,42,13252,7,28740,14,43,217267,Large,,,,,,
Georgia,Gilmer,656,7.2,0.24,21,13,29,0.28,62,,,29,18,10,9,11,37,30,44,2003,7,5180,16,,32860,Small,,,,,,
Georgia,Cherokee,2840,8.4,-0.79,7,5,10,-1.44,26,8,7,24,4,10,8,11,35,30,41,15116,7,28950,11,46,286602,Large,,,,,,
Georgia,Wilkes,230,7.6,-0.1,32,20,44,1.64,,,25,68,12,13,12,15,44,35,52,721,7,1420,15,27,9518,Small,,,,,,
Georgia,Lee,513,8.4,-0.79,14,8,19,-0.64,,,12,,7,11,9,12,37,30,44,1926,7,3640,11,20,33872,Small,,,,,,
Georgia,Murray,892,7.4,0.07,20,12,27,0.1,3,,,8,19,11,10,13,38,30,46,2603,7,6230,16,72,41035,Small,,,,,,
Georgia,Seminole,236,7.1,0.32,34,20,48,1.86,,,29,8,6,13,12,15,42,34,51,572,7,1540,17,41,9092,Small,,,,,,
Georgia,Effingham,1049,8.5,-0.87,10,6,14,-1.06,,,19,17,6,10,8,11,39,32,46,3414,7,6970,11,29,71541,Small,,,,,,
Georgia,Tattnall,535,7.2,0.24,31,20,42,1.5,,,26,41,30,14,12,15,46,38,54,1650,6,3980,16,27,24296,Small,,,,,,
Georgia,Calhoun,121,7.3,0.15,40,25,55,2.63,,,46,,15,17,15,19,47,38,55,422,6,900,16,16,5457,Small,,,,,,
Georgia,Haralson,728,7.5,-0.02,23,17,29,0.52,,,7,,28,10,9,11,34,27,41,1777,6,4550,15,51,32038,Small,,,,,,
Georgia,Decatur,679,7.1,0.32,31,19,42,1.42,,,55,55,29,14,12,16,40,32,48,1657,6,4960,17,46,29087,Small,,,,,,
Georgia,McIntosh,328,7.3,0.15,32,21,43,1.59,,,73,,18,13,12,15,42,34,50,850,6,1830,16,19,11501,Small,,,,,,
Georgia,Columbia,1858,8.5,-0.87,8,5,11,-1.35,9,21,15,17,5,11,10,12,36,31,42,7338,6,17060,11,29,165162,Large,,,,,,
Georgia,Fayette,1288,8.9,-1.21,8,5,11,-1.35,,4,11,10,3,10,8,11,31,25,38,6275,6,10670,9,45,123351,Large,,,,,,
Georgia,Tift,865,7.5,-0.02,27,18,37,1.02,28,39,37,39,20,13,12,15,42,35,49,2301,6,6300,15,48,41554,Small,,,,,,
Georgia,Pickens,713,7.5,-0.02,16,11,22,-0.34,,,,55,19,9,8,11,37,29,45,1683,6,5110,15,,35969,Small,,,,,,
Georgia,Stephens,703,7.6,-0.1,22,14,31,0.38,,58,11,4,8,11,10,13,38,30,46,1397,5,4090,15,52,27228,Small,,,,,,
Georgia,Toombs,653,7,0.41,33,23,43,1.76,,,55,24,10,13,11,14,43,35,51,1436,5,4890,18,37,27040,Small,,,,,,
Georgia,Sumter,651,7.4,0.07,45,36,54,3.17,,,48,28,8,15,13,17,44,36,52,1712,5,4730,16,26,28890,Small,,,,,,
Georgia,Clinch,183,6.6,0.75,28,17,40,1.16,,,41,,10,14,13,16,45,37,53,350,5,1340,20,2,6746,Small,,,,,,
Georgia,Wilcox,263,7.5,-0.02,34,21,47,1.85,,,77,2,18,13,12,15,42,33,50,474,5,1410,16,22,8779,Small,,,,,,
Georgia,Brooks,334,7.1,0.32,36,23,48,2.04,,,55,36,26,15,13,17,42,35,50,758,5,2920,18,35,16245,Small,,,,,,
Georgia,Troup,1493,7.7,-0.19,28,21,35,1.1,,2,36,28,19,13,11,14,42,34,49,2874,4,10690,15,41,70742,Small,,,,,,
Georgia,Montgomery,226,7.8,-0.27,29,18,39,1.2,,,47,24,12,14,12,16,43,35,51,367,4,1290,15,43,8761,Small,,,,,,
Georgia,Crisp,583,7.1,0.32,40,26,53,2.55,,,64,,2,14,12,15,45,37,53,820,3,3700,18,22,19631,Small,,,,,,
Georgia,Pierce,490,7.9,-0.36,22,14,30,0.32,,,78,,13,11,10,13,40,32,48,639,3,2890,15,40,20425,Small,,,,,,
Georgia,Oconee,415,9,-1.3,7,4,9,-1.55,,9,3,17,6,8,7,10,33,26,40,1116,3,4040,10,57,44182,Small,,,,,,
Georgia,Wheeler,125,7.4,0.07,37,24,49,2.17,,,37,6,21,16,14,18,48,40,56,235,3,1310,17,7,7081,Small,,,,,,
Georgia,Charlton,283,7.7,-0.19,29,19,40,1.28,,,61,9,39,14,12,16,42,34,51,385,3,1990,16,39,12934,Small,,,,,,
Georgia,Coffee,953,7.6,-0.1,30,21,40,1.39,,,36,30,19,14,12,16,41,34,49,1196,3,7060,16,25,43317,Small,,,,,,
Georgia,Irwin,215,7.8,-0.27,30,19,41,1.34,,,39,,34,13,11,15,40,32,49,269,3,1490,16,59,9120,Small,,,,,,
Georgia,Terrell,252,7.2,0.24,41,26,56,2.7,,,71,32,7,16,14,18,47,39,56,249,3,1630,18,34,8718,Small,,,,,,
Georgia,Brantley,495,7.6,-0.1,26,17,35,0.84,,,,,,11,10,13,39,31,48,488,3,3020,17,56,18401,Small,,,,,,
Georgia,Early,303,8,-0.44,38,25,51,2.38,,,43,,19,14,12,16,45,37,54,287,3,1610,15,31,10563,Small,,,,,,
Georgia,Oglethorpe,294,8.5,-0.87,20,12,27,0.08,,,40,17,13,11,10,13,36,28,44,373,3,1900,13,18,15754,Small,,,,,,
Georgia,Taylor,203,6.9,0.49,39,28,51,2.49,,,62,,26,15,13,17,43,34,51,195,2,1550,20,20,7758,Small,,,,,,
Georgia,Lincoln,174,7.9,-0.36,23,14,32,0.52,,,30,,28,12,10,13,38,29,46,151,2,1210,16,20,7879,Small,,,,,,
Georgia,Union,498,8.1,-0.53,19,12,26,-0.04,,,,55,16,10,9,12,37,30,45,359,2,3710,15,,27124,Small,,,,,,
Georgia,Pulaski,232,8,-0.44,32,22,42,1.59,,,22,,28,13,11,15,44,36,52,194,2,1510,15,47,10095,Small,,,,,,
Georgia,Madison,604,7.5,-0.02,17,11,23,-0.25,,94,39,21,21,12,10,13,39,32,47,423,2,5380,18,38,32191,Small,,,,,,
Georgia,Monroe,580,8.4,-0.79,16,10,21,-0.42,,,28,27,10,11,10,13,38,31,45,378,1,3750,13,26,30625,Small,,,,,,
Georgia,Quitman,,8.1,-0.53,41,25,56,2.67,,,61,,6,14,13,16,44,36,53,35,1,320,15,,2280,Small,,,,,,
Georgia,Grady,523,7.8,-0.27,28,19,38,1.13,,,34,51,23,13,12,15,42,34,50,345,1,4200,16,25,26066,Small,,,,,,
Georgia,Bacon,307,7.3,0.15,31,20,42,1.49,,,11,63,21,13,11,15,41,33,50,145,1,2080,19,41,11124,Small,,,,,,
Georgia,Warren,140,8,-0.44,39,25,54,2.52,,,40,,4,14,13,16,45,36,53,72,1,790,15,16,5106,Small,,,,,,
Georgia,Meriwether,569,7.5,-0.02,28,17,39,1.1,,,35,,23,13,12,15,41,33,49,268,1,3600,17,21,20931,Small,,,,,,
Georgia,Jasper,326,8.4,-0.79,21,13,29,0.27,,,19,5,11,12,10,13,40,31,49,158,1,2020,14,37,16455,Small,,,,,,
Georgia,Heard,288,7.4,0.07,24,16,33,0.63,,,34,10,26,11,10,13,41,33,50,132,1,2060,18,27,12034,Small,,,,,,
Georgia,Clay,86,7.6,-0.1,39,23,55,2.47,,,40,,6,14,12,16,45,36,54,35,1,490,17,,2853,Small,,,,,,
Georgia,Webster,,7.6,-0.1,35,23,47,1.97,,,40,,33,15,13,17,44,35,52,31,1,400,17,7,2337,Small,,,,,,
Georgia,Worth,475,7.9,-0.36,31,21,42,1.52,,,56,,16,12,11,14,39,31,47,225,1,3330,16,32,20273,Small,,,,,,
Georgia,Banks,378,8,-0.44,17,11,23,-0.3,,,,11,17,11,9,13,37,29,45,160,1,2830,15,61,19789,Small,,,,,,
Georgia,Cook,369,7.7,-0.19,29,17,41,1.23,,,42,14,9,13,12,15,41,33,48,134,1,2940,17,28,17714,Small,,,,,,
Georgia,Jenkins,211,7.3,0.15,36,22,50,2.12,,,32,,2,16,14,18,45,36,53,48,1,1640,19,2,8627,Small,,,,,,
Georgia,Fannin,629,8,-0.44,23,15,31,0.52,,,,,,11,9,12,39,31,47,99,0,3960,16,85,25955,Small,,,,,,
Georgia,Candler,363,7.8,-0.27,31,21,42,1.53,94,,25,33,22,14,12,16,44,36,53,43,0,1820,17,23,11059,Small,,,,,,
Georgia,Harris,527,9,-1.3,11,7,15,-1.03,,,16,2,6,10,9,12,33,26,40,107,0,3880,11,25,36654,Small,,,,,,
Georgia,Jefferson,461,8.3,-0.7,33,21,44,1.69,,,39,,12,16,14,18,44,36,53,55,0,2230,14,29,15183,Small,,,,,,
Georgia,Schley,92,8,-0.44,22,13,30,0.33,,,44,,4,12,10,13,38,31,46,14,0,730,16,42,4526,Small,,,,,,
Georgia,Long,277,7.9,-0.36,21,14,28,0.23,,,31,39,4,13,11,14,41,34,49,38,0,2750,16,14,19594,Small,,,,,,
Georgia,Dawson,465,8.7,-1.04,12,7,16,-0.92,,,,,,9,8,10,35,28,42,58,0,3490,13,61,31732,Small,,,,,,
Georgia,Lumpkin,546,8.6,-0.96,18,13,23,-0.13,,,,12,16,10,9,12,35,28,43,77,0,4380,13,66,35258,Small,,,,,,
Georgia,Lanier,195,6.9,0.49,27,16,38,0.97,,,67,,25,15,13,16,41,33,50,24,0,2090,21,29,10452,Small,,,,,,
Georgia,Macon,306,7.7,-0.19,42,29,55,2.83,,,41,47,11,18,16,20,48,40,57,33,0,2050,17,4,11817,Small,,,,,,
Georgia,McDuffie,514,8.5,-0.87,30,19,41,1.34,,,55,41,13,13,11,15,44,36,51,37,0,2950,14,33,21799,Small,,,,,,
Georgia,Dodge,538,7.5,-0.02,30,19,40,1.33,,,38,19,15,13,11,14,45,37,52,34,0,3610,18,14,19776,Small,,,,,,
Georgia,Miller,201,7.6,-0.1,31,19,42,1.47,,,70,19,18,13,12,15,42,33,50,8,0,1040,18,43,5747,Small,,,,,,
Georgia,Rabun,364,7.9,-0.36,22,15,30,0.41,,,,27,26,10,9,12,37,29,45,14,0,2780,16,64,17442,Small,,,,,,
Georgia,Twiggs,244,8.4,-0.79,31,19,43,1.47,,,21,,7,13,11,15,42,34,51,3,0,1120,14,48,7691,Small,,,,,,
Georgia,Towns,265,7.8,-0.27,19,11,26,-0.06,,,,8,20,10,8,11,37,29,45,1,0,2090,17,,13035,Small,,,,,,
Georgia,Pike,383,9,-1.3,12,8,17,-0.82,,,16,,8,10,8,11,34,27,42,1,0,2190,11,19,20461,Small,,,,,,
Georgia,Marion,211,8.4,-0.79,40,29,51,2.6,,,39,16,22,13,12,15,40,32,48,0,0,1060,14,58,7440,Small,,,,,,
Georgia,Evans,244,7.9,-0.36,35,22,47,1.92,,,41,41,13,14,12,16,45,37,54,0,0,1770,16,31,10754,Small,,,,,,
Georgia,Dade,358,,0.2,16,11,22,-0.32,,,,,,9,8,11,36,29,43,,,2110,13,65,16165,Small,,,,,,
Georgia,Franklin,560,,0.2,24,16,32,0.59,,,52,58,28,11,10,13,37,29,45,,,3970,17,50,24782,Small,,,,,,
Georgia,Hart,546,,0.2,21,13,29,0.26,,26,15,,11,11,10,13,36,28,44,,,3610,14,38,27556,Small,,,,,,
Georgia,White,574,,0.2,15,9,22,-0.45,,,,69,16,9,8,11,36,28,44,,,4170,15,71,29026,Small,,,,,,
Hawaii,Hawaii,2998,7.5,-0.02,21,15,26,0.2,,19,,29,10,9,8,11,26,22,31,14978,8,29030,14,62,207615,Large,,,,,,
Hawaii,Kauai,794,8.1,-0.53,12,7,17,-0.88,,16,,5,12,10,9,11,23,19,27,4957,7,8920,12,60,73851,Small,,,,,,
Hawaii,Maui,1964,8.3,-0.7,12,7,16,-0.93,,10,20,15,12,10,9,11,24,20,28,8918,6,19990,12,69,164183,Large,,,,,,
Hawaii,Honolulu,10419,8.3,-0.7,10,8,12,-1.11,17,14,6,11,7,11,10,13,26,22,30,44030,5,124550,12,52,989408,Large,,,,,,
Hawaii,Kalawao,,,,,,,,,,,,,10,9,11,29,25,34,,,10,15,,81,Small,,,,,,
Idaho,Clark,,3.7,,24,15,33,,,,,31,14,12,10,13,36,28,44,498,51,90,12,,801,Small,,,,,,
Idaho,Camas,,4.6,,11,6,15,,,,,,,8,7,10,33,25,41,497,44,120,10,,1232,Small,,,,,,
Idaho,Lincoln,56,4.6,2.46,16,10,22,-0.41,,,,7,11,11,9,12,37,29,45,2176,42,610,12,,5450,Small,,,,,,
Idaho,Minidoka,277,6.9,0.49,13,8,19,-0.69,,,,36,8,11,10,13,35,28,42,3541,18,2750,13,,22480,Small,,,,,,
Idaho,Lewis,92,6.2,1.09,16,9,23,-0.35,,,,66,14,10,9,12,36,29,44,622,16,600,16,,3739,Small,,,,,,
Idaho,Fremont,164,7.4,0.07,15,9,21,-0.47,,,,38,10,10,8,11,34,27,41,1954,15,1600,12,,14196,Small,,,,,,
Idaho,Elmore,362,7.2,0.24,15,9,20,-0.53,53,9,,19,8,10,9,12,37,30,44,3825,14,3740,13,46,29724,Small,,,,,,
Idaho,Boise,142,7.7,-0.19,16,9,22,-0.43,,,,2,18,9,7,10,31,25,38,973,14,830,11,,8517,Small,,,,,,
Idaho,Madison,240,7.4,0.07,12,7,16,-0.93,,9,,36,12,11,9,12,37,30,43,4466,12,6750,13,65,54547,Small,,,,,,
Idaho,Jerome,304,7.6,-0.1,14,9,20,-0.6,,,,19,17,11,10,13,40,33,48,2642,12,3020,12,,25479,Small,,,,,,
Idaho,Lemhi,155,7.5,-0.02,17,10,24,-0.25,,,,,,9,8,10,33,26,40,934,12,1020,13,,8441,Small,,,,,,
Idaho,Bannock,1313,7.6,-0.1,12,7,17,-0.84,43,,27,18,13,10,8,11,37,32,42,9615,12,10820,12,69,90400,Small,,,,,,
Idaho,Bingham,747,7.8,-0.27,13,9,18,-0.69,33,,,15,11,10,8,11,41,35,48,5258,12,5540,12,,50395,Small,,,,,,
Idaho,Bonneville,1502,7.9,-0.36,12,9,15,-0.87,34,6,15,16,11,9,8,11,35,30,40,11887,11,13530,11,67,131366,Large,,,,,,
Idaho,Jefferson,348,8.4,-0.79,9,5,12,-1.25,,,,26,9,10,8,11,37,31,44,2773,11,2930,9,,34198,Small,,,,,,
Idaho,Owyhee,213,7.5,-0.02,16,9,23,-0.39,28,,,35,10,11,9,12,35,27,42,1197,10,1600,13,,12722,Small,,,,,,
Idaho,Gem,345,7.7,-0.19,13,8,18,-0.74,,,,32,8,9,8,10,31,25,38,1626,10,2450,13,,21071,Small,,,,,,
Idaho,Benewah,206,7.2,0.24,17,10,24,-0.21,39,,,16,17,10,8,11,34,27,42,858,9,1470,15,,10369,Small,,,,,,
Idaho,Cassia,299,8.1,-0.53,13,8,18,-0.71,,,,18,10,10,9,11,39,32,46,2056,9,2830,11,,25696,Small,,,,,,
Idaho,Adams,,7.4,0.07,20,12,28,0.08,,,,,,9,8,11,32,25,39,342,9,650,15,,4903,Small,,,,,,
Idaho,Custer,,7.5,-0.02,19,11,26,-0.06,,,,,,9,8,10,33,26,40,362,8,630,14,,4523,Small,,,,,,
Idaho,Idaho,302,7.9,-0.36,17,10,24,-0.26,,,,17,11,10,8,11,33,26,39,1339,8,2110,13,,17890,Small,,,,,,
Idaho,Butte,67,7.1,0.32,21,13,30,0.28,,,,,,11,9,12,36,28,44,221,8,430,16,,2758,Small,,,,,,
Idaho,Valley,149,8,-0.44,10,6,14,-1.1,,,,,,10,8,11,34,26,41,744,8,1480,13,,12644,Small,,,,,,
Idaho,Canyon,2903,8.2,-0.61,12,9,15,-0.84,18,32,10,19,8,10,9,11,38,33,42,14042,7,26680,11,73,257674,Large,,,,,,
Idaho,Kootenai,2228,8.3,-0.7,11,7,14,-1.02,16,6,,13,11,8,7,9,34,30,39,10103,7,19550,11,88,185010,Large,,,,,,
Idaho,Payette,367,8.1,-0.53,14,9,20,-0.58,,,,6,12,11,9,12,37,31,44,1638,7,3150,12,,27279,Small,,,,,,
Idaho,Nez Perce,724,7.9,-0.36,13,8,18,-0.74,34,,,12,16,9,8,11,36,31,41,2842,7,5490,13,,42987,Small,,,,,,
Idaho,Washington,192,7.4,0.07,17,10,24,-0.25,,,,32,16,10,9,12,39,31,46,678,7,1650,16,,11425,Small,,,,,,
Idaho,Ada,4958,8.7,-1.04,8,6,9,-1.42,29,12,19,13,9,8,7,9,29,25,32,24478,6,48120,10,70,524673,Large,,,,,,
Idaho,Bear Lake,87,8.4,-0.79,12,7,17,-0.85,,,,58,10,9,8,10,34,26,41,363,6,730,11,,6766,Small,,,,,,
Idaho,Power,94,8.4,-0.79,15,9,22,-0.47,,,,,,11,9,12,38,30,46,459,6,910,12,,8253,Small,,,,,,
Idaho,Oneida,,8.4,-0.79,13,7,18,-0.81,,,,,,9,7,10,32,25,40,227,5,530,12,,4953,Small,,,,,,
Idaho,Twin Falls,1255,8.4,-0.79,13,8,17,-0.78,,,50,19,11,9,8,11,37,32,42,3641,5,10840,12,77,95156,Small,,,,,,
Idaho,Latah,358,8.5,-0.87,9,5,13,-1.23,,13,,18,7,9,8,10,29,24,35,1716,5,4600,12,53,41301,Small,,,,,,
Idaho,Shoshone,308,7.4,0.07,20,12,27,0.08,21,,82,50,18,11,10,13,35,28,42,528,4,2220,17,,14026,Small,,,,,,
Idaho,Boundary,201,7.8,-0.27,17,10,24,-0.29,90,,,33,22,9,8,11,31,25,38,399,4,1860,15,,13557,Small,,,,,,
Idaho,Clearwater,188,8,-0.44,19,12,26,0.01,,,,26,16,9,8,11,33,26,40,302,3,1250,14,,9214,Small,,,,,,
Idaho,Bonner,742,8.4,-0.79,14,9,20,-0.57,,,,14,18,8,7,10,27,22,33,1196,3,6080,13,,52547,Small,,,,,,
Idaho,Blaine,210,9.2,-1.47,8,5,10,-1.42,,,,12,14,8,7,9,26,20,32,605,3,2250,9,,25041,Small,,,,,,
Idaho,Teton,102,9.3,-1.55,10,6,13,-1.18,,,,21,1,8,7,10,29,22,36,227,2,1040,9,,12549,Small,,,,,,
Idaho,Caribou,98,9.3,-1.55,12,7,17,-0.87,,,,,,9,7,10,33,26,40,96,1,660,9,,7219,Small,,,,,,
Idaho,Franklin,160,9,-1.3,9,5,13,-1.2,,,,33,5,9,8,11,33,27,41,167,1,1520,11,,15494,Small,,,,,,
Idaho,Gooding,228,8.6,-0.96,17,12,23,-0.24,6,,,34,14,11,9,12,37,30,45,47,0,2010,13,,16061,Small,,,,,,
Illinois,Gallatin,124,4.7,2.37,24,16,33,0.65,,,,,,11,10,12,38,34,43,1669,30,850,17,,4670,Small,,,,,,
Illinois,Alexander,167,4.9,2.2,39,24,54,2.44,,,18,,34,14,12,16,43,34,52,2329,28,870,17,56,4695,Small,,,,,,
Illinois,Scott,84,6.7,0.66,17,11,23,-0.25,,,,,,9,8,10,35,30,40,1061,20,610,13,,4710,Small,,,,,,
Illinois,Stark,104,6.6,0.75,16,10,22,-0.32,,,,46,14,10,8,11,38,29,47,1180,20,710,13,,5218,Small,,,,,,
Illinois,Fayette,336,6.5,0.83,21,15,27,0.24,,,,30,27,11,9,12,37,29,47,4078,18,3050,14,83,21164,Small,,,,,,
Illinois,Pulaski,150,5.8,1.43,35,23,48,2.02,,,56,,26,14,12,15,43,34,51,992,16,950,18,27,4911,Small,,,,,,
Illinois,Jackson,889,6.4,0.92,23,14,31,0.47,,5,62,30,15,12,10,14,39,31,48,9114,15,8520,16,52,52141,Small,,,,,,
Illinois,DeKalb,1173,7.2,0.24,13,9,17,-0.74,32,18,58,24,11,10,9,12,36,28,44,15338,15,12680,13,61,100288,Large,,,,,,
Illinois,Hancock,302,7.1,0.32,18,13,23,-0.13,,,,10,17,9,8,11,35,28,43,2697,14,2390,14,,17186,Small,,,,,,
Illinois,Edgar,358,7.1,0.32,18,11,24,-0.14,,,,,,10,9,12,37,29,46,2586,14,2250,13,,16334,Small,,,,,,
Illinois,Morgan,586,7.2,0.24,17,11,24,-0.2,,,20,,9,10,9,12,37,30,46,4749,13,4440,14,47,32140,Small,,,,,,
Illinois,Mason,275,7,0.41,22,15,29,0.36,,,,4,18,10,8,11,35,27,44,1942,13,1840,14,,12523,Small,,,,,,
Illinois,Peoria,2999,7.3,0.15,22,17,27,0.38,40,4,40,29,9,11,9,12,36,29,43,24599,13,23730,13,60,177513,Large,,,,,,
Illinois,St. Clair,4670,7.6,-0.1,17,12,23,-0.21,51,4,38,21,8,11,9,13,38,31,45,35090,13,30020,12,53,251018,Large,,,,,,
Illinois,Madison,4675,7.5,-0.02,13,9,17,-0.69,,2,45,20,8,9,8,11,36,29,43,34650,13,31840,12,58,262752,Large,,,,,,
Illinois,Williamson,1204,7.2,0.24,22,16,27,0.36,,8,47,29,19,10,9,12,38,30,47,8171,12,9400,14,48,66706,Small,,,,,,
Illinois,Iroquois,548,7.5,-0.02,16,11,21,-0.36,,,,6,17,10,9,12,38,30,47,3186,11,3530,13,62,26136,Small,,,,,,
Illinois,Pope,,7,0.41,26,16,37,0.91,,,,,,10,9,12,38,29,47,479,11,590,16,,3707,Small,,,,,,
Illinois,Coles,788,6.9,0.49,19,13,24,-0.05,,,87,32,16,11,9,12,39,31,47,5608,10,7570,16,57,46060,Small,,,,,,
Illinois,Brown,73,7.9,-0.36,12,8,16,-0.89,,,,,,12,10,14,41,32,50,718,10,730,12,,6294,Small,,,,,,
Illinois,Marion,838,7.1,0.32,21,13,28,0.2,,,33,56,19,11,9,13,39,30,47,4026,10,5670,15,65,36673,Small,,,,,,
Illinois,Pike,306,7.4,0.07,21,15,27,0.24,,,,54,21,10,9,12,37,29,46,1655,10,2050,14,,14342,Small,,,,,,
Illinois,McDonough,403,7.3,0.15,21,13,29,0.27,,,39,19,16,11,10,13,39,31,48,3204,10,4030,15,41,26839,Small,,,,,,
Illinois,Bureau,541,7.6,-0.1,15,10,21,-0.45,,,,20,15,11,9,13,38,30,47,3426,10,4340,13,,32729,Small,,,,,,
Illinois,Clark,288,8,-0.44,16,10,22,-0.39,,,13,,11,9,8,11,35,27,43,1596,10,1760,11,,15088,Small,,,,,,
Illinois,Jefferson,728,7.4,0.07,21,15,28,0.26,,,63,26,19,11,9,12,39,30,48,3761,10,5260,14,60,36320,Small,,,,,,
Illinois,Tazewell,2092,8.1,-0.53,10,7,14,-1.08,,1,78,2,10,9,8,11,35,28,43,12558,9,14530,11,68,129541,Large,,,,,,
Illinois,Perry,353,7.1,0.32,24,18,30,0.66,,,,74,29,12,10,14,40,31,48,2063,9,3300,16,51,20503,Small,,,,,,
Illinois,Henry,778,8.1,-0.53,13,8,17,-0.78,,,6,10,9,9,8,10,35,27,43,4626,9,5620,11,69,48448,Small,,,,,,
Illinois,Bond,267,7.4,0.07,15,9,20,-0.52,,,,9,13,11,10,13,38,30,46,1606,9,2400,14,59,16450,Small,,,,,,
Illinois,McLean,1907,8.2,-0.61,9,6,12,-1.24,,1,39,12,6,10,9,12,35,28,43,14890,9,18640,11,41,170441,Large,,,,,,
Illinois,Knox,951,7.4,0.07,21,14,28,0.27,,,55,36,10,11,10,13,39,31,48,4610,9,7300,15,58,48411,Small,,,,,,
Illinois,Vermilion,1696,7.5,-0.02,29,22,35,1.2,,,49,17,18,11,10,13,41,33,50,6919,8,10630,14,63,71652,Small,,,,,,
Illinois,Macon,2050,7.6,-0.1,23,16,29,0.44,,21,34,17,10,11,9,12,37,30,45,9390,8,14140,14,54,100591,Large,,,,,,
Illinois,Wayne,304,7.6,-0.1,18,11,24,-0.14,,,,33,18,10,9,12,37,29,46,1408,8,2240,14,,15761,Small,,,,,,
Illinois,Franklin,865,7,0.41,23,15,31,0.49,,,14,41,22,11,10,13,40,31,49,3178,8,6290,17,67,37138,Small,,,,,,
Illinois,Lawrence,277,7.5,-0.02,21,14,28,0.23,,,66,,18,12,10,13,38,30,46,1328,8,2230,15,64,14813,Small,,,,,,
Illinois,Ford,236,7.8,-0.27,15,9,20,-0.53,,,,7,13,10,8,11,38,30,47,1094,8,1750,13,,13250,Small,,,,,,
Illinois,Edwards,125,7.5,-0.02,16,10,21,-0.42,,,,,,10,8,11,37,29,46,514,8,890,14,,5968,Small,,,,,,
Illinois,LaSalle,1867,7.8,-0.27,16,11,21,-0.39,,8,32,30,19,10,9,12,37,29,45,8569,8,14710,13,64,108309,Large,,,,,,
Illinois,Mercer,241,8.3,-0.7,14,9,18,-0.68,,,,11,10,10,8,11,37,29,46,1234,8,1750,11,,15487,Small,,,,,,
Illinois,Boone,666,8.1,-0.53,16,12,20,-0.4,,,,22,11,11,9,12,40,31,48,4032,7,6530,12,67,53202,Small,,,,,,
Illinois,Will,7747,8.8,-1.13,9,7,11,-1.2,20,4,24,15,4,10,9,11,37,31,43,49798,7,61000,9,53,700728,Large,,,,,,
Illinois,Winnebago,5155,7.6,-0.1,20,16,25,0.16,29,9,55,26,12,12,10,13,39,31,46,21479,7,41200,15,56,280922,Large,,,,,,
Illinois,Logan,455,8,-0.44,17,12,22,-0.24,,,88,29,15,10,9,12,39,30,48,2189,7,3560,13,74,27590,Small,,,,,,
Illinois,Livingston,641,8.2,-0.61,14,9,19,-0.64,,,75,21,11,10,9,12,38,30,47,2530,6,4360,12,37,35320,Small,,,,,,
Illinois,Montgomery,547,7.7,-0.19,18,12,24,-0.1,,,,45,13,10,9,12,36,28,45,1950,6,4030,14,,27663,Small,,,,,,
Illinois,Saline,562,7.1,0.32,24,16,33,0.65,,,5,38,18,11,9,13,40,31,48,1609,6,4010,17,63,22873,Small,,,,,,
Illinois,McHenry,3369,8.8,-1.13,8,6,10,-1.41,8,7,7,15,5,9,8,11,34,28,41,19795,6,28660,9,59,312800,Large,,,,,,
Illinois,Whiteside,1001,8.1,-0.53,16,10,21,-0.41,,,37,29,13,10,8,11,35,28,43,3662,6,7010,13,61,54498,Small,,,,,,
Illinois,Schuyler,138,7.3,0.15,14,9,20,-0.6,,,,,,11,9,12,39,32,49,470,6,1110,16,,6733,Small,,,,,,
Illinois,Hardin,105,7.4,0.07,29,17,40,1.21,,,,,,11,9,12,38,29,47,268,6,570,16,,3569,Small,,,,,,
Illinois,Kendall,1015,9.2,-1.47,7,5,8,-1.55,,7,17,10,4,9,8,11,36,28,46,7040,6,10130,8,30,139976,Large,,,,,,
Illinois,Kankakee,1955,7.9,-0.36,16,10,21,-0.4,,,41,25,10,11,10,13,40,32,49,6884,6,14350,13,60,105940,Large,,,,,,
Illinois,Rock Island,2323,8,-0.44,21,16,26,0.24,76,44,47,27,14,11,9,12,37,30,45,8831,6,18910,13,45,141236,Large,,,,,,
Illinois,Shelby,353,8.2,-0.61,13,8,18,-0.73,,,,2,12,10,8,12,37,29,46,1335,6,2610,12,,20568,Small,,,,,,
Illinois,Sangamon,3094,8.3,-0.7,17,12,22,-0.29,,0,52,19,9,10,8,11,38,31,46,11764,6,23470,12,57,193491,Large,,,,,,
Illinois,Lake,6876,8.7,-1.04,11,8,13,-1.05,24,4,32,20,3,11,9,12,32,27,37,41871,6,70730,10,60,708760,Large,,,,,,
Illinois,Lee,576,8,-0.44,14,9,19,-0.63,,,48,7,14,11,9,13,38,29,46,2106,6,4560,13,47,33654,Small,,,,,,
Illinois,Clay,237,7.6,-0.1,19,12,26,0.01,,,,,,11,9,12,38,30,47,775,6,2010,15,,12999,Small,,,,,,
Illinois,Grundy,711,8.8,-1.13,9,6,11,-1.29,,,10,13,7,9,8,11,35,28,43,2769,6,5160,10,38,53578,Small,,,,,,
Illinois,Calhoun,83,8.3,-0.7,14,8,19,-0.64,,,,,,9,8,10,35,27,43,268,5,540,12,,4317,Small,,,,,,
Illinois,Monroe,395,9.2,-1.47,5,3,6,-1.79,,,,43,3,8,7,9,33,25,41,1629,5,2920,8,,34957,Small,,,,,,
Illinois,Champaign,2106,8.2,-0.61,14,9,20,-0.57,,6,25,18,6,11,9,12,36,29,43,9680,5,26200,13,53,205644,Large,,,,,,
Illinois,Woodford,462,8.9,-1.21,8,5,10,-1.41,,,,20,8,9,8,11,34,27,43,1812,5,3760,10,54,38285,Small,,,,,,
Illinois,Effingham,463,8.5,-0.87,12,8,16,-0.88,,,85,13,15,9,8,10,36,27,44,1588,5,3990,12,85,34331,Small,,,,,,
Illinois,Fulton,648,8.1,-0.53,17,11,22,-0.27,,,,54,16,11,9,13,39,31,48,1677,5,4430,13,,32541,Small,,,,,,
Illinois,Randolph,556,8.1,-0.53,15,10,20,-0.51,,,36,24,14,11,9,12,38,29,47,1505,4,4040,13,82,29815,Small,,,,,,
Illinois,Carroll,278,8.3,-0.7,17,10,23,-0.31,,,,10,22,10,9,12,36,28,45,690,4,1930,12,,15526,Small,,,,,,
Illinois,Marshall,196,8.2,-0.61,16,11,21,-0.4,,,,15,18,10,9,12,37,29,46,549,4,1520,13,,11683,Small,,,,,,
Illinois,Macoupin,878,8.1,-0.53,17,12,22,-0.25,,,18,4,19,10,9,12,38,29,48,2010,4,6070,14,69,44018,Small,,,,,,
Illinois,Jasper,149,8.5,-0.87,13,7,18,-0.81,,,,,,9,8,10,35,27,44,400,4,1090,12,,9144,Small,,,,,,
Illinois,Ogle,727,8.5,-0.87,12,8,16,-0.87,,,42,19,11,10,9,12,36,28,44,2157,4,6210,12,66,51265,Small,,,,,,
Illinois,Jersey,420,8.7,-1.04,14,9,19,-0.6,,,,,,9,8,11,38,30,46,908,4,2310,11,,21091,Small,,,,,,
Illinois,Jo Daviess,324,8.7,-1.04,11,7,15,-0.98,,,,29,7,9,8,11,34,27,43,860,4,2440,11,51,21756,Small,,,,,,
Illinois,Clinton,443,8.9,-1.21,9,5,12,-1.26,,,,10,8,9,8,11,35,28,44,1413,4,3760,10,59,36785,Small,,,,,,
Illinois,Douglas,263,8.7,-1.04,12,8,16,-0.89,,,,13,9,10,9,12,37,28,45,740,4,2170,11,58,19629,Small,,,,,,
Illinois,Washington,221,8.9,-1.21,11,7,14,-1.05,,,,,,9,8,10,36,28,45,527,4,1400,10,,13536,Small,,,,,,
Illinois,Kane,5304,8.9,-1.21,12,9,14,-0.9,31,5,23,20,4,10,9,12,37,32,44,18047,4,52690,10,53,514982,Large,,,,,,
Illinois,Cass,184,8.3,-0.7,17,10,23,-0.29,,,15,7,14,11,10,12,39,34,43,465,3,1670,13,64,12596,Small,,,,,,
Illinois,Massac,307,8,-0.44,31,23,38,1.43,,,44,57,18,11,9,13,38,30,46,524,3,2020,14,30,13661,Small,,,,,,
Illinois,Hamilton,147,8.1,-0.53,17,11,23,-0.25,,,,,,10,9,12,38,30,47,286,3,1130,14,,7911,Small,,,,,,
Illinois,Wabash,209,8.1,-0.53,18,12,24,-0.16,,,,,,11,9,12,38,29,46,397,3,1590,14,,10942,Small,,,,,,
Illinois,DuPage,8006,9.2,-1.47,7,5,8,-1.53,6,6,22,12,4,9,8,11,29,24,35,29464,3,83520,9,49,921213,Large,,,,,,
Illinois,Adams,1082,8.4,-0.79,14,9,19,-0.61,,,40,53,12,10,8,11,40,31,48,2149,3,8430,13,44,64441,Small,,,,,,
Illinois,Union,367,7.5,-0.02,20,12,27,0.06,,,,63,22,10,9,12,38,30,46,517,3,2860,17,,16667,Small,,,,,,
Illinois,Warren,274,8.3,-0.7,16,10,22,-0.32,,,,47,17,11,9,13,38,29,47,504,3,2250,13,51,16185,Small,,,,,,
Illinois,Richland,324,8.2,-0.61,17,11,24,-0.24,,,,,,10,8,12,37,29,47,441,3,2180,14,,15488,Small,,,,,,
Illinois,Johnson,226,8.2,-0.61,17,11,22,-0.31,,,,,,11,9,13,37,29,45,330,3,1870,14,55,13326,Small,,,,,,
Illinois,Crawford,296,8.7,-1.04,17,11,23,-0.26,,,,,,10,9,12,37,29,46,480,2,2220,12,,18300,Small,,,,,,
Illinois,White,311,7.9,-0.36,19,13,26,0.05,,,,23,19,11,9,13,38,30,47,341,2,2100,15,,13401,Small,,,,,,
Illinois,De Witt,298,8.7,-1.04,16,10,22,-0.39,,,,29,15,10,8,11,37,28,46,357,2,1820,12,,15365,Small,,,,,,
Illinois,Menard,178,8.8,-1.13,13,9,18,-0.69,,,,,,9,8,11,35,27,44,272,2,1370,11,,11954,Small,,,,,,
Illinois,Christian,574,8.4,-0.79,16,10,22,-0.35,,,41,25,8,10,9,12,36,28,45,677,2,4460,13,61,33228,Small,,,,,,
Illinois,Cook,71809,8.7,-1.04,17,16,19,-0.22,15,15,34,19,7,11,10,12,33,29,37,91773,2,634280,12,77,5087072,Large,,,,,,
Illinois,Stephenson,770,8.4,-0.79,18,11,24,-0.19,,,49,27,8,11,9,12,42,34,51,809,2,5930,13,55,43105,Small,,,,,,
Illinois,Piatt,207,9.2,-1.47,8,5,11,-1.36,,,,,,9,7,10,34,26,42,267,2,1640,10,48,16714,Small,,,,,,
Illinois,Greene,259,8.4,-0.79,18,12,25,-0.08,,,,25,20,10,9,12,38,29,46,88,1,1680,14,,11543,Small,,,,,,
Illinois,Moultrie,242,9.1,-1.38,13,9,18,-0.71,,,,62,10,9,8,11,36,27,44,91,1,1580,11,,14342,Small,,,,,,
Illinois,Henderson,115,8.9,-1.21,15,9,21,-0.46,,,,,,10,8,11,37,29,46,36,0,750,12,,6088,Small,,,,,,
Illinois,Cumberland,156,9,-1.3,13,8,18,-0.77,,,,,,9,8,11,37,29,46,16,0,1200,12,,10261,Small,,,,,,
Illinois,Putnam,89,8.9,-1.21,13,8,17,-0.78,,,,1,19,9,8,11,35,27,44,3,0,680,12,,5561,Small,,,,,,
Indiana,Vigo,2055,5.7,1.52,21,15,27,0.26,,39,28,26,25,12,10,14,41,35,47,21560,20,17880,17,53,106153,Large,,,,,,
Indiana,Tippecanoe,1993,6.5,0.83,13,9,17,-0.78,,2,43,20,13,12,10,13,35,30,40,30127,17,27130,15,36,188792,Large,,,,,,
Indiana,Wayne,1486,6.2,1.09,23,16,29,0.48,36,54,34,35,21,12,10,13,39,33,46,11461,17,10750,16,54,66127,Small,,,,,,
Indiana,Madison,2722,6.5,0.83,17,12,22,-0.24,,16,50,24,15,11,10,13,40,34,46,19346,15,20490,16,59,132504,Large,,,,,,
Indiana,Delaware,2248,6.5,0.83,21,15,26,0.2,2,7,37,20,17,12,10,14,40,33,46,15103,13,18760,17,52,112321,Large,,,,,,
Indiana,Wells,414,7.7,-0.19,11,7,15,-1.03,,,,6,7,10,9,12,41,34,49,3503,13,3230,12,63,28555,Small,,,,,,
Indiana,Marion,17608,7.2,0.24,21,18,24,0.21,20,19,29,23,12,13,12,14,39,36,43,110524,12,135660,14,52,968460,Large,,,,,,
Indiana,Allen,5640,7.4,0.07,17,14,20,-0.2,31,27,40,25,9,12,10,13,38,34,43,42952,12,49920,13,56,394545,Large,,,,,,
Indiana,Vanderburgh,3431,7,0.41,17,13,22,-0.2,,10,42,35,12,11,9,12,39,34,45,20871,12,26740,15,53,179810,Large,,,,,,
Indiana,Steuben,537,7.6,-0.1,13,8,18,-0.74,,,,4,12,10,8,11,34,27,42,3917,11,4290,12,,34917,Small,,,,,,
Indiana,Jay,397,7,0.41,21,14,27,0.2,,,,43,18,12,11,14,42,35,50,2374,11,3080,15,,20032,Small,,,,,,
Indiana,Bartholomew,1299,7.4,0.07,12,8,16,-0.82,,17,7,21,12,10,9,12,34,28,40,8053,10,11320,14,46,84003,Small,,,,,,
Indiana,Howard,1739,7.1,0.32,18,13,23,-0.11,,2,43,22,15,11,9,12,42,35,49,8639,10,12720,15,48,83831,Small,,,,,,
Indiana,Lake,9082,7.3,0.15,20,16,24,0.12,20,14,41,24,9,12,11,13,38,35,42,51764,10,69660,14,70,500598,Large,,,,,,
Indiana,Jennings,605,7,0.41,16,10,22,-0.36,,,,22,11,11,9,12,42,34,50,2902,10,4290,16,,27622,Small,,,,,,
Indiana,Scott,686,6.6,0.75,20,13,26,0.06,,,,9,17,12,10,14,40,32,48,2380,10,4310,18,,24657,Small,,,,,,
Indiana,Jackson,772,7.4,0.07,13,8,18,-0.76,10,7,,28,9,11,10,13,43,36,51,4158,10,6580,14,79,46460,Small,,,,,,
Indiana,Miami,704,7,0.41,19,13,25,0.02,,,,32,24,12,10,13,42,34,50,3609,10,5640,16,68,35402,Small,,,,,,
Indiana,Huntington,642,7.5,-0.02,12,8,17,-0.85,,,,7,12,11,9,12,39,32,46,3616,10,5050,14,62,36781,Small,,,,,,
Indiana,DeKalb,708,7.8,-0.27,12,8,16,-0.83,61,,,14,15,10,8,11,38,30,45,3737,9,5510,13,,44198,Small,,,,,,
Indiana,Elkhart,2941,7.7,-0.19,15,12,19,-0.46,33,3,40,31,12,12,10,13,43,37,48,17224,9,27740,13,60,206409,Large,,,,,,
Indiana,Hancock,1155,8.3,-0.7,6,4,8,-1.63,,,4,9,4,10,8,11,36,30,43,5917,8,8560,11,62,86166,Small,,,,,,
Indiana,Posey,373,7.9,-0.36,12,8,16,-0.92,,,10,,9,9,8,11,36,29,44,2175,8,3090,12,,25040,Small,,,,,,
Indiana,LaPorte,2172,7.5,-0.02,22,16,27,0.32,,46,43,27,17,12,10,13,40,34,46,9287,8,16270,15,61,111706,Large,,,,,,
Indiana,Dearborn,845,8,-0.44,9,6,13,-1.19,,,,4,10,9,8,10,35,28,42,4143,8,6200,12,,51215,Small,,,,,,
Indiana,Grant,1548,6.9,0.49,24,18,31,0.65,,,70,52,19,12,11,14,43,36,50,5781,8,11470,17,57,66200,Small,,,,,,
Indiana,St. Joseph,4459,7.5,-0.02,18,14,22,-0.08,25,7,45,21,12,11,10,13,38,33,43,21778,8,38690,14,51,272848,Large,,,,,,
Indiana,Porter,2549,8,-0.44,11,8,13,-1.04,,8,29,15,9,10,9,11,37,32,43,13057,8,21300,12,57,175335,Large,,,,,,
Indiana,Randolph,484,7.3,0.15,19,13,25,-0.05,,,93,67,17,11,10,13,39,31,47,2056,8,3850,16,,24216,Small,,,,,,
Indiana,Fayette,615,6.7,0.66,20,14,27,0.16,,,,67,17,13,11,14,41,34,49,1877,8,4210,18,45,23362,Small,,,,,,
Indiana,Blackford,304,6.9,0.49,19,12,26,-0.03,,,,,,12,10,13,38,29,45,963,8,2100,17,,11893,Small,,,,,,
Indiana,Tipton,283,7.8,-0.27,12,9,16,-0.82,,,,71,16,10,8,11,36,28,44,1167,7,2060,14,,15256,Small,,,,,,
Indiana,Wabash,600,7.8,-0.27,14,9,18,-0.67,,,,11,14,10,9,12,37,30,44,2360,7,4210,14,,30670,Small,,,,,,
Indiana,Perry,294,7.7,-0.19,16,11,22,-0.34,,,,14,13,11,9,12,41,33,48,1366,7,2700,14,,19209,Small,,,,,,
Indiana,Hendricks,1832,8.7,-1.04,6,4,8,-1.62,,8,19,4,3,10,9,12,39,34,45,10149,7,17040,10,47,186387,Large,,,,,,
Indiana,Warrick,915,8.4,-0.79,9,6,12,-1.25,,,27,22,8,9,8,11,40,33,47,4116,7,6930,11,57,65867,Small,,,,,,
Indiana,Henry,1018,7.4,0.07,17,12,22,-0.27,,,,28,16,12,10,13,44,37,52,3243,7,7690,16,71,48929,Small,,,,,,
Indiana,Parke,271,7.5,-0.02,19,13,26,0.05,,,,,,11,9,13,38,31,47,1123,6,2480,15,56,16484,Small,,,,,,
Indiana,Morgan,1273,8.1,-0.53,12,8,16,-0.88,,,43,17,11,11,9,12,38,31,45,4183,6,8990,13,73,73227,Small,,,,,,
Indiana,Greene,639,7.3,0.15,15,9,21,-0.48,,,,38,19,11,10,13,41,33,48,1980,6,5090,17,,31196,Small,,,,,,
Indiana,Johnson,2237,8.4,-0.79,8,5,11,-1.32,,2,16,14,8,11,9,12,42,36,48,8156,6,18660,12,50,167819,Large,,,,,,
Indiana,Clay,478,7.8,-0.27,16,10,22,-0.39,,,,15,10,10,9,12,42,35,50,1494,6,3760,14,,26460,Small,,,,,,
Indiana,Crawford,254,6.9,0.49,24,16,31,0.55,,,,,,12,10,14,41,34,51,588,5,1920,18,,10438,Small,,,,,,
Indiana,Hamilton,2746,8.9,-1.21,5,3,6,-1.79,,3,17,13,3,8,7,9,28,24,32,15057,5,32160,9,37,371645,Large,,,,,,
Indiana,Floyd,1433,8.2,-0.61,13,9,17,-0.74,,,35,54,9,11,9,12,36,30,43,4075,5,9950,12,53,80809,Small,,,,,,
Indiana,Sullivan,394,7.7,-0.19,19,14,24,-0.01,,,,,,11,10,13,38,30,46,1167,5,3080,15,,20757,Small,,,,,,
Indiana,Newton,299,7.6,-0.1,13,8,18,-0.76,,,,22,17,11,9,13,42,33,50,770,5,2080,15,85,13960,Small,,,,,,
Indiana,Monroe,1627,7.7,-0.19,14,9,18,-0.68,,15,51,28,10,10,9,12,38,32,43,7376,5,21040,15,50,139342,Large,,,,,,
Indiana,Marshall,723,8.1,-0.53,13,9,16,-0.78,,,,36,10,11,9,13,36,29,43,2321,5,6140,13,,46352,Small,,,,,,
Indiana,Kosciusko,1278,8.2,-0.61,11,7,15,-0.99,,,,29,9,11,9,12,40,33,47,3795,5,10190,13,74,80364,Small,,,,,,
Indiana,Shelby,752,7.9,-0.36,13,9,17,-0.76,,,65,43,15,11,10,13,40,32,47,2158,5,6420,14,71,45231,Small,,,,,,
Indiana,Adams,466,8.3,-0.7,17,11,23,-0.21,,,,35,15,13,11,14,40,33,48,1632,5,4480,13,,36288,Small,,,,,,
Indiana,Clark,2501,8.3,-0.7,11,7,15,-0.98,12,27,32,18,7,11,9,12,41,35,47,4922,4,15480,13,47,125467,Large,,,,,,
Indiana,Rush,314,7.8,-0.27,14,9,19,-0.67,,,,72,14,11,9,12,42,33,49,771,4,2470,15,,16847,Small,,,,,,
Indiana,Decatur,497,8.2,-0.61,12,8,17,-0.83,,,,20,10,10,8,11,42,34,50,1094,4,3420,13,,26399,Small,,,,,,
Indiana,Fulton,435,7.7,-0.19,16,11,22,-0.35,,,,31,14,11,10,13,42,34,50,877,4,3100,15,,20358,Small,,,,,,
Indiana,Montgomery,657,7.9,-0.36,15,10,19,-0.55,,,,45,11,11,10,13,43,36,50,1436,4,5530,15,49,38573,Small,,,,,,
Indiana,Noble,734,8.4,-0.79,11,7,15,-1,,64,,10,7,10,9,12,37,30,44,1764,4,5790,12,,47430,Small,,,,,,
Indiana,Dubois,596,8.4,-0.79,8,5,11,-1.36,,,1,26,11,10,9,12,38,31,46,1532,4,5320,12,66,43546,Small,,,,,,
Indiana,Pulaski,276,7.9,-0.36,15,9,20,-0.56,,,,5,11,11,10,13,41,33,50,478,4,1840,15,,12385,Small,,,,,,
Indiana,Putnam,622,8.3,-0.7,13,8,17,-0.78,,,,,,11,9,12,39,32,47,1344,4,4780,13,65,37567,Small,,,,,,
Indiana,Jasper,584,8.4,-0.79,10,6,14,-1.11,,,,10,6,10,8,11,38,31,45,1176,4,4190,13,,33535,Small,,,,,,
Indiana,Franklin,373,8.6,-0.96,10,6,14,-1.09,,,,,,9,8,11,38,30,46,733,3,2710,12,,23096,Small,,,,,,
Indiana,Martin,199,7.9,-0.36,16,11,21,-0.34,,,,,,11,10,13,40,32,48,325,3,1490,15,,9897,Small,,,,,,
Indiana,Washington,638,8,-0.44,18,12,25,-0.11,,,,36,16,11,9,12,42,34,50,885,3,4100,15,,28205,Small,,,,,,
Indiana,Switzerland,199,7.5,-0.02,21,14,29,0.29,,,,,,11,10,13,40,32,48,331,3,1650,17,,10019,Small,,,,,,
Indiana,Lawrence,968,8,-0.44,16,11,21,-0.36,,,,,,11,10,13,40,32,47,1351,3,6490,14,62,45084,Small,,,,,,
Indiana,Fountain,343,7.9,-0.36,14,9,19,-0.63,,,,45,13,10,9,12,39,31,47,491,3,2480,15,,16731,Small,,,,,,
Indiana,Jefferson,677,7.8,-0.27,16,11,22,-0.32,,,,60,10,11,9,13,38,31,47,878,3,5150,16,56,33056,Small,,,,,,
Indiana,Cass,660,7.9,-0.36,17,11,22,-0.31,,,22,24,9,12,10,13,40,33,48,1046,3,5750,15,89,37666,Small,,,,,,
Indiana,Daviess,476,8.3,-0.7,13,8,18,-0.71,,,,15,10,12,10,13,38,30,46,840,3,4380,13,65,33656,Small,,,,,,
Indiana,Boone,769,9.1,-1.38,5,3,7,-1.73,,21,16,2,3,9,8,11,36,29,43,1396,2,7130,10,46,76120,Small,,,,,,
Indiana,Knox,739,7.9,-0.36,17,11,23,-0.22,,,16,35,14,11,9,12,38,31,45,742,2,5560,15,74,36070,Small,,,,,,
Indiana,LaGrange,431,9,-1.3,11,7,14,-1.05,,,,6,4,11,10,13,42,35,50,642,2,4270,11,,40907,Small,,,,,,
Indiana,Warren,129,8.1,-0.53,12,8,16,-0.84,,,,,,10,9,12,37,29,44,145,2,1230,15,,8518,Small,,,,,,
Indiana,Vermillion,317,7.8,-0.27,16,11,22,-0.32,,,,1,15,11,9,12,41,33,49,275,2,2500,16,,15417,Small,,,,,,
Indiana,Gibson,530,8.4,-0.79,11,7,15,-1,,,25,,11,11,10,13,40,33,48,539,2,4380,13,70,32904,Small,,,,,,
Indiana,Starke,563,7.9,-0.36,18,12,24,-0.08,,,,20,17,11,9,12,40,33,48,299,1,3650,16,,23206,Small,,,,,,
Indiana,Whitley,497,8.7,-1.04,10,7,13,-1.08,,,,26,18,10,8,11,35,28,42,404,1,4260,12,,34742,Small,,,,,,
Indiana,Clinton,553,8.6,-0.96,14,9,19,-0.61,,,8,14,9,11,10,13,39,32,47,392,1,4140,13,,32730,Small,,,,,,
Indiana,Benton,162,8.1,-0.53,14,9,18,-0.63,,,,69,13,12,10,13,40,33,49,98,1,1290,15,,8729,Small,,,,,,
Indiana,Brown,281,8.6,-0.96,13,8,18,-0.74,,,,,,10,8,11,37,29,45,162,1,1970,13,,15653,Small,,,,,,
Indiana,Pike,263,8.4,-0.79,14,9,19,-0.61,,,,,,11,9,12,42,34,50,109,1,1660,14,,12106,Small,,,,,,
Indiana,Ripley,508,8.5,-0.87,13,9,17,-0.74,,,,,,10,9,12,37,30,46,234,1,3820,13,,29227,Small,,,,,,
Indiana,Carroll,297,8.7,-1.04,12,7,16,-0.9,,,,45,9,10,9,12,39,31,47,89,0,2580,13,85,20525,Small,,,,,,
Indiana,White,455,8.7,-1.04,15,10,20,-0.51,,,,11,10,11,9,12,39,32,48,98,0,3130,13,81,24917,Small,,,,,,
Indiana,Orange,432,7.9,-0.36,18,11,24,-0.18,,,10,6,20,11,10,13,42,34,51,78,0,3200,16,87,19638,Small,,,,,,
Indiana,Owen,497,8.1,-0.53,18,12,24,-0.15,,,,3,20,11,10,13,40,32,48,57,0,3290,15,,21532,Small,,,,,,
Indiana,Harrison,812,8.8,-1.13,11,7,14,-1.05,,,,7,9,10,9,12,37,30,44,7,0,4910,12,65,40006,Small,,,,,,
Indiana,Spencer,337,8.8,-1.13,10,6,14,-1.09,,,,,,10,8,11,36,28,44,3,0,2410,12,,19910,Small,,,,,,
Indiana,Ohio,110,,-0.28,12,8,17,-0.84,,,,,,10,9,12,38,30,46,,,800,13,,6004,Small,,,,,,
Indiana,Union,142,,-0.28,16,10,22,-0.39,,,,11,11,10,9,12,40,32,49,,,830,12,,6973,Small,,,,,,
Iowa,Fremont,125,6.7,0.66,15,9,20,-0.51,,,,13,8,9,8,10,36,29,44,1902,26,650,10,,6458,Small,,,,,,
Iowa,Wapello,650,6,1.26,17,11,23,-0.26,,41,25,10,25,12,10,14,42,35,49,8241,23,5000,14,44,35166,Small,,,,,,
Iowa,Wayne,107,7.2,0.24,22,14,30,0.38,,,,,,11,9,12,39,31,48,1082,17,760,12,,6557,Small,,,,,,
Iowa,Lee,661,7.4,0.07,19,12,25,-0.06,,,28,16,17,11,9,12,41,34,48,4587,13,4300,13,37,32565,Small,,,,,,
Iowa,Webster,696,7.7,-0.19,17,12,23,-0.22,,,19,39,13,10,9,11,39,32,45,4561,12,4330,12,54,36485,Small,,,,,,
Iowa,Crawford,213,7.2,0.24,14,9,18,-0.67,,86,87,23,16,12,11,14,45,38,51,1945,11,2310,14,60,16013,Small,,,,,,
Iowa,Emmet,152,7.6,-0.1,15,9,20,-0.52,,,,1,13,10,9,12,39,31,46,1140,11,1160,12,,9229,Small,,,,,,
Iowa,Story,705,8.2,-0.61,9,6,12,-1.21,24,15,23,7,8,10,8,11,36,30,42,9387,10,10090,10,52,98566,Small,,,,,,
Iowa,Henry,320,8,-0.44,16,11,21,-0.39,,,,39,12,10,9,12,41,33,49,2105,10,2290,11,68,19547,Small,,,,,,
Iowa,Howard,128,8.3,-0.7,12,8,17,-0.83,,,,72,8,10,8,11,37,30,46,973,10,950,10,,9376,Small,,,,,,
Iowa,Marshall,683,7.9,-0.36,16,11,20,-0.41,12,,13,23,13,11,9,12,41,36,46,3909,10,4810,12,66,40014,Small,,,,,,
Iowa,Lucas,151,7.5,-0.02,21,13,29,0.26,,,,9,24,11,9,12,41,33,49,855,10,1180,14,,8747,Small,,,,,,
Iowa,Black Hawk,1911,7.9,-0.36,15,11,20,-0.48,,18,38,24,11,11,9,12,39,35,43,12410,9,15470,12,55,130471,Large,,,,,,
Iowa,Pottawattamie,1620,8,-0.44,15,11,20,-0.45,,6,6,28,13,11,9,12,43,37,49,8684,9,10990,12,60,93179,Small,,,,,,
Iowa,Cass,244,7.7,-0.19,18,13,24,-0.08,,,,16,28,11,9,12,45,37,53,1274,9,1720,13,,13130,Small,,,,,,
Iowa,Calhoun,144,8.3,-0.7,14,9,20,-0.57,,,,19,7,10,8,11,39,31,47,856,9,1020,10,,9763,Small,,,,,,
Iowa,Mitchell,122,8.7,-1.04,13,8,18,-0.74,,,,,,10,8,11,45,36,54,927,9,930,9,,10518,Small,,,,,,
Iowa,Van Buren,120,8,-0.44,22,14,30,0.41,,,,23,16,11,9,12,41,33,49,636,8,850,12,,7266,Small,,,,,,
Iowa,Mahaska,326,8.1,-0.53,14,10,19,-0.58,,,,,,10,8,11,42,35,51,1875,8,2570,12,62,21874,Small,,,,,,
Iowa,Clinton,813,8,-0.44,18,12,24,-0.13,,,70,17,16,10,8,11,41,34,48,4102,8,5620,12,59,46158,Small,,,,,,
Iowa,Osceola,88,8.3,-0.7,16,11,21,-0.37,,,,78,27,10,9,12,40,32,48,529,8,660,11,,5978,Small,,,,,,
Iowa,Pocahontas,125,8.4,-0.79,16,10,21,-0.43,,,,3,7,9,8,11,37,30,45,593,8,720,10,,6976,Small,,,,,,
Iowa,Des Moines,676,7.7,-0.19,21,14,27,0.23,,7,47,50,19,10,9,12,37,30,43,3160,8,5190,13,61,38253,Small,,,,,,
Iowa,Keokuk,181,8,-0.44,15,9,21,-0.51,,,,6,13,10,9,12,40,32,49,808,8,1260,13,,9914,Small,,,,,,
Iowa,Humboldt,146,8,-0.44,12,8,16,-0.88,,,,38,18,10,9,12,43,35,52,733,7,1190,12,,9500,Small,,,,,,
Iowa,Montgomery,186,7.9,-0.36,18,12,24,-0.15,,,,,,10,9,12,40,32,47,795,7,1320,13,,10139,Small,,,,,,
Iowa,Palo Alto,140,8.3,-0.7,13,9,17,-0.69,,,,8,23,10,8,11,42,34,50,673,7,1000,11,80,8810,Small,,,,,,
Iowa,Jackson,306,8.5,-0.87,13,8,18,-0.74,,,,13,10,10,9,11,42,34,49,1393,7,2060,11,,19342,Small,,,,,,
Iowa,Tama,268,8.1,-0.53,16,11,21,-0.36,46,,,41,19,11,10,13,41,34,48,1184,7,2090,12,,16833,Small,,,,,,
Iowa,Jefferson,268,8.1,-0.53,19,12,26,-0.05,,,18,33,12,11,9,12,37,30,45,1116,7,1960,12,72,15440,Small,,,,,,
Iowa,Floyd,253,8.4,-0.79,17,11,22,-0.31,,,,53,14,10,8,11,43,35,51,1026,6,1770,11,30,15326,Small,,,,,,
Iowa,Linn,2801,8.7,-1.04,12,8,15,-0.93,,6,33,23,7,10,9,11,37,33,42,13211,6,22140,10,42,228972,Large,,,,,,
Iowa,Cherokee,182,8.4,-0.79,13,8,18,-0.76,,,,36,23,10,9,11,40,33,48,728,6,1320,11,84,11605,Small,,,,,,
Iowa,Union,216,8.3,-0.7,18,11,24,-0.16,,,,6,12,10,8,11,38,31,46,739,6,1440,12,,11906,Small,,,,,,
Iowa,Harrison,243,8.8,-1.13,13,9,17,-0.79,,,,4,10,10,9,12,40,33,48,871,6,1430,10,,14670,Small,,,,,,
Iowa,Franklin,172,8.5,-0.87,16,10,21,-0.42,,,,46,14,10,9,12,41,33,49,610,6,1100,11,,9875,Small,,,,,,
Iowa,Dubuque,1185,8.7,-1.04,10,7,14,-1.09,,20,57,16,7,10,8,11,42,36,47,5286,6,9940,10,55,98887,Small,,,,,,
Iowa,Buena Vista,209,9,-1.3,17,12,21,-0.3,,15,19,10,7,11,10,13,41,35,47,1138,6,1860,9,28,20567,Small,,,,,,
Iowa,Shelby,172,8.8,-1.13,10,6,14,-1.1,,,,8,3,10,8,11,35,28,43,680,6,1130,10,,11806,Small,,,,,,
Iowa,Muscatine,658,8.4,-0.79,14,9,19,-0.62,,,14,11,14,10,9,12,38,31,45,2378,6,4860,11,56,42218,Small,,,,,,
Iowa,Appanoose,247,7.7,-0.19,21,14,29,0.29,,,,,,11,9,13,43,35,52,707,5,1830,15,,12119,Small,,,,,,
Iowa,Cerro Gordo,689,8.6,-0.96,13,8,18,-0.73,,17,2,23,10,10,9,11,38,33,45,2416,5,4650,11,50,42406,Small,,,,,,
Iowa,Woodbury,1595,8.3,-0.7,16,11,21,-0.36,60,2,40,20,12,11,10,13,39,35,43,5483,5,12640,12,46,105951,Large,,,,,,
Iowa,Monona,175,8.4,-0.79,17,11,23,-0.25,,,,45,13,10,9,12,41,33,49,463,5,1040,12,,8493,Small,,,,,,
Iowa,Cedar,223,9,-1.3,9,6,13,-1.2,,,,,,9,8,10,38,31,46,895,5,1720,9,,18302,Small,,,,,,
Iowa,Polk,6352,8.8,-1.13,15,13,18,-0.46,24,16,44,18,6,10,9,11,39,35,43,20799,5,50530,10,48,505255,Large,,,,,,
Iowa,Jones,254,8.6,-0.96,12,8,16,-0.88,,,,21,15,10,8,11,39,32,47,978,5,2270,11,75,20900,Small,,,,,,
Iowa,O'Brien,200,8.5,-0.87,11,7,14,-1.05,,,87,47,14,10,9,12,39,32,47,674,5,1630,12,36,14012,Small,,,,,,
Iowa,Clay,214,8.5,-0.87,15,10,20,-0.51,,,,74,16,9,8,11,41,34,48,761,5,1870,11,,16511,Small,,,,,,
Iowa,Greene,140,8.4,-0.79,16,10,21,-0.43,,,,,,10,8,11,42,33,50,425,5,1050,12,,8584,Small,,,,,,
Iowa,Benton,327,9,-1.3,9,6,12,-1.23,,,79,24,7,10,8,11,42,34,49,1116,4,2440,10,,25796,Small,,,,,,
Iowa,Kossuth,223,8.6,-0.96,12,8,17,-0.83,,,,6,13,10,8,11,38,30,46,644,4,1670,11,,14396,Small,,,,,,
Iowa,Madison,208,9.3,-1.55,7,4,9,-1.52,,,,,,9,7,10,38,31,45,628,4,1390,8,55,16971,Small,,,,,,
Iowa,Warren,633,9.3,-1.55,6,3,8,-1.65,,5,,4,5,10,8,11,42,35,49,1842,4,4400,8,80,55205,Small,,,,,,
Iowa,Jasper,551,8.8,-1.13,12,8,16,-0.89,,,,13,7,9,8,11,39,32,47,1447,4,3920,10,61,37919,Small,,,,,,
Iowa,Wright,184,8.5,-0.87,16,10,21,-0.41,,,,47,11,11,9,12,42,34,50,519,4,1530,12,,12656,Small,,,,,,
Iowa,Mills,252,9.1,-1.38,10,6,14,-1.1,,,,2,5,10,8,11,41,33,48,573,4,1350,9,,14633,Small,,,,,,
Iowa,Sac,171,9,-1.3,14,9,18,-0.66,,,,2,11,9,8,10,41,33,49,389,4,940,10,,9686,Small,,,,,,
Iowa,Decatur,120,8.3,-0.7,26,17,34,0.83,,,,6,20,10,9,11,38,31,46,299,4,980,13,,7665,Small,,,,,,
Iowa,Allamakee,186,8.7,-1.04,17,11,23,-0.25,,,37,47,7,10,9,11,38,31,46,498,3,1560,11,65,14074,Small,,,,,,
Iowa,Hancock,146,8.8,-1.13,11,7,14,-1.03,,,,43,11,9,8,11,36,29,44,393,3,1150,11,,10615,Small,,,,,,
Iowa,Scott,2475,8.7,-1.04,13,9,17,-0.76,,1,43,22,7,10,8,11,39,34,44,5705,3,19120,11,51,174270,Large,,,,,,
Iowa,Buchanan,256,9,-1.3,12,8,17,-0.82,,,,,,9,8,11,41,34,48,708,3,2040,10,60,20691,Small,,,,,,
Iowa,Davis,122,9.1,-1.38,16,10,21,-0.42,,,,,,10,9,11,40,32,49,291,3,850,9,,9169,Small,,,,,,
Iowa,Page,257,8.4,-0.79,17,10,23,-0.26,,,,65,13,10,9,12,44,36,52,525,3,1900,13,,15014,Small,,,,,,
Iowa,Marion,434,9,-1.3,8,5,11,-1.34,,65,,1,5,8,7,10,38,31,46,1077,3,3250,10,81,33770,Small,,,,,,
Iowa,Ringgold,93,8.9,-1.21,20,13,28,0.17,,,,,,10,9,12,41,33,50,164,3,490,10,,4642,Small,,,,,,
Iowa,Plymouth,304,9.3,-1.55,11,8,14,-1,,,,31,6,9,8,11,38,31,44,795,3,2240,9,60,25722,Small,,,,,,
Iowa,Chickasaw,169,9.1,-1.38,9,6,12,-1.24,,,8,26,3,9,8,11,38,31,46,394,3,1130,9,,11658,Small,,,,,,
Iowa,Guthrie,148,9,-1.3,13,9,17,-0.78,,,,28,14,9,8,10,40,32,48,346,3,1050,10,,10722,Small,,,,,,
Iowa,Clarke,166,8.2,-0.61,15,10,21,-0.46,,,,29,25,11,10,13,43,35,51,284,3,1310,14,,9588,Small,,,,,,
Iowa,Washington,298,9,-1.3,13,9,17,-0.76,,,,5,11,9,8,11,41,34,48,651,3,2260,10,,22560,Small,,,,,,
Iowa,Winnebago,153,9.1,-1.38,15,10,19,-0.55,,,,50,8,9,7,10,39,32,47,309,3,1050,10,,10571,Small,,,,,,
Iowa,Hamilton,244,8.9,-1.21,11,7,16,-0.94,,,57,3,6,9,8,11,35,28,43,428,3,1570,11,51,14729,Small,,,,,,
Iowa,Delaware,217,9.3,-1.55,10,6,14,-1.15,,,,,,9,8,10,41,32,49,460,3,1560,9,,17600,Small,,,,,,
Iowa,Lyon,99,9.5,-1.72,9,6,12,-1.27,,,,4,6,9,8,10,39,31,46,287,2,930,8,,12324,Small,,,,,,
Iowa,Dallas,731,9.5,-1.72,5,4,7,-1.68,,,,18,5,9,7,10,32,27,38,1587,2,7880,8,50,111092,Large,,,,,,
Iowa,Hardin,271,8.9,-1.21,14,9,19,-0.63,,,,12,10,10,9,12,39,32,47,420,2,1790,11,,16463,Small,,,,,,
Iowa,Boone,383,9.3,-1.55,10,6,13,-1.18,,,2,11,7,9,8,10,39,32,46,622,2,2410,9,75,26590,Small,,,,,,
Iowa,Johnson,1159,9,-1.3,11,7,14,-1.05,,0,27,28,6,10,8,11,31,27,36,3091,2,15510,10,52,157528,Large,,,,,,
Iowa,Audubon,87,8.8,-1.13,14,9,19,-0.66,,,,,,10,8,11,42,33,51,144,2,640,11,,5534,Small,,,,,,
Iowa,Adair,124,8.8,-1.13,13,8,18,-0.71,,,79,,11,10,8,11,42,34,50,177,2,830,11,,7389,Small,,,,,,
Iowa,Monroe,146,8.8,-1.13,14,9,20,-0.6,,,,,,9,8,11,38,30,46,183,2,840,11,,7504,Small,,,,,,
Iowa,Adams,,9,-1.3,15,10,21,-0.46,,,,,,10,8,11,39,30,47,81,2,380,10,,3544,Small,,,,,,
Iowa,Worth,93,9.1,-1.38,13,8,17,-0.79,,,,21,10,9,8,11,40,32,48,151,2,750,10,,7297,Small,,,,,,
Iowa,Carroll,257,9.2,-1.47,9,5,12,-1.29,,,,7,6,10,8,11,42,35,49,415,2,1960,9,,20522,Small,,,,,,
Iowa,Butler,177,8.9,-1.21,9,6,13,-1.2,,,,21,15,10,8,11,40,33,47,284,2,1550,11,,14172,Small,,,,,,
Iowa,Dickinson,246,9.2,-1.47,9,6,12,-1.27,,,,4,7,9,8,11,37,30,44,314,2,1690,10,,18056,Small,,,,,,
Iowa,Fayette,283,8.7,-1.04,17,12,22,-0.24,,,,25,11,11,9,12,40,33,47,359,2,2370,12,69,19210,Small,,,,,,
Iowa,Winneshiek,178,9.1,-1.38,8,5,11,-1.41,,,,52,5,8,7,9,37,30,44,353,2,2080,10,,19815,Small,,,,,,
Iowa,Bremer,277,9.6,-1.81,7,4,9,-1.53,,,,27,7,9,8,11,40,33,46,315,1,2070,8,,25307,Small,,,,,,
Iowa,Poweshiek,266,8.9,-1.21,11,7,15,-0.99,,,,7,10,10,8,11,42,35,50,241,1,2070,11,54,18453,Small,,,,,,
Iowa,Taylor,109,9.2,-1.47,15,10,19,-0.52,,,,,,10,9,12,40,32,49,68,1,580,10,,5924,Small,,,,,,
Iowa,Clayton,259,8.5,-0.87,13,8,17,-0.77,,,,70,14,10,8,11,41,34,48,193,1,2220,13,,16969,Small,,,,,,
Iowa,Iowa,215,9.2,-1.47,8,6,11,-1.34,,,,43,11,9,8,10,36,29,43,168,1,1680,10,,16381,Small,,,,,,
Iowa,Sioux,244,9.7,-1.89,6,4,9,-1.56,,,,12,4,9,8,11,34,28,40,128,0,2870,8,,36246,Small,,,,,,
Iowa,Ida,94,9.1,-1.38,13,8,18,-0.76,,,,13,8,10,8,11,37,30,45,27,0,750,11,,6833,Small,,,,,,
Iowa,Louisa,148,9,-1.3,13,8,18,-0.73,,60,20,9,15,11,10,13,45,41,50,37,0,1200,11,,10513,Small,,,,,,
Iowa,Grundy,153,,-0.91,6,4,9,-1.56,,,,8,7,9,8,10,39,32,46,,,990,8,,12384,Small,,,,,,
Kansas,Clark,,5.1,2.03,17,11,24,-0.2,,,,5,12,10,8,11,39,31,47,738,33,270,14,,1847,Small,,,,,,
Kansas,Gove,,5.7,1.52,13,8,18,-0.74,,,,,,10,8,11,40,33,49,891,33,300,11,,2735,Small,,,,,,
Kansas,Chase,,5.6,1.6,16,10,22,-0.39,,,,44,13,11,9,12,39,31,47,884,32,300,12,,2579,Small,,,,,,
Kansas,Riley,494,5.7,1.52,13,8,18,-0.76,15,17,26,44,11,11,10,13,35,30,41,17703,25,10660,15,34,71402,Small,,,,,,
Kansas,Sherman,101,6,1.26,18,12,25,-0.1,,,,3,9,11,10,13,41,33,48,1431,24,810,14,39,5844,Small,,,,,,
Kansas,Elk,,6.2,1.09,24,15,32,0.58,,,,40,23,12,10,14,42,34,51,534,19,380,16,,2467,Small,,,,,,
Kansas,Cherokee,460,6.3,1.01,20,12,27,0.11,15,,,44,11,11,10,13,42,35,49,3873,18,2920,15,64,19054,Small,,,,,,
Kansas,Greenwood,138,6.4,0.92,21,13,29,0.23,,,,42,15,11,9,12,40,32,48,1191,18,880,15,,5870,Small,,,,,,
Kansas,Thomas,101,7.3,0.15,9,5,12,-1.27,,,,13,6,10,8,11,34,28,41,1395,18,860,11,,7865,Small,,,,,,
Kansas,Franklin,445,7,0.41,13,8,17,-0.76,,,47,31,6,9,8,11,34,28,41,4569,18,3160,12,,26125,Small,,,,,,
Kansas,Chautauqua,88,6.1,1.18,25,15,34,0.71,,,,25,14,12,10,13,40,32,49,645,18,550,16,,3347,Small,,,,,,
Kansas,Coffey,157,6.9,0.49,11,7,15,-1.02,,,,16,6,11,10,12,40,32,47,1424,17,1110,13,,8251,Small,,,,,,
Kansas,Meade,72,7.6,-0.1,13,8,19,-0.71,,,,12,5,11,10,13,40,33,48,755,16,410,10,,3911,Small,,,,,,
Kansas,Geary,453,6.4,0.92,15,10,19,-0.55,,,31,26,25,13,11,14,37,31,43,5547,16,5690,16,25,35047,Small,,,,,,
Kansas,Washington,,7.3,0.15,12,8,16,-0.85,,,,20,6,10,9,11,40,33,48,898,15,660,12,,5504,Small,,,,,,
Kansas,Cloud,189,7.2,0.24,15,9,21,-0.52,,,,17,8,11,9,13,42,34,50,1330,14,1170,13,,8854,Small,,,,,,
Kansas,Rawlins,,7,0.41,13,8,18,-0.79,,,,14,6,11,9,13,42,33,50,346,14,360,14,,2463,Small,,,,,,
Kansas,Brown,204,7,0.41,13,8,19,-0.69,20,,,35,12,10,9,12,41,34,49,1366,14,1330,14,22,9250,Small,,,,,,
Kansas,Wyandotte,2914,7,0.41,22,16,27,0.32,7,32,43,26,16,15,14,17,42,37,45,21384,14,23550,14,48,165281,Large,,,,,,
Kansas,Kiowa,,7.8,-0.27,13,8,18,-0.71,,,,,,9,8,10,35,28,43,336,13,260,11,,2374,Small,,,,,,
Kansas,Wabaunsee,98,7.7,-0.19,10,6,14,-1.09,,,,8,5,10,8,11,41,34,49,908,13,780,11,,7057,Small,,,,,,
Kansas,Marshall,160,7.6,-0.1,11,7,15,-0.97,,,,12,7,10,9,12,42,34,49,1303,13,1180,12,,9933,Small,,,,,,
Kansas,Crawford,751,6.5,0.83,19,13,25,0.01,,,,15,24,11,10,13,43,37,49,4995,13,6510,17,51,38764,Small,,,,,,
Kansas,Barton,478,7,0.41,19,13,25,0,,,,31,16,11,10,12,41,36,47,3463,13,3750,15,57,24899,Small,,,,,,
Kansas,Jewell,,6.8,0.58,17,10,24,-0.21,,,,,,11,9,12,41,32,49,373,12,460,16,,2847,Small,,,,,,
Kansas,Sheridan,,7.7,-0.19,12,7,16,-0.93,,,,40,5,9,8,11,38,30,46,307,12,280,12,,2423,Small,,,,,,
Kansas,Gray,69,8.4,-0.79,12,8,15,-0.89,,,,37,6,10,8,11,40,32,48,714,12,480,8,,5743,Small,,,,,,
Kansas,Smith,,7.8,-0.27,16,10,21,-0.43,,,,,,10,8,11,41,33,49,435,11,410,12,,3590,Small,,,,,,
Kansas,Phillips,89,7,0.41,14,8,19,-0.64,,,,11,27,10,9,12,38,30,45,636,11,760,15,,4761,Small,,,,,,
Kansas,Bourbon,287,7.2,0.24,22,14,30,0.37,,,,,,11,10,13,43,35,51,1697,11,2060,14,21,14408,Small,,,,,,
Kansas,Leavenworth,1204,7.8,-0.27,9,6,12,-1.24,,18,10,23,4,10,9,11,40,35,46,8395,11,9600,12,42,83518,Small,,,,,,
Kansas,Ellsworth,113,7.8,-0.27,14,9,19,-0.62,,,,6,11,11,10,13,40,32,48,703,11,750,12,,6357,Small,,,,,,
Kansas,Shawnee,3114,7.6,-0.1,13,9,18,-0.69,68,9,26,23,10,11,10,12,40,37,44,19180,11,22860,13,44,177746,Large,,,,,,
Kansas,Finney,477,7.6,-0.1,15,10,20,-0.48,,,50,18,7,14,12,16,44,38,50,3936,11,4910,13,53,37466,Small,,,,,,
Kansas,Stevens,84,7.4,0.07,15,9,20,-0.53,,,,28,0,12,11,14,40,33,49,612,11,720,14,,5077,Small,,,,,,
Kansas,Rush,83,7.5,-0.02,16,10,23,-0.32,,,,26,7,10,9,12,37,30,46,351,11,380,13,,2830,Small,,,,,,
Kansas,Kingman,365,7.7,-0.19,15,9,21,-0.47,,,,,,10,9,12,41,33,48,830,11,910,12,,7066,Small,,,,,,
Kansas,Decatur,,7.4,0.07,22,14,30,0.34,,,,45,25,10,9,12,39,31,48,306,10,380,14,,2712,Small,,,,,,
Kansas,Montgomery,720,7,0.41,20,12,27,0.1,27,,38,27,19,12,10,14,45,39,52,3634,10,4940,16,57,30568,Small,,,,,,
Kansas,Marion,211,7.9,-0.36,12,8,17,-0.83,,,,6,8,10,8,11,39,32,46,1278,10,1380,12,,11690,Small,,,,,,
Kansas,Harper,110,7.2,0.24,20,12,27,0.06,,,,26,21,12,11,14,42,34,51,602,10,810,15,,5435,Small,,,,,,
Kansas,Morris,106,7.6,-0.1,18,12,23,-0.14,,,,,,10,9,12,40,33,49,589,10,710,13,,5334,Small,,,,,,
Kansas,Ottawa,104,7.9,-0.36,11,7,15,-0.95,,,,72,13,10,9,12,37,30,45,604,10,680,12,,5818,Small,,,,,,
Kansas,Woodson,,7.2,0.24,19,12,27,0.03,,,,,,11,9,12,38,30,48,326,10,460,15,,3115,Small,,,,,,
Kansas,Ness,,7.8,-0.27,13,8,18,-0.73,,,,20,22,11,9,12,38,30,45,303,10,330,12,,2618,Small,,,,,,
Kansas,Pratt,168,7.8,-0.27,13,8,18,-0.76,,,,7,8,10,9,12,39,32,46,936,10,1140,12,26,9082,Small,,,,,,
Kansas,Cowley,644,7.3,0.15,20,13,27,0.16,4,43,28,22,15,11,10,13,42,36,48,3473,10,5140,15,57,34157,Small,,,,,,
Kansas,Lincoln,,7.6,-0.1,16,10,21,-0.43,,,,,,10,9,12,41,33,50,309,10,390,13,,2920,Small,,,,,,
Kansas,Morton,63,7.4,0.07,19,12,27,0.02,,,,32,12,11,10,13,39,31,47,304,9,380,14,,2580,Small,,,,,,
Kansas,Sedgwick,8555,7.5,-0.02,18,15,20,-0.19,28,22,36,29,10,11,10,12,34,30,37,46833,9,71680,14,53,528469,Large,,,,,,
Kansas,Atchison,239,7.4,0.07,16,10,21,-0.43,,,29,4,8,11,9,12,41,34,48,1534,9,2320,14,48,16016,Small,,,,,,
Kansas,Rice,150,7.9,-0.36,15,9,21,-0.5,,,,,,10,9,12,37,30,44,913,9,1150,12,,9260,Small,,,,,,
Kansas,Reno,1117,7.6,-0.1,15,9,20,-0.56,,,66,13,14,11,9,12,38,33,43,5814,9,8360,14,54,61497,Small,,,,,,
Kansas,Hodgeman,,8,-0.44,12,8,17,-0.83,,,,4,6,10,8,11,37,30,45,171,9,210,12,,1655,Small,,,,,,
Kansas,Mitchell,88,7.7,-0.19,14,8,19,-0.67,,,,,,10,9,12,40,32,48,567,9,780,13,,5719,Small,,,,,,
Kansas,Nemaha,113,8.1,-0.53,9,5,12,-1.29,,,,25,8,9,8,10,35,28,42,901,9,1150,11,,10114,Small,,,,,,
Kansas,Doniphan,119,8,-0.44,15,10,20,-0.47,,,,72,5,10,9,11,39,31,48,700,9,890,12,,7493,Small,,,,,,
Kansas,Pawnee,134,7.2,0.24,15,9,21,-0.5,,,,,,10,9,12,42,34,50,609,9,970,15,4,6126,Small,,,,,,
Kansas,Wallace,,7.4,,22,14,31,,,,,39,24,11,9,12,41,33,49,126,8,220,15,,1509,Small,,,,,,
Kansas,Clay,131,7.6,-0.1,15,9,20,-0.55,,,,26,21,11,9,12,40,33,48,713,8,1120,14,44,8007,Small,,,,,,
Kansas,McPherson,410,8.1,-0.53,9,5,12,-1.3,,,,19,5,9,8,11,35,29,42,2438,8,3490,12,,30091,Small,,,,,,
Kansas,Cheyenne,,7.6,-0.1,18,11,24,-0.18,,,,45,25,11,10,13,40,32,48,227,8,360,14,,2636,Small,,,,,,
Kansas,Ford,421,7.9,-0.36,14,9,19,-0.62,,,61,25,6,14,12,16,39,33,45,2794,8,4230,12,60,33980,Small,,,,,,
Kansas,Russell,133,7.4,0.07,18,11,25,-0.13,,,,40,18,10,9,12,37,30,44,569,8,990,15,,6723,Small,,,,,,
Kansas,Stafford,90,7.9,-0.36,17,11,22,-0.31,70,,,21,11,10,9,12,39,31,47,360,8,510,13,,3909,Small,,,,,,
Kansas,Haskell,,8.3,-0.7,16,10,22,-0.37,,,,14,13,12,10,13,41,33,49,338,8,400,11,,3630,Small,,,,,,
Kansas,Osborne,,7.8,-0.27,15,9,21,-0.46,,,,,,10,9,11,39,31,46,305,8,460,13,,3427,Small,,,,,,
Kansas,Wilson,206,7.2,0.24,18,11,25,-0.09,,,,28,14,11,9,12,41,33,48,730,8,1380,16,,8382,Small,,,,,,
Kansas,Norton,61,8.1,-0.53,18,11,24,-0.19,,,,,,11,9,12,40,33,48,439,8,650,12,,5330,Small,,,,,,
Kansas,Seward,233,8,-0.44,18,13,24,-0.09,,,,21,13,14,12,16,46,38,53,1763,8,2720,12,24,21067,Small,,,,,,
Kansas,Ellis,313,7.9,-0.36,12,7,16,-0.93,,15,90,49,8,10,8,11,41,36,48,2168,8,3740,13,70,28810,Small,,,,,,
Kansas,Hamilton,,8.4,-0.79,15,9,21,-0.5,,,,3,1,11,10,13,40,32,48,200,7,270,11,,2437,Small,,,,,,
Kansas,Labette,405,7.4,0.07,21,13,28,0.21,9,,67,19,11,11,10,13,44,37,51,1533,7,3080,15,63,19728,Small,,,,,,
Kansas,Lane,,8,-0.44,14,9,20,-0.61,,,,,,10,9,12,40,32,49,121,7,190,13,,1529,Small,,,,,,
Kansas,Miami,539,8.5,-0.87,8,5,11,-1.34,,,69,13,4,9,8,10,35,30,42,2186,7,3690,11,52,35320,Small,,,,,,
Kansas,Graham,,8.3,-0.7,16,10,21,-0.42,,,,3,12,10,9,12,38,31,46,171,7,270,11,,2376,Small,,,,,,
Kansas,Butler,1121,8.4,-0.79,10,7,14,-1.06,19,,,15,13,10,8,11,40,35,45,4294,7,7570,11,77,68632,Small,,,,,,
Kansas,Grant,101,8.8,-1.13,16,10,22,-0.41,,,,5,2,12,10,13,41,33,49,505,6,670,9,,7147,Small,,,,,,
Kansas,Republic,86,8.1,-0.53,16,11,21,-0.36,,,,70,28,10,9,12,38,31,47,308,6,580,12,,4627,Small,,,,,,
Kansas,Saline,968,8,-0.44,14,9,19,-0.63,,,14,23,10,11,10,12,38,33,44,3352,6,7170,13,44,53098,Small,,,,,,
Kansas,Lyon,448,7.8,-0.27,15,10,20,-0.51,,8,,22,17,11,10,13,39,33,45,1952,6,4490,14,55,32172,Small,,,,,,
Kansas,Anderson,118,7.9,-0.36,16,10,22,-0.4,,,,,,11,9,12,36,29,44,456,6,1070,14,,7838,Small,,,,,,
Kansas,Jackson,222,8.4,-0.79,12,8,17,-0.85,17,,,2,15,10,9,12,43,36,51,756,6,1550,12,,13368,Small,,,,,,
Kansas,Douglas,1115,8.1,-0.53,10,6,13,-1.15,25,5,31,21,5,10,9,12,38,33,43,5969,5,15290,13,40,120553,Large,,,,,,
Kansas,Neosho,313,7.6,-0.1,20,12,27,0.06,,,,38,16,11,10,13,43,35,50,862,5,2440,15,54,15420,Small,,,,,,
Kansas,Osage,333,8.1,-0.53,13,9,18,-0.69,,,,34,13,10,9,11,40,33,47,824,5,2090,13,,15824,Small,,,,,,
Kansas,Dickinson,344,8.3,-0.7,13,8,17,-0.79,,,,34,10,10,9,11,39,32,45,981,5,2290,12,,18445,Small,,,,,,
Kansas,Logan,,8,-0.44,15,9,20,-0.55,,,,,,11,9,12,39,31,47,135,5,380,14,,2665,Small,,,,,,
Kansas,Linn,252,8,-0.44,17,10,23,-0.3,,,,10,9,10,9,12,39,32,46,468,5,1340,14,,9860,Small,,,,,,
Kansas,Edwards,111,8,-0.44,16,10,22,-0.34,,,,50,13,11,10,13,42,34,50,147,5,390,14,,2733,Small,,,,,,
Kansas,Sumner,447,8,-0.44,14,8,19,-0.68,13,,,1,13,11,9,12,40,34,47,1138,5,3050,14,60,22334,Small,,,,,,
Kansas,Scott,73,8.6,-0.96,9,6,12,-1.25,,,,,,11,10,13,41,34,49,222,5,580,11,,4922,Small,,,,,,
Kansas,Allen,276,7.8,-0.27,22,14,29,0.31,,,,41,20,11,9,12,41,34,49,559,4,1850,15,71,12412,Small,,,,,,
Kansas,Greeley,,8.7,-1.04,15,9,20,-0.56,,,,10,20,9,8,11,37,29,44,52,4,140,11,,1181,Small,,,,,,
Kansas,Rooks,80,8.6,-0.96,14,9,19,-0.61,,,,11,3,9,8,11,38,31,46,196,4,560,11,,4778,Small,,,,,,
Kansas,Comanche,,8.4,-0.79,17,11,23,-0.24,,,,,,10,8,11,39,31,47,61,3,230,13,,1655,Small,,,,,,
Kansas,Barber,91,7.6,-0.1,16,10,23,-0.34,,,,81,25,11,9,12,42,34,50,157,3,660,16,,4071,Small,,,,,,
Kansas,Kearny,,8.2,-0.61,15,9,20,-0.55,,,,8,5,13,11,15,43,35,52,128,3,530,13,,3823,Small,,,,,,
Kansas,Trego,,8.9,-1.21,12,8,17,-0.82,,,,,,10,8,11,36,29,44,84,3,300,11,,2731,Small,,,,,,
Kansas,Stanton,,8.5,-0.87,14,9,20,-0.61,,,,,,13,11,14,43,35,52,59,3,250,12,,1901,Small,,,,,,
Kansas,Johnson,5227,9.3,-1.55,5,4,6,-1.74,5,5,17,11,3,8,7,9,32,29,35,12285,2,56400,9,43,622237,Large,,,,,,
Kansas,Wichita,,8.2,-0.61,12,8,17,-0.82,,,,37,4,11,10,13,41,33,50,48,2,290,14,,2082,Small,,,,,,
Kansas,Pottawatomie,265,9,-1.3,8,5,11,-1.31,,,,32,6,9,8,10,31,25,38,432,2,2620,10,49,26382,Small,,,,,,
Kansas,Harvey,578,8.7,-1.04,11,6,15,-1.04,,,,5,10,10,9,11,37,32,43,339,1,4130,12,57,33504,Small,,,,,,
Kansas,Jefferson,295,9.2,-1.47,9,6,13,-1.19,,,,1,5,9,8,11,42,35,49,65,0,1890,10,,18327,Small,,,,,,
Kentucky,Robertson,,4.4,2.63,28,19,38,1.15,,,,,,13,11,15,41,32,50,670,29,400,18,,2313,Small,,,,,,
Kentucky,Union,304,5.3,1.86,20,12,28,0.11,,,49,25,17,12,11,14,39,31,47,2998,20,2530,19,39,13106,Small,,,,,,
Kentucky,Knox,873,4.4,2.63,43,33,53,3,,,,56,48,13,11,15,41,33,49,5708,18,7190,24,84,29794,Small,,,,,,
Kentucky,McCracken,1401,6.7,0.66,21,15,28,0.27,,,46,31,18,12,11,14,42,34,49,9948,15,9810,15,52,67428,Small,,,,,,
Kentucky,Christian,1314,6.4,0.92,23,17,30,0.52,14,,34,5,16,14,12,16,42,35,49,10745,15,11880,16,38,72032,Small,,,,,,
Kentucky,Clay,621,4.9,2.2,54,42,66,3,,,,,,15,13,17,43,35,52,2993,14,4820,24,70,19648,Small,,,,,,
Kentucky,Boyd,1244,6.3,1.01,23,15,31,0.49,,,58,12,21,12,10,14,41,34,48,6243,13,8600,18,59,47826,Small,,,,,,
Kentucky,Bourbon,442,6.8,0.58,18,11,26,-0.08,,,33,7,13,12,11,14,41,32,49,2450,12,3190,16,50,20134,Small,,,,,,
Kentucky,Woodford,438,7.7,-0.19,13,9,17,-0.78,,,,30,8,10,9,12,35,28,43,3012,12,3150,12,31,27268,Small,,,,,,
Kentucky,Madison,1673,7,0.41,17,12,21,-0.31,,8,33,21,17,11,10,13,36,29,43,9950,12,13790,15,44,96735,Small,,,,,,
Kentucky,Breathitt,457,4.9,2.2,37,25,49,2.26,,,,,,13,11,15,43,36,54,1663,12,3290,24,,12953,Small,,,,,,
Kentucky,Laurel,1384,6.4,0.92,28,20,35,1.07,,,,24,28,13,11,14,41,34,48,6578,11,11040,18,,63296,Small,,,,,,
Kentucky,Webster,321,6.4,0.92,19,12,26,0.02,,,,21,11,13,11,15,38,30,47,1443,11,2330,18,54,12726,Small,,,,,,
Kentucky,Bell,851,5.6,1.6,38,25,52,2.39,,,,,,14,12,16,44,35,54,2867,10,5350,22,56,23317,Small,,,,,,
Kentucky,Wayne,487,5.9,1.35,36,24,47,2.06,,,,54,32,14,12,16,42,34,50,2050,10,4050,21,68,19580,Small,,,,,,
Kentucky,Bullitt,1402,7.7,-0.19,11,7,14,-1.04,,,38,49,10,11,9,13,38,30,46,7133,10,10670,13,67,84863,Small,,,,,,
Kentucky,Grayson,694,6.6,0.75,24,16,31,0.59,,,,45,29,13,11,15,42,34,50,2461,10,4750,18,,26825,Small,,,,,,
Kentucky,Boone,1746,8.3,-0.7,9,6,11,-1.3,22,16,15,18,6,11,9,12,39,33,45,10760,9,13960,10,43,140496,Large,,,,,,
Kentucky,Hardin,2094,7.5,-0.02,18,14,22,-0.18,,14,19,16,10,12,11,14,39,33,45,9415,9,15420,14,42,112273,Large,,,,,,
Kentucky,Lincoln,637,7,0.41,23,15,31,0.48,,,71,,15,12,11,14,40,32,49,2204,9,3940,16,62,24776,Small,,,,,,
Kentucky,Campbell,1348,7.7,-0.19,12,8,16,-0.88,,,38,24,8,10,9,12,36,29,43,8044,9,12010,13,50,93702,Small,,,,,,
Kentucky,Franklin,1069,7.4,0.07,15,10,21,-0.46,,,49,52,16,11,10,13,38,30,46,4347,9,7360,14,47,51644,Small,,,,,,
Kentucky,Allen,464,7.1,0.32,22,14,29,0.31,,,,13,21,12,11,14,42,34,50,1726,9,3280,16,67,21788,Small,,,,,,
Kentucky,Pulaski,1577,6.6,0.75,22,15,29,0.42,,26,,51,23,13,11,15,39,32,47,4978,8,12100,19,66,66191,Small,,,,,,
Kentucky,Graves,818,6.9,0.49,24,17,31,0.6,,,15,30,23,12,11,14,41,33,48,2884,8,6290,17,53,36461,Small,,,,,,
Kentucky,Jessamine,878,7.7,-0.19,14,8,19,-0.66,,,44,11,11,11,9,12,37,29,45,3738,8,7210,14,28,55017,Small,,,,,,
Kentucky,Barren,937,6.7,0.66,23,15,30,0.44,,,3,54,27,12,11,14,41,33,48,3202,8,8120,18,54,45008,Small,,,,,,
Kentucky,Hopkins,1063,6.7,0.66,19,12,26,0.03,,,32,46,27,13,12,15,41,34,48,3449,7,8260,18,35,44929,Small,,,,,,
Kentucky,Boyle,612,7.5,-0.02,18,12,25,-0.1,,,36,16,15,12,10,13,38,30,47,2085,7,4570,15,42,30988,Small,,,,,,
Kentucky,Kenton,2554,7.9,-0.36,14,10,17,-0.64,,6,63,43,12,10,9,12,35,28,41,11624,7,21950,13,54,171321,Large,,,,,,
Kentucky,Scott,849,8.2,-0.61,13,9,16,-0.79,,,39,33,10,11,9,12,36,29,45,3430,7,6680,12,41,60168,Small,,,,,,
Kentucky,Marion,400,6.8,0.58,17,10,24,-0.21,,,,81,24,13,11,15,41,33,50,1426,7,3540,18,47,19834,Small,,,,,,
Kentucky,Fayette,4322,7.9,-0.36,18,15,22,-0.1,36,14,40,32,9,12,10,13,35,29,41,20831,7,42050,13,42,320154,Large,,,,,,
Kentucky,Greenup,866,7.1,0.32,17,11,24,-0.22,,,,23,19,12,10,13,44,36,51,2574,7,5950,17,76,35221,Small,,,,,,
Kentucky,Mason,398,7.1,0.32,21,12,30,0.23,,,19,72,19,12,11,14,40,33,48,1214,7,2850,17,41,16841,Small,,,,,,
Kentucky,Simpson,399,7.7,-0.19,18,11,25,-0.13,,,22,37,8,12,10,13,41,33,50,1176,7,2760,14,30,20195,Small,,,,,,
Kentucky,Larue,314,7.1,0.32,22,15,29,0.36,,,,56,28,13,11,15,42,34,51,958,7,2500,17,36,15303,Small,,,,,,
Kentucky,Livingston,274,6.8,0.58,23,16,30,0.45,,,,70,29,12,10,13,41,33,49,634,7,1650,18,,8892,Small,,,,,,
Kentucky,Jefferson,14950,8,-0.44,22,19,24,0.32,44,15,37,27,11,12,11,14,37,33,42,48030,6,101980,13,51,772144,Large,,,,,,
Kentucky,Montgomery,638,7.1,0.32,19,12,25,-0.06,,,,,,12,11,14,42,35,50,1675,6,4810,17,36,28527,Small,,,,,,
Kentucky,Calloway,651,7.2,0.24,20,14,25,0.06,,,63,38,16,12,10,14,41,33,49,2334,6,6110,16,48,38280,Small,,,,,,
Kentucky,Meade,544,7.6,-0.1,14,9,18,-0.63,,6,17,21,19,11,10,13,38,30,46,1651,6,4520,15,55,30131,Small,,,,,,
Kentucky,Lawrence,441,6.2,1.09,25,15,35,0.73,,,,,,13,11,15,40,32,48,906,6,3480,21,,16000,Small,,,,,,
Kentucky,Daviess,1824,7.7,-0.19,21,17,26,0.26,,34,40,44,15,11,10,13,36,30,42,5434,6,15160,15,42,103458,Large,,,,,,
Kentucky,Casey,375,6.7,0.66,28,17,38,1.06,,,,,,14,12,16,41,34,49,886,6,3040,19,,15918,Small,,,,,,
Kentucky,Warren,1998,7.7,-0.19,15,9,20,-0.53,,34,50,35,12,12,11,14,36,30,43,6210,5,19990,15,48,142229,Large,,,,,,
Kentucky,Mercer,494,8,-0.44,18,11,24,-0.18,,,,24,16,11,10,13,38,30,47,1148,5,2990,13,36,23097,Small,,,,,,
Kentucky,Muhlenberg,696,7.2,0.24,25,17,34,0.79,,,,10,29,13,11,14,41,34,49,1628,5,5250,17,57,30568,Small,,,,,,
Kentucky,Washington,228,7.7,-0.19,17,10,23,-0.31,,,13,,11,12,10,14,37,30,46,605,5,1770,15,49,12267,Small,,,,,,
Kentucky,Oldham,723,9.1,-1.38,5,3,7,-1.73,,1,15,7,4,9,8,11,34,27,42,3041,5,5710,8,37,70183,Small,,,,,,
Kentucky,Hancock,165,7.6,-0.1,14,8,19,-0.67,,,,,,11,10,13,38,31,47,427,5,1380,15,27,8920,Small,,,,,,
Kentucky,Clark,825,7.6,-0.1,16,10,23,-0.34,,20,,59,15,12,10,13,40,32,48,1759,5,5670,15,62,37304,Small,,,,,,
Kentucky,Leslie,348,5.7,1.52,31,19,42,1.43,,,,,,14,12,16,44,36,52,558,5,2540,24,,9864,Small,,,,,,
Kentucky,Butler,286,7.1,0.32,19,12,27,0.02,,,,75,18,13,11,15,43,34,51,613,5,2190,18,,12375,Small,,,,,,
Kentucky,Crittenden,213,7,0.41,27,17,36,0.94,,,,19,34,12,11,14,41,33,49,443,5,1640,18,,8974,Small,,,,,,
Kentucky,Harrison,435,7.6,-0.1,17,10,23,-0.27,,,,24,14,12,10,13,40,32,49,878,5,2910,16,30,19415,Small,,,,,,
Kentucky,Hart,412,7,0.41,22,14,30,0.37,,,95,9,25,14,12,15,38,30,46,825,5,3530,18,34,19724,Small,,,,,,
Kentucky,Owen,253,7.9,-0.36,19,12,25,-0.01,,,,78,15,12,10,13,39,31,47,482,4,1620,14,,11313,Small,,,,,,
Kentucky,Green,238,6.9,0.49,23,14,32,0.54,,,,,,14,12,15,42,34,50,473,4,2130,19,,11468,Small,,,,,,
Kentucky,Morgan,293,6.8,0.58,27,17,38,1.04,,,,,,13,11,15,39,31,47,577,4,2660,19,,14283,Small,,,,,,
Kentucky,Carter,688,6.6,0.75,24,15,33,0.66,,,,,,13,11,15,43,35,52,1038,4,5530,21,,26366,Small,,,,,,
Kentucky,Jackson,353,6.7,0.66,28,17,40,1.16,,,,3,16,14,12,16,42,34,51,500,4,2610,20,,13104,Small,,,,,,
Kentucky,Breckinridge,517,7.1,0.32,22,14,30,0.38,,,,10,28,14,12,16,40,32,49,706,4,3800,19,40,21124,Small,,,,,,
Kentucky,Adair,440,7.2,0.24,28,17,38,1.08,,,,35,25,12,10,14,37,30,45,635,3,3400,18,66,19264,Small,,,,,,
Kentucky,Logan,564,7.9,-0.36,18,11,24,-0.19,,,39,13,14,12,10,14,40,32,48,902,3,4080,15,34,28283,Small,,,,,,
Kentucky,Carlisle,132,7.6,-0.1,19,11,26,-0.06,,,,11,26,12,11,14,41,32,49,171,3,770,16,,4704,Small,,,,,,
Kentucky,Todd,253,7.6,-0.1,23,15,30,0.45,,,69,7,34,14,12,16,40,32,48,406,3,2010,16,36,12494,Small,,,,,,
Kentucky,Henderson,966,7.4,0.07,17,11,23,-0.21,5,,57,37,20,11,9,13,40,32,48,1478,3,7600,17,49,44119,Small,,,,,,
Kentucky,Fleming,344,7.2,0.24,22,13,30,0.36,,,,,,13,11,15,41,33,49,445,3,2740,18,64,15442,Small,,,,,,
Kentucky,Harlan,1025,5.9,1.35,35,24,47,1.99,,,56,,32,15,13,17,45,36,54,848,3,6410,24,46,25324,Small,,,,,,
Kentucky,Taylor,557,7.7,-0.19,23,15,31,0.47,,,54,,22,12,10,14,38,31,46,706,3,4100,16,51,26443,Small,,,,,,
Kentucky,Ohio,532,7.8,-0.27,20,13,27,0.1,,,,55,14,12,10,14,40,33,49,687,3,3700,16,70,23626,Small,,,,,,
Kentucky,Marshall,642,8.1,-0.53,17,12,23,-0.21,,,,26,18,11,9,13,39,31,47,904,3,4470,14,,31744,Small,,,,,,
Kentucky,Floyd,1245,6.2,1.09,31,20,41,1.43,,,,,,13,11,15,40,33,47,1063,3,8170,23,,34423,Small,,,,,,
Kentucky,Wolfe,251,5.2,1.94,40,26,53,2.53,,,,,,16,14,18,45,37,53,198,3,1800,27,,6282,Small,,,,,,
Kentucky,Whitley,1026,6.9,0.49,33,25,42,1.76,,,,15,28,12,11,14,41,34,49,875,2,7300,20,80,36825,Small,,,,,,
Kentucky,Russell,451,7,0.41,25,16,34,0.75,,,,35,26,14,12,16,40,32,48,420,2,3450,19,60,18279,Small,,,,,,
Kentucky,Anderson,447,8.1,-0.53,12,7,17,-0.84,,,,1,13,11,10,13,38,30,46,500,2,3400,14,48,24613,Small,,,,,,
Kentucky,Grant,510,8.1,-0.53,18,12,24,-0.14,,,,,,11,10,13,38,30,46,571,2,3650,15,60,25619,Small,,,,,,
Kentucky,Edmonson,245,7.4,0.07,22,14,30,0.34,,,,67,15,12,11,14,43,35,52,245,2,2170,18,,12448,Small,,,,,,
Kentucky,McCreary,478,6.3,1.01,42,29,55,2.8,,,,,,15,13,17,43,35,51,343,2,3870,23,,17050,Small,,,,,,
Kentucky,Johnson,666,6.8,0.58,28,19,38,1.15,,,,,,14,12,16,42,34,50,422,2,4600,20,,22116,Small,,,,,,
Kentucky,Monroe,280,7.2,0.24,30,20,40,1.31,,,,31,27,12,11,14,39,31,48,189,2,2110,19,33,11306,Small,,,,,,
Kentucky,Trigg,342,7.5,-0.02,20,12,28,0.11,,,49,17,32,13,11,14,40,32,48,229,2,2460,17,40,14369,Small,,,,,,
Kentucky,Magoffin,348,5.6,1.6,35,22,48,1.95,,,,82,41,15,13,17,45,37,53,193,1,3060,26,,11228,Small,,,,,,
Kentucky,Owsley,158,5.8,1.43,42,26,58,2.84,,,,,,14,12,16,41,33,50,66,1,1020,25,,4001,Small,,,,,,
Kentucky,Rowan,462,7.3,0.15,23,15,31,0.52,,,,34,33,13,12,15,42,34,48,314,1,4570,19,60,24409,Small,,,,,,
Kentucky,Nelson,877,8.7,-1.04,16,12,21,-0.35,,,25,38,12,10,9,12,34,27,42,571,1,5750,12,60,47730,Small,,,,,,
Kentucky,Hickman,112,7.9,-0.36,27,17,38,1.01,,,76,2,39,12,10,14,41,33,50,61,1,710,16,,4447,Small,,,,,,
Kentucky,Henry,331,8,-0.44,19,13,25,-0.03,,,,42,21,13,11,14,41,33,49,181,1,2450,16,50,15973,Small,,,,,,
Kentucky,Clinton,244,7.2,0.24,33,21,45,1.76,,,,8,24,13,11,15,40,31,48,112,1,1770,19,,9148,Small,,,,,,
Kentucky,McLean,189,8.6,-0.96,17,10,24,-0.2,,,,,,11,10,13,40,31,48,98,1,1190,13,,9054,Small,,,,,,
Kentucky,Lyon,168,7.7,-0.19,18,11,24,-0.14,,,,,,12,10,14,38,30,46,85,1,1480,17,56,9187,Small,,,,,,
Kentucky,Bath,328,7.1,0.32,27,16,37,0.94,,,,3,34,12,10,13,38,31,47,107,1,2470,19,56,12975,Small,,,,,,
Kentucky,Martin,297,6.5,0.83,53,41,65,3,,,,,,15,13,18,43,35,52,106,1,2500,22,,10928,Small,,,,,,
Kentucky,Perry,1027,6.7,0.66,37,28,46,2.22,,,9,,31,13,11,15,41,33,49,236,1,6030,21,85,27133,Small,,,,,,
Kentucky,Cumberland,155,7,0.41,32,20,44,1.6,,,,,,13,12,15,43,35,51,55,1,1190,20,,6000,Small,,,,,,
Kentucky,Knott,465,6.5,0.83,32,19,44,1.55,,,,19,35,14,12,16,43,34,51,99,1,3210,23,,13659,Small,,,,,,
Kentucky,Caldwell,287,7.6,-0.1,22,13,30,0.32,,,18,,11,12,10,14,38,30,46,73,1,2190,17,45,12551,Small,,,,,,
Kentucky,Lewis,357,6.8,0.58,29,19,40,1.28,,,,,,14,12,16,46,38,55,75,1,2770,21,,12973,Small,,,,,,
Kentucky,Metcalfe,255,7.3,0.15,37,26,47,2.17,,,,,,13,11,15,42,34,51,48,0,1930,19,60,10482,Small,,,,,,
Kentucky,Shelby,762,9,-1.3,14,9,18,-0.68,,,2,14,11,11,9,12,36,28,44,144,0,5440,11,54,49515,Small,,,,,,
Kentucky,Nicholas,174,7.7,-0.19,25,16,35,0.79,,,,,,12,11,14,40,32,49,21,0,1310,17,,7686,Small,,,,,,
Kentucky,Menifee,168,6.7,0.66,36,24,48,2.09,,,,,,13,12,15,41,33,50,17,0,1330,22,,6286,Small,,,,,,
Kentucky,Rockcastle,491,7.2,0.24,26,16,36,0.86,,,,28,32,13,12,15,41,33,49,41,0,3170,20,,16190,Small,,,,,,
Kentucky,Bracken,199,8,-0.44,20,12,27,0.06,,,,,,12,10,14,37,30,47,19,0,1330,16,,8426,Small,,,,,,
Kentucky,Pendleton,313,7.9,-0.36,18,10,25,-0.19,,,,18,11,12,11,14,40,32,48,30,0,2380,16,,14810,Small,,,,,,
Kentucky,Pike,1833,6.8,0.58,28,20,36,1.07,,,86,59,33,13,11,15,41,34,48,38,0,12410,21,89,55973,Small,,,,,,
Kentucky,Estill,398,6.8,0.58,26,17,36,0.89,,,,,,13,11,15,42,34,51,5,0,3000,21,,13936,Small,,,,,,
Kentucky,Fulton,177,7.2,0.24,35,22,49,2,,,65,,34,16,14,18,45,37,55,2,0,1270,20,2,6338,Small,,,,,,
Kentucky,Lee,234,6.2,1.09,37,22,51,2.16,,,,27,42,16,14,18,43,35,52,1,0,1760,24,44,7293,Small,,,,,,
Kentucky,Ballard,169,8.2,-0.61,22,15,30,0.42,,,,,,12,11,14,40,32,48,1,0,1150,15,12,7582,Small,,,,,,
Kentucky,Powell,370,7.3,0.15,28,18,39,1.16,,,,,,12,10,14,40,31,48,0,0,2500,19,79,12972,Small,,,,,,
Kentucky,Elliott,138,,0.33,28,18,39,1.16,,,,,,14,12,16,42,32,53,,,1670,23,,7245,Small,,,,,,
Kentucky,Trimble,217,,0.33,17,11,23,-0.27,,,,,,11,10,12,39,35,43,,,1310,15,,8607,Small,,,,,,
Kentucky,Gallatin,206,,0.33,18,12,25,-0.1,,,,25,20,12,11,14,40,32,49,,,1380,16,23,8792,Small,,,,,,
Kentucky,Carroll,258,,0.33,23,14,31,0.43,,,,,,13,11,15,40,32,49,,,1830,17,75,10987,Small,,,,,,
Kentucky,Garrard,370,,0.33,24,18,31,0.64,,,,53,23,12,11,14,40,31,49,,,2550,15,53,17829,Small,,,,,,
Kentucky,Letcher,743,,0.33,29,18,40,1.22,,,,,,13,11,15,41,33,48,,,5090,24,57,20423,Small,,,,,,
Kentucky,Spencer,308,,0.33,8,5,11,-1.37,,,,4,9,11,9,12,37,29,45,,,2200,11,43,20531,Small,,,,,,
Louisiana,Tensas,123,2.8,3,47,30,64,3,,,78,,6,18,16,20,47,38,56,2043,39,870,21,34,3764,Small,,,,,,
Louisiana,Vernon,838,5,2.11,21,15,27,0.26,23,5,43,10,22,12,11,14,40,32,47,11602,22,9160,19,50,46250,Small,,,,,,
Louisiana,East Carroll,181,4.2,2.8,53,34,72,3,,,59,,11,20,18,23,51,42,60,1692,22,1690,23,60,6829,Small,,,,,,
Louisiana,Concordia,479,4.5,2.54,35,21,48,1.94,,,80,35,30,15,13,17,42,34,51,4327,21,4060,22,38,17688,Small,,,,,,
Louisiana,Beauregard,725,6,1.26,20,13,26,0.06,,,47,2,14,12,10,14,37,30,45,7344,21,5570,15,59,36827,Small,,,,,,
Louisiana,Plaquemines,348,6.1,1.18,20,13,26,0.06,,41,19,16,17,13,11,15,40,33,48,4684,20,3470,15,46,22386,Small,,,,,,
Louisiana,Bienville,382,5,2.11,34,23,46,1.88,,,78,,38,16,14,18,47,38,54,2799,19,2650,20,40,12366,Small,,,,,,
Louisiana,Lincoln,690,5.5,1.69,27,18,37,1.02,,,59,58,15,14,12,16,42,35,49,9066,19,8760,18,50,47962,Small,,,,,,
Louisiana,Rapides,3161,6,1.26,26,19,33,0.85,12,15,41,40,14,14,12,16,42,36,49,25172,19,20920,16,61,126260,Large,,,,,,
Louisiana,Webster,1004,5.4,1.77,29,20,38,1.21,,,57,51,20,16,14,18,46,39,53,7678,19,7000,19,38,35238,Small,,,,,,
Louisiana,Tangipahoa,2783,6,1.26,26,19,34,0.91,,,48,31,14,13,12,15,42,37,49,20205,17,22820,17,35,138064,Large,,,,,,
Louisiana,St. Bernard,872,5.8,1.43,26,17,34,0.83,26,22,36,47,23,14,12,16,44,36,52,5809,16,8100,18,33,44463,Small,,,,,,
Louisiana,Caddo,5341,6.2,1.09,32,25,38,1.57,,7,42,32,13,15,13,17,46,41,51,40898,16,39370,17,57,226386,Large,,,,,,
Louisiana,Ouachita,3237,6.1,1.18,29,23,36,1.28,,26,56,28,13,13,11,15,42,36,48,23740,15,27450,17,63,157568,Large,,,,,,
Louisiana,Union,571,5.7,1.52,29,19,39,1.2,,,68,84,42,14,12,16,44,36,52,3501,15,3980,19,57,20650,Small,,,,,,
Louisiana,Natchitoches,867,6.1,1.18,30,20,39,1.29,,,42,2,14,15,13,17,45,38,53,6040,15,6450,17,45,36291,Small,,,,,,
Louisiana,West Feliciana,343,7.3,0.15,19,12,26,0,,,32,,10,13,11,15,40,33,49,2321,15,1870,12,38,15371,Small,,,,,,
Louisiana,Morehouse,764,5.8,1.43,45,33,57,3.21,,,63,,32,16,14,18,45,37,53,3894,14,4910,19,54,23955,Small,,,,,,
Louisiana,Catahoula,234,6.2,1.09,46,34,59,3,,,61,,25,14,12,16,43,34,51,1416,14,1580,18,42,8414,Small,,,,,,
Louisiana,Franklin,496,6,1.26,36,23,50,2.13,,,62,,21,15,13,17,45,37,54,2707,13,3700,19,44,19285,Small,,,,,,
Louisiana,Calcasieu,3906,6.8,0.58,25,20,30,0.76,,13,46,37,12,13,12,15,43,38,49,25120,13,32010,15,59,203761,Large,,,,,,
Louisiana,St. John the Baptist,816,7.4,0.07,28,17,38,1.1,,,12,7,23,15,13,17,44,36,51,5767,13,5290,13,40,39592,Small,,,,,,
Louisiana,LaSalle,310,7,0.41,24,16,32,0.6,,,53,,25,12,11,14,40,32,48,1803,12,2200,15,42,14800,Small,,,,,,
Louisiana,Sabine,548,5.9,1.35,25,15,34,0.68,15,,54,2,23,14,12,16,46,38,55,2921,12,4390,20,51,21906,Small,,,,,,
Louisiana,Claiborne,323,6.1,1.18,38,25,50,2.28,,,76,88,22,18,16,20,45,37,53,2064,12,2680,19,38,13670,Small,,,,,,
Louisiana,East Baton Rouge,7984,7.2,0.24,25,20,30,0.74,,4,33,35,6,13,11,14,38,33,43,51591,12,64020,14,58,448467,Large,,,,,,
Louisiana,Avoyelles,909,5.6,1.6,37,29,46,2.26,33,,64,31,22,15,13,17,46,38,54,4866,12,8360,21,44,38408,Small,,,,,,
Louisiana,St. Charles,812,7.6,-0.1,19,13,25,0,,,30,9,6,11,10,13,37,30,45,5953,11,6450,12,48,50620,Small,,,,,,
Louisiana,Allen,552,6.4,0.92,23,15,32,0.54,,,61,,21,13,12,15,41,33,49,2897,11,4070,18,36,22112,Small,,,,,,
Louisiana,Bossier,2009,7,0.41,19,14,24,0,12,12,40,45,12,12,11,14,45,38,51,12783,11,19550,15,35,129795,Large,,,,,,
Louisiana,St. Landry,2060,6.4,0.92,30,20,40,1.34,,,43,20,15,15,13,17,48,41,56,9110,11,15040,18,48,81464,Small,,,,,,
Louisiana,Jackson,355,6,1.26,28,18,38,1.07,,,60,26,29,14,12,16,41,33,49,1746,11,3000,20,32,14746,Small,,,,,,
Louisiana,Terrebonne,2082,6.9,0.49,22,14,30,0.38,27,,31,25,16,12,11,14,41,34,47,11835,11,17370,16,39,103616,Large,,,,,,
Louisiana,Pointe Coupee,501,6.5,0.83,28,18,38,1.08,,,44,,19,14,12,16,42,34,50,2404,11,3650,18,56,20000,Small,,,,,,
Louisiana,St. Mary,1134,6.5,0.83,31,21,41,1.49,17,,45,24,20,15,13,17,45,37,52,5680,10,8800,18,39,47055,Small,,,,,,
Louisiana,Ascension,1713,8,-0.44,13,8,17,-0.78,,,29,20,7,11,10,13,37,31,43,10651,10,14630,12,42,131632,Large,,,,,,
Louisiana,Lafayette,3718,7.3,0.15,21,16,26,0.28,,20,44,25,13,12,11,14,35,30,40,20550,9,35900,15,47,249750,Large,,,,,,
Louisiana,De Soto,588,6.8,0.58,24,16,32,0.62,,,54,,15,14,12,15,40,33,48,2468,9,4490,17,56,27114,Small,,,,,,
Louisiana,Grant,466,7,0.41,25,17,33,0.79,,,35,79,14,13,12,15,39,31,47,1973,9,3570,16,80,21911,Small,,,,,,
Louisiana,Orleans,7574,7,0.41,33,26,39,1.68,23,15,44,25,4,14,12,15,38,33,43,30198,9,62320,16,66,364136,Large,,,,,,
Louisiana,St. James,392,8.1,-0.53,23,14,32,0.49,,,25,,1,14,12,15,44,36,53,1917,9,2270,11,42,19191,Small,,,,,,
Louisiana,Lafourche,1705,7.1,0.32,26,20,31,0.83,18,57,68,10,15,13,11,14,43,36,49,8123,8,15680,16,50,95056,Small,,,,,,
Louisiana,Jefferson Davis,728,7.2,0.24,23,15,31,0.5,,,27,28,16,12,10,14,42,35,50,2520,8,5140,16,35,31553,Small,,,,,,
Louisiana,St. Tammany,3967,7.6,-0.1,15,10,19,-0.56,40,16,29,32,13,11,10,12,35,31,40,18320,8,37480,14,53,275583,Large,,,,,,
Louisiana,Livingston,2571,7.7,-0.19,18,14,22,-0.11,,6,16,24,14,11,10,13,37,31,43,9993,8,19730,14,49,150145,Large,,,,,,
Louisiana,West Baton Rouge,486,7.9,-0.36,19,12,27,0.05,,,38,,14,13,12,15,41,33,49,1733,7,3540,13,15,28266,Small,,,,,,
Louisiana,Richland,456,6.9,0.49,37,26,48,2.23,,,50,5,18,15,13,17,43,36,52,1408,7,3510,18,52,19712,Small,,,,,,
Louisiana,Evangeline,771,6,1.26,28,17,39,1.16,,,50,31,17,16,14,18,46,38,54,2137,6,7100,22,61,31754,Small,,,,,,
Louisiana,Cameron,94,7.7,-0.19,19,12,26,-0.05,,,,,,12,10,14,40,31,50,401,6,790,15,,4768,Small,,,,,,
Louisiana,Iberia,1449,7,0.41,33,24,42,1.75,47,60,52,31,16,14,13,16,43,37,51,4266,6,12440,18,43,67659,Small,,,,,,
Louisiana,St. Martin,1031,7.5,-0.02,27,19,35,0.99,,,40,15,6,13,12,15,41,34,49,2982,6,7970,15,33,51057,Small,,,,,,
Louisiana,Winn,357,7.1,0.32,31,20,42,1.44,,,54,,27,14,12,16,44,35,52,860,6,2360,17,53,13216,Small,,,,,,
Louisiana,Jefferson,7571,7.6,-0.1,23,18,28,0.52,45,22,34,34,11,13,11,14,40,35,44,20897,5,67370,15,57,421777,Large,,,,,,
Louisiana,Washington,1277,6.8,0.58,31,21,41,1.49,,,54,22,22,15,13,17,43,36,51,1839,4,8830,19,39,44865,Small,,,,,,
Louisiana,Caldwell,272,6.8,0.58,29,18,40,1.23,,,65,,17,14,12,16,39,32,47,392,4,1870,19,46,9389,Small,,,,,,
Louisiana,Red River,202,7.4,0.07,34,22,46,1.9,,,75,,10,15,13,17,46,38,55,351,4,1300,17,49,7356,Small,,,,,,
Louisiana,Vermilion,1057,7.3,0.15,24,15,32,0.57,,58,58,22,15,13,11,14,39,32,47,2148,4,9920,17,61,56992,Small,,,,,,
Louisiana,Acadia,1418,6.9,0.49,32,23,40,1.54,,,49,47,26,12,11,14,37,30,44,1968,3,11240,20,57,56489,Small,,,,,,
Louisiana,Madison,234,6.3,1.01,48,30,66,3,,,59,60,25,19,16,21,47,39,56,370,3,2220,22,62,9246,Small,,,,,,
Louisiana,St. Helena,297,6.7,0.66,35,22,49,1.99,,,61,,6,15,13,17,46,38,55,307,3,2230,21,1,10774,Small,,,,,,
Louisiana,West Carroll,239,7.3,0.15,30,19,42,1.39,,,44,,15,13,12,15,41,33,50,251,2,1780,18,5,9323,Small,,,,,,
Louisiana,Iberville,721,8.2,-0.61,32,22,41,1.55,,,28,3,12,14,12,16,46,37,54,656,2,4330,14,35,29617,Small,,,,,,
Louisiana,Assumption,432,8.1,-0.53,27,17,36,0.95,,,15,,14,14,12,16,41,33,49,136,1,3180,15,55,20160,Small,,,,,,
Louisiana,East Feliciana,498,8.6,-0.96,23,14,32,0.5,,,20,20,4,13,12,15,40,33,48,89,0,2540,13,23,19229,Small,,,,,,
Maine,Penobscot,2768,7.8,-0.27,13,8,18,-0.74,4,14,27,17,14,9,8,10,39,35,43,8859,6,21870,14,59,155312,Large,,,,,,
Maine,Franklin,509,7.9,-0.36,16,9,22,-0.42,,,,11,12,8,7,9,33,29,38,1705,6,4070,14,67,30828,Small,,,,,,
Maine,Oxford,1101,7.7,-0.19,19,14,25,0.05,,,,22,19,9,8,10,37,32,42,3179,5,8480,15,,59905,Small,,,,,,
Maine,Aroostook,1335,7.4,0.07,15,9,22,-0.47,31,,8,13,17,10,9,11,42,37,46,3490,5,10880,16,76,67351,Small,,,,,,
Maine,Washington,793,7.2,0.24,21,13,28,0.21,24,,32,14,20,9,8,11,38,33,43,1559,5,5330,17,77,31555,Small,,,,,,
Maine,Somerset,1069,7.5,-0.02,18,10,26,-0.13,,,,,,9,8,10,37,33,42,2036,4,8190,16,82,51302,Small,,,,,,
Maine,Waldo,728,8.1,-0.53,19,12,25,-0.06,,,,12,17,8,7,9,34,29,38,1466,4,5540,14,,40620,Small,,,,,,
Maine,Cumberland,3523,8.8,-1.13,7,5,10,-1.45,,17,42,3,5,7,7,8,29,26,33,9894,4,32060,11,68,310230,Large,,,,,,
Maine,York,2996,8.6,-0.96,9,6,12,-1.25,,9,4,12,10,8,7,9,30,26,34,6589,3,24580,12,71,218586,Large,,,,,,
Maine,Sagadahoc,513,8.6,-0.96,11,7,15,-1,,,,1,11,8,7,9,31,26,35,1004,3,4320,12,69,37513,Small,,,,,,
Maine,Androscoggin,1937,8.2,-0.61,17,12,21,-0.3,,12,33,10,18,9,8,11,36,32,41,2657,2,15360,14,72,113765,Large,,,,,,
Maine,Kennebec,2090,8.3,-0.7,15,10,19,-0.53,,,11,15,16,9,8,10,34,29,38,2437,2,16820,14,72,127259,Large,,,,,,
Maine,Piscataquis,386,7.8,-0.27,20,11,29,0.12,,,,16,16,9,8,10,36,31,41,295,2,2740,16,82,17486,Small,,,,,,
Maine,Knox,574,8.7,-1.04,13,7,19,-0.74,,,,2,10,7,6,8,28,24,32,660,2,4850,12,,40977,Small,,,,,,
Maine,Hancock,892,8.5,-0.87,13,8,19,-0.72,,,,10,12,8,7,8,28,24,32,897,2,7070,13,61,56526,Small,,,,,,
Maine,Lincoln,546,8.8,-1.13,14,8,20,-0.64,,,,24,10,8,7,9,32,27,36,319,1,4190,12,,36507,Small,,,,,,
Maryland,Allegany,1403,6.7,0.66,22,15,30,0.41,,,41,18,19,12,10,13,37,33,42,7317,10,11760,17,54,67273,Small,,,,,,
Maryland,Wicomico,1711,7.5,-0.02,20,13,26,0.1,,6,24,20,11,12,11,13,37,32,41,8940,9,14400,14,38,104800,Large,,,,,,
Maryland,Cecil,2018,7.8,-0.27,13,8,17,-0.77,,25,20,16,12,11,10,12,38,33,42,6613,7,14180,14,40,105672,Large,,,,,,
Maryland,Worcester,889,7.8,-0.27,14,8,20,-0.58,,28,21,18,6,10,9,12,36,32,41,3103,6,7350,14,54,54171,Small,,,,,,
Maryland,Washington,2774,7.6,-0.1,15,11,20,-0.45,,6,33,25,10,11,10,12,42,38,46,8104,5,23320,15,45,155813,Large,,,,,,
Maryland,Somerset,469,7.4,0.07,27,16,37,0.95,,,26,14,10,14,12,15,44,37,50,1449,5,3970,16,44,24910,Small,,,,,,
Maryland,Calvert,1156,8.9,-1.21,6,4,9,-1.56,,,7,13,3,9,8,10,34,29,39,4641,5,8890,10,17,94728,Small,,,,,,
Maryland,Charles,2319,9.2,-1.47,9,6,12,-1.24,,7,7,7,9,12,11,13,43,39,47,7597,5,13180,8,41,171973,Large,,,,,,
Maryland,Dorchester,655,7.6,-0.1,23,14,32,0.52,,9,39,3,14,12,11,14,42,36,48,1627,5,4990,15,45,32879,Small,,,,,,
Maryland,Harford,3456,8.6,-0.96,8,5,11,-1.4,28,3,18,13,5,9,8,10,35,30,40,11414,5,29210,11,51,264644,Large,,,,,,
Maryland,Baltimore,12492,8.4,-0.79,10,7,13,-1.08,7,15,16,18,8,11,10,12,33,30,37,35615,4,102630,12,60,844703,Large,,,,,,
Maryland,Garrett,484,7.7,-0.19,15,8,21,-0.55,,,,12,13,10,9,12,37,32,43,1253,4,4480,16,,28423,Small,,,,,,
Maryland,St. Mary's,1569,8.5,-0.87,11,7,14,-1.05,,5,18,14,3,11,10,12,35,31,39,4370,4,13410,12,44,115281,Large,,,,,,
Maryland,Anne Arundel,6882,8.8,-1.13,7,4,10,-1.5,13,8,9,8,3,9,8,10,35,31,39,22244,4,61640,11,49,594582,Large,,,,,,
Maryland,Caroline,604,7.9,-0.36,16,10,23,-0.34,75,,34,21,15,12,10,14,39,33,45,1329,4,4820,15,32,33593,Small,,,,,,
Maryland,Queen Anne's,656,8.6,-0.96,8,5,11,-1.37,,,29,33,4,9,8,10,33,28,38,1725,4,5780,12,16,52508,Small,,,,,,
Maryland,Prince George's,12813,9.1,-1.38,14,11,17,-0.63,19,20,12,18,8,13,12,14,36,33,40,29867,3,88810,9,48,947430,Large,,,,,,
Maryland,Talbot,525,8.1,-0.53,14,9,19,-0.63,2,16,28,7,12,9,8,10,32,27,37,1229,3,5230,14,24,37823,Small,,,,,,
Maryland,Frederick,2793,8.7,-1.04,7,5,10,-1.45,13,3,16,15,4,10,9,11,31,28,35,7267,3,30360,11,43,293391,Large,,,,,,
Maryland,Carroll,2208,8.7,-1.04,6,4,8,-1.63,,13,18,16,3,9,7,10,32,27,37,5028,3,19730,11,39,176639,Large,,,,,,
Maryland,Howard,2441,9.2,-1.47,6,4,9,-1.57,11,2,18,3,1,9,8,10,27,23,31,5427,2,32130,10,39,336001,Large,,,,,,
Maryland,Montgomery,8177,8.9,-1.21,7,5,9,-1.47,3,6,14,13,2,9,8,10,24,21,27,17802,2,116990,11,46,1058474,Large,,,,,,
Maryland,Baltimore City,14164,7.9,-0.36,26,21,32,0.89,,20,31,26,10,14,12,15,39,35,43,11246,2,90750,16,68,565239,Large,,,,,,
Maryland,Kent,361,8.4,-0.79,19,12,26,0.01,,,29,15,6,10,8,11,39,33,45,78,0,2660,14,24,19303,Small,,,,,,
Massachusetts,Hampshire,1667,8.2,-0.61,12,8,15,-0.9,,5,30,25,7,8,7,10,28,23,33,19753,12,14380,9,53,162502,Large,,,,,,
Massachusetts,Barnstable,3115,8.6,-0.96,12,8,15,-0.93,41,22,9,32,6,7,6,8,27,22,31,19747,9,20900,9,59,231735,Large,,,,,,
Massachusetts,Dukes,198,8.7,-1.04,12,7,16,-0.92,,,,,,8,7,9,29,22,36,1460,9,1790,9,42,20819,Small,,,,,,
Massachusetts,Berkshire,2069,8.4,-0.79,17,11,22,-0.31,,8,39,30,12,8,7,9,29,24,34,7890,6,14430,11,60,126818,Large,,,,,,
Massachusetts,Franklin,1006,8.4,-0.79,15,10,19,-0.55,,57,40,29,12,7,6,8,26,21,31,3812,5,8230,12,51,70836,Small,,,,,,
Massachusetts,Worcester,10456,8.8,-1.13,13,11,16,-0.69,42,7,19,23,8,9,8,11,33,29,37,40893,5,86490,10,54,866866,Large,,,,,,
Massachusetts,Plymouth,6788,9.3,-1.55,9,6,11,-1.3,,10,21,17,4,8,7,9,30,26,35,23782,5,40450,8,83,535308,Large,,,,,,
Massachusetts,Hampden,6996,8.1,-0.53,26,22,30,0.91,62,10,30,36,10,11,10,13,36,31,41,22252,5,61700,13,61,460291,Large,,,,,,
Massachusetts,Essex,9047,8.9,-1.21,13,10,15,-0.81,23,13,17,21,6,9,7,10,31,27,35,30482,4,81480,10,57,810089,Large,,,,,,
Massachusetts,Bristol,8102,8.6,-0.96,18,16,21,-0.08,19,10,21,35,10,10,9,11,33,29,37,22462,4,65980,11,51,581841,Large,,,,,,
Massachusetts,Norfolk,6713,9.5,-1.72,7,5,8,-1.53,,7,13,10,4,8,7,9,27,23,31,24147,4,54760,8,57,727473,Large,,,,,,
Massachusetts,Nantucket,96,9.5,-1.72,7,4,9,-1.53,,,10,3,1,8,7,9,28,22,36,290,3,1130,8,68,14444,Small,,,,,,
Massachusetts,Middlesex,13733,9.4,-1.64,8,6,9,-1.41,19,6,19,17,4,7,6,8,22,19,25,38679,3,135440,8,54,1623952,Large,,,,,,
Massachusetts,Suffolk,7524,8.8,-1.13,20,16,25,0.16,7,18,27,30,9,10,9,11,28,25,32,1514,0,95770,12,69,768425,Large,,,,,,
Michigan,Schoolcraft,160,5.5,1.69,22,14,30,0.36,41,,,,22,11,9,12,38,30,46,1576,19,1490,19,,8149,Small,,,,,,
Michigan,Muskegon,3111,6.6,0.75,16,11,21,-0.34,9,,44,13,10,11,10,13,43,37,49,29827,17,24840,14,73,176564,Large,,,,,,
Michigan,Gratiot,676,6.4,0.92,19,14,25,0.05,,,,56,14,10,8,11,36,29,43,7029,17,6340,15,,41368,Small,,,,,,
Michigan,Mecosta,646,6.3,1.01,24,18,30,0.63,77,,84,40,21,10,9,12,33,26,41,6577,15,6670,17,46,41099,Small,,,,,,
Michigan,Ingham,4267,6.7,0.66,17,11,22,-0.29,3,18,41,20,10,9,8,11,34,29,39,40215,14,41990,15,50,284637,Large,,,,,,
Michigan,Mackinac,214,5.9,1.35,19,12,27,0.02,49,,,9,23,11,9,12,38,30,47,1553,14,2030,19,86,10851,Small,,,,,,
Michigan,Ontonagon,147,6.3,1.01,24,15,33,0.6,,,,,,10,9,11,38,30,47,895,13,1010,17,,5906,Small,,,,,,
Michigan,St. Clair,3036,7.1,0.32,14,10,19,-0.58,,,39,19,12,10,8,11,41,34,47,19967,12,23070,14,64,159874,Large,,,,,,
Michigan,Genesee,8380,6.8,0.58,25,20,29,0.71,23,23,41,22,14,10,9,12,39,34,44,48600,11,64960,16,69,401522,Large,,,,,,
Michigan,Calhoun,2749,7,0.41,19,13,26,0.05,7,10,44,15,16,11,9,12,39,33,46,15518,11,20200,15,60,133366,Large,,,,,,
Michigan,Saginaw,3535,6.7,0.66,23,16,29,0.44,,2,51,42,13,11,10,13,43,37,49,22772,11,31260,17,67,187782,Large,,,,,,
Michigan,Luce,112,6.3,1.01,27,17,37,0.97,21,,,,28,11,9,12,39,31,48,724,11,1010,19,,6435,Small,,,,,,
Michigan,Jackson,2873,7.2,0.24,19,14,23,-0.01,24,11,38,21,15,10,9,11,40,34,46,17395,11,22940,14,68,159424,Large,,,,,,
Michigan,Otsego,458,7.1,0.32,15,10,20,-0.46,,,6,6,12,10,8,11,34,27,42,2561,11,3810,15,51,25747,Small,,,,,,
Michigan,Lenawee,1696,7.4,0.07,13,9,18,-0.72,,,51,33,12,9,8,11,42,37,49,10295,10,13730,14,64,97520,Small,,,,,,
Michigan,Clinton,861,7.8,-0.27,7,5,10,-1.45,12,,14,19,11,8,7,9,36,29,43,7431,10,9640,12,48,79720,Small,,,,,,
Michigan,Shiawassee,1156,7.3,0.15,17,12,21,-0.3,,,19,45,15,9,8,11,36,29,44,6832,10,10020,15,75,68025,Small,,,,,,
Michigan,Berrien,2651,7.2,0.24,17,11,23,-0.25,84,0,46,24,18,10,9,11,40,34,46,14995,10,22970,15,71,152261,Large,,,,,,
Michigan,Mason,525,7.1,0.32,22,15,28,0.31,,,,24,29,9,8,11,39,32,47,2596,9,4640,16,,29159,Small,,,,,,
Michigan,Eaton,1662,7.8,-0.27,12,8,16,-0.87,,1,24,11,7,9,8,10,35,29,41,9479,9,14010,13,69,108820,Large,,,,,,
Michigan,Wexford,645,7.2,0.24,19,13,25,-0.04,,,,39,16,10,8,11,38,30,46,2750,8,5350,16,71,34122,Small,,,,,,
Michigan,Chippewa,566,6.8,0.58,18,12,23,-0.19,33,68,90,57,18,11,9,12,39,32,47,3135,8,6360,17,66,36264,Small,,,,,,
Michigan,Kalamazoo,3462,7.7,-0.19,15,11,18,-0.56,5,7,30,20,7,9,8,11,36,30,42,20206,8,35260,14,54,262215,Large,,,,,,
Michigan,Huron,579,7.4,0.07,18,13,23,-0.11,,,,23,14,9,8,11,39,31,47,2655,8,4630,15,,30927,Small,,,,,,
Michigan,Ottawa,2713,8.3,-0.7,8,5,10,-1.42,,11,21,16,5,8,7,9,36,30,42,20727,8,32270,11,62,303372,Large,,,,,,
Michigan,Dickinson,424,7.6,-0.1,14,9,20,-0.57,,,,,,9,7,10,32,25,40,2000,8,3640,14,,25982,Small,,,,,,
Michigan,Keweenaw,,7.9,-0.36,17,12,22,-0.29,,,,,,8,7,9,34,27,43,156,7,270,13,,2172,Small,,,,,,
Michigan,Ionia,903,7.9,-0.36,15,11,19,-0.52,,,,15,14,10,8,11,39,32,46,4384,7,8850,13,,66262,Small,,,,,,
Michigan,Tuscola,1041,7.3,0.15,20,14,25,0.08,13,,44,11,15,10,9,12,39,32,47,3788,7,8360,16,57,52826,Small,,,,,,
Michigan,Branch,745,7.5,-0.02,20,15,26,0.17,,,,13,22,10,9,12,40,32,47,2891,6,6860,15,53,45215,Small,,,,,,
Michigan,Emmet,465,7.8,-0.27,11,7,15,-1.04,36,,,18,12,8,7,9,31,25,39,2066,6,4680,14,,34123,Small,,,,,,
Michigan,Presque Isle,246,7.2,0.24,19,12,26,-0.03,,,,24,16,9,8,11,36,28,45,838,6,2180,17,,13285,Small,,,,,,
Michigan,Alcona,249,6.9,0.49,26,17,35,0.81,,,,,,10,9,11,37,29,45,674,6,1860,18,,10489,Small,,,,,,
Michigan,Alpena,520,7,0.41,20,13,26,0.07,,,1,41,22,10,8,11,39,31,47,1806,6,5080,18,77,28904,Small,,,,,,
Michigan,Washtenaw,3340,8.1,-0.53,14,11,17,-0.63,,10,32,14,7,9,7,10,30,27,34,20902,6,46300,13,56,365536,Large,,,,,,
Michigan,Roscommon,612,6.6,0.75,27,17,37,1,,,,1,26,10,9,11,35,28,44,1439,6,4620,20,,23863,Small,,,,,,
Michigan,Macomb,14047,8.1,-0.53,14,12,17,-0.58,58,15,22,19,11,10,9,11,37,33,41,49219,6,110580,13,51,875101,Large,,,,,,
Michigan,Iron,263,7.1,0.32,26,17,34,0.8,11,,,32,25,10,9,11,37,29,46,684,6,1990,17,,11740,Small,,,,,,
Michigan,Gladwin,600,7.2,0.24,22,14,31,0.38,,,,21,16,10,8,11,38,31,46,1433,6,4270,17,,25853,Small,,,,,,
Michigan,St. Joseph,1107,7.6,-0.1,14,9,20,-0.6,,,14,14,13,11,9,12,37,30,45,3378,6,9300,15,66,60878,Small,,,,,,
Michigan,Grand Traverse,1259,8,-0.44,9,6,12,-1.23,6,,,5,13,8,7,9,31,25,37,4662,5,12740,13,76,96421,Small,,,,,,
Michigan,Menominee,377,7.8,-0.27,20,15,26,0.15,48,,,21,8,9,8,11,37,29,46,1284,5,3390,15,,22945,Small,,,,,,
Michigan,Iosco,623,7,0.41,27,19,35,1.01,,,,29,22,11,9,12,38,31,46,1369,5,4510,18,62,25373,Small,,,,,,
Michigan,Bay,1972,7.4,0.07,16,11,22,-0.36,,,32,20,17,9,8,10,37,31,44,5663,5,16860,16,50,102500,Large,,,,,,
Michigan,Marquette,921,7.7,-0.19,13,9,18,-0.69,,,54,5,12,9,8,10,32,26,39,3424,5,9980,15,72,66999,Small,,,,,,
Michigan,Houghton,452,7.7,-0.19,14,10,18,-0.62,,,,22,11,9,8,11,34,28,42,1867,5,5630,15,,37599,Small,,,,,,
Michigan,Delta,681,7.4,0.07,17,11,22,-0.27,18,,,,19,9,8,10,36,29,43,1873,5,5990,16,,36790,Small,,,,,,
Michigan,Isabella,954,7.1,0.32,16,11,21,-0.34,19,,,11,24,11,9,12,39,31,46,3492,5,11430,18,52,64118,Small,,,,,,
Michigan,Sanilac,818,7.3,0.15,20,14,26,0.13,,,,12,23,10,9,12,39,31,46,2115,5,6770,17,,40368,Small,,,,,,
Michigan,Alger,136,7.6,-0.1,16,11,21,-0.37,6,,,8,6,10,8,11,35,27,43,470,5,1390,16,,8757,Small,,,,,,
Michigan,Gogebic,285,7.5,-0.02,26,17,36,0.87,3,,,22,18,10,9,11,37,29,45,799,5,2330,16,,14224,Small,,,,,,
Michigan,Allegan,1661,8.4,-0.79,12,9,15,-0.84,,11,11,33,11,9,8,10,32,26,38,5267,5,14570,12,57,121939,Large,,,,,,
Michigan,Midland,1068,8,-0.44,14,10,18,-0.61,,1,17,14,12,8,7,10,31,26,37,3951,5,11400,14,57,84039,Small,,,,,,
Michigan,Wayne,35996,7.6,-0.1,29,27,32,1.26,27,20,41,31,19,12,10,13,37,34,40,82549,5,274230,15,76,1751169,Large,,,,,,
Michigan,Baraga,167,7.4,0.07,19,12,26,0.01,19,,,,14,10,9,12,38,32,47,400,5,1370,17,,8310,Small,,,,,,
Michigan,Oakland,15058,8.6,-0.96,10,8,11,-1.18,,4,20,18,6,8,7,9,30,27,33,52554,4,140220,11,65,1270426,Large,,,,,,
Michigan,Oceana,442,7.4,0.07,21,14,27,0.21,,,8,22,17,10,9,12,38,30,46,1161,4,4370,16,,26981,Small,,,,,,
Michigan,Cheboygan,502,7.4,0.07,23,15,31,0.48,6,,,12,20,10,8,11,37,30,45,1013,4,4360,17,66,26048,Small,,,,,,
Michigan,Kent,7294,8.4,-0.79,13,10,16,-0.74,33,6,37,26,6,10,8,11,34,29,38,23231,4,81600,12,60,661354,Large,,,,,,
Michigan,Livingston,2202,8.9,-1.21,6,4,8,-1.65,17,16,10,2,5,8,7,9,35,30,41,6549,4,19640,10,76,196757,Large,,,,,,
Michigan,Cass,939,8,-0.44,17,11,22,-0.29,32,,15,36,21,9,8,11,35,28,43,1689,3,7520,15,54,51642,Small,,,,,,
Michigan,Monroe,2529,8.1,-0.53,13,9,17,-0.76,,,46,19,13,10,9,11,38,33,44,4886,3,21730,14,57,155045,Large,,,,,,
Michigan,Hillsdale,843,7.8,-0.27,19,13,25,-0.01,,,24,28,25,10,8,11,37,30,44,1056,2,7140,16,47,45587,Small,,,,,,
Michigan,Crawford,276,7.4,0.07,22,13,30,0.36,,,,,,10,9,12,38,30,47,308,2,2330,18,,13538,Small,,,,,,
Michigan,Manistee,516,7.9,-0.36,20,13,27,0.17,,,,16,19,9,8,10,38,30,46,527,2,3820,15,90,25562,Small,,,,,,
Michigan,Lapeer,1546,8.3,-0.7,12,9,16,-0.83,,,58,32,11,9,8,11,36,29,42,1827,2,11860,13,85,88977,Small,,,,,,
Michigan,Kalkaska,364,7.7,-0.19,20,14,27,0.17,,,,34,18,10,9,12,36,28,44,309,2,2980,17,,18490,Small,,,,,,
Michigan,Newaygo,805,7.8,-0.27,18,12,24,-0.14,,,,23,18,10,8,11,39,32,47,860,2,8120,16,57,51108,Small,,,,,,
Michigan,Missaukee,265,8,-0.44,17,11,22,-0.3,,,,14,13,10,8,11,38,30,46,257,2,2310,15,,15311,Small,,,,,,
Michigan,Van Buren,1333,8,-0.44,18,13,24,-0.09,,,52,23,14,10,9,12,40,32,47,1301,2,11320,15,58,75798,Small,,,,,,
Michigan,Clare,723,6.8,0.58,29,20,38,1.21,,,,58,27,10,9,12,42,34,51,410,1,6370,21,74,31316,Small,,,,,,
Michigan,Montmorency,246,6.9,0.49,25,16,35,0.75,,,,,,10,8,11,38,30,47,116,1,1870,20,,9678,Small,,,,,,
Michigan,Leelanau,263,8.8,-1.13,10,6,14,-1.08,58,,,53,5,8,7,9,31,25,39,247,1,2650,12,,23019,Small,,,,,,
Michigan,Montcalm,1104,8.2,-0.61,18,12,25,-0.08,,,7,17,16,10,9,11,39,33,46,661,1,9850,15,82,68154,Small,,,,,,
Michigan,Lake,278,7.1,0.32,33,21,45,1.73,,,41,21,22,12,10,13,42,34,51,69,1,2430,20,40,12734,Small,,,,,,
Michigan,Oscoda,227,7.4,0.07,28,19,37,1.08,,,,21,21,10,9,12,37,29,45,48,1,1510,18,,8545,Small,,,,,,
Michigan,Charlevoix,394,8.5,-0.87,13,8,18,-0.74,,,,1,11,9,8,11,37,29,45,104,0,3480,13,,26159,Small,,,,,,
Michigan,Antrim,356,8.4,-0.79,16,10,22,-0.41,,,,19,11,8,7,9,35,27,43,14,0,3310,14,,24409,Small,,,,,,
Michigan,Osceola,371,7.8,-0.27,22,15,28,0.33,,,,23,19,10,8,11,39,31,47,6,0,3840,17,,23330,Small,,,,,,
Michigan,Ogemaw,503,7.4,0.07,23,15,31,0.45,,,,43,25,10,9,12,38,30,47,5,0,3910,19,,20990,Small,,,,,,
Michigan,Barry,869,8.8,-1.13,11,7,14,-1.04,,,,22,8,8,7,9,34,28,40,4,0,7820,13,73,63808,Small,,,,,,
Michigan,Arenac,339,7.7,-0.19,23,15,31,0.47,,,,14,17,10,9,11,38,31,47,0,0,2590,17,,15145,Small,,,,,,
Michigan,Benzie,293,,0,14,9,19,-0.61,,,,77,8,9,8,10,35,27,44,,,2540,14,,18441,Small,,,,,,
Minnesota,Red Lake,,6.6,0.75,11,7,16,-0.94,58,,,,5,10,8,11,37,29,45,1074,26,400,10,,3911,Small,,,,,,
Minnesota,Blue Earth,611,7.4,0.07,11,6,15,-1.04,10,,20,12,12,10,9,11,42,36,48,10875,17,7350,11,38,70006,Small,,,,,,
Minnesota,Mahnomen,140,6.3,1.01,27,19,36,1,36,,,39,9,13,12,15,44,36,53,900,17,850,16,,5280,Small,,,,,,
Minnesota,Beltrami,782,7,0.41,20,14,25,0.07,31,,66,39,11,10,9,12,41,36,47,6991,16,5960,13,80,46718,Small,,,,,,
Minnesota,Marshall,111,7.8,-0.27,10,6,13,-1.13,,,,21,9,9,8,10,42,35,50,1474,16,840,9,,8810,Small,,,,,,
Minnesota,Clearwater,141,7.1,0.32,18,11,25,-0.08,29,,,13,8,10,8,11,39,32,47,1317,15,1120,13,,8644,Small,,,,,,
Minnesota,Lyon,274,7.7,-0.19,11,6,15,-1.04,,4,85,37,6,9,8,11,46,38,53,3762,15,2690,11,46,25427,Small,,,,,,
Minnesota,Grant,88,7.7,-0.19,12,8,17,-0.84,,,,17,15,9,8,11,38,31,46,860,14,630,10,,6139,Small,,,,,,
Minnesota,Koochiching,220,7.4,0.07,15,9,21,-0.45,14,,,,20,9,8,11,37,30,45,1846,14,1490,12,,11751,Small,,,,,,
Minnesota,Kandiyohi,475,7.9,-0.36,15,10,20,-0.55,,20,71,11,6,10,8,11,37,30,43,5575,13,4380,10,69,43813,Small,,,,,,
Minnesota,Becker,514,7.8,-0.27,15,10,19,-0.55,59,,59,33,11,9,8,10,39,34,45,4149,13,3780,11,66,35283,Small,,,,,,
Minnesota,Waseca,221,8.3,-0.7,10,6,14,-1.09,,,,22,4,9,8,10,41,34,49,2429,13,1670,9,,18981,Small,,,,,,
Minnesota,McLeod,428,8.2,-0.61,9,6,11,-1.29,23,,,19,7,9,8,10,40,34,47,4371,12,3430,9,75,36785,Small,,,,,,
Minnesota,Redwood,217,8.2,-0.61,14,10,17,-0.64,18,58,,16,9,9,8,11,39,31,47,1873,12,1490,10,,15288,Small,,,,,,
Minnesota,Todd,326,7.9,-0.36,14,9,20,-0.58,,,,31,16,10,8,11,41,34,48,2834,11,2750,11,,25667,Small,,,,,,
Minnesota,Aitkin,279,7.5,-0.02,16,10,22,-0.36,15,,,9,14,9,8,11,36,30,44,1837,11,2060,13,,16102,Small,,,,,,
Minnesota,Nobles,227,8.2,-0.61,13,8,18,-0.74,11,55,10,21,8,11,10,13,41,33,49,2115,10,2350,11,63,21727,Small,,,,,,
Minnesota,Big Stone,77,8.1,-0.53,15,9,20,-0.56,,,,15,18,9,8,11,43,35,51,518,10,560,11,,5105,Small,,,,,,
Minnesota,Nicollet,302,8.4,-0.79,8,5,11,-1.35,,,11,29,6,9,8,10,37,30,43,3200,10,3270,10,55,34242,Small,,,,,,
Minnesota,Yellow Medicine,134,8.4,-0.79,11,7,15,-0.99,17,,,4,6,9,8,11,40,32,48,986,9,930,10,,9467,Small,,,,,,
Minnesota,Morrison,478,8.1,-0.53,11,7,15,-1,,,,13,10,9,8,10,40,33,46,3101,9,3700,11,,34250,Small,,,,,,
Minnesota,Renville,216,8.3,-0.7,13,8,17,-0.79,,,61,25,9,10,8,11,38,31,46,1463,9,1520,10,58,14348,Small,,,,,,
Minnesota,Pipestone,138,8.2,-0.61,12,8,17,-0.82,,,,21,7,10,8,11,40,32,47,885,9,1000,11,44,9245,Small,,,,,,
Minnesota,Norman,98,8.3,-0.7,14,9,19,-0.66,,,,20,12,9,8,10,38,31,46,629,9,650,10,,6329,Small,,,,,,
Minnesota,St. Louis,3113,8,-0.44,12,9,16,-0.82,42,1,31,12,11,9,8,10,37,33,41,18320,9,23040,12,69,200514,Large,,,,,,
Minnesota,Roseau,236,8.5,-0.87,10,7,14,-1.09,24,,,26,13,9,7,10,33,27,41,1414,9,1450,10,51,15252,Small,,,,,,
Minnesota,Cook,,8.4,-0.79,16,10,22,-0.34,29,,,,23,8,7,10,35,27,43,462,9,560,10,,5639,Small,,,,,,
Minnesota,Lake of the Woods,,8.3,-0.7,15,9,21,-0.47,,,,,,9,8,11,38,30,47,353,9,390,10,,3778,Small,,,,,,
Minnesota,Itasca,787,7.9,-0.36,16,11,21,-0.36,73,,29,6,14,8,7,10,35,29,41,3922,9,5480,12,,45365,Small,,,,,,
Minnesota,Polk,464,8.2,-0.61,12,7,17,-0.88,,,78,38,6,9,8,11,39,33,45,2706,9,3440,11,62,30412,Small,,,,,,
Minnesota,Freeborn,440,8.5,-0.87,13,7,18,-0.81,,7,30,26,6,10,9,12,41,34,48,2593,8,3080,10,68,30515,Small,,,,,,
Minnesota,Kittson,,8.5,-0.87,12,7,17,-0.82,,,,,,9,8,11,39,31,47,369,8,410,10,,4060,Small,,,,,,
Minnesota,Benton,470,8.5,-0.87,14,11,17,-0.62,11,5,36,12,7,9,7,10,37,31,44,3046,8,4140,10,77,41600,Small,,,,,,
Minnesota,Meeker,283,8.7,-1.04,8,5,11,-1.34,87,,,6,8,9,8,10,41,34,48,1823,8,2080,9,,23490,Small,,,,,,
Minnesota,Isanti,494,8.6,-0.96,8,5,11,-1.39,,1,83,9,9,9,7,10,39,32,45,2935,8,3940,10,74,43182,Small,,,,,,
Minnesota,Martin,264,8.1,-0.53,15,9,21,-0.48,,,,40,12,9,8,10,38,31,45,1590,8,2330,12,,19657,Small,,,,,,
Minnesota,Stearns,1665,8.5,-0.87,12,8,16,-0.85,,33,39,22,6,10,8,11,38,34,43,11074,7,16140,10,69,160977,Large,,,,,,
Minnesota,Swift,135,8.3,-0.7,13,8,18,-0.79,,,11,50,6,10,8,11,40,32,48,713,7,1110,11,,9719,Small,,,,,,
Minnesota,Douglas,477,8.8,-1.13,9,5,12,-1.3,,,,7,7,9,8,10,39,32,45,2492,7,3570,9,,39953,Small,,,,,,
Minnesota,Anoka,3903,9.3,-1.55,8,5,10,-1.41,4,8,15,13,6,9,8,10,36,33,40,21543,7,26300,7,46,372441,Large,,,,,,
Minnesota,Rice,660,9,-1.3,11,8,15,-0.98,69,3,27,17,7,9,8,10,35,30,41,4062,6,5750,9,73,67948,Small,,,,,,
Minnesota,Hubbard,290,8.4,-0.79,14,9,19,-0.64,32,,,17,7,9,8,10,40,34,47,1288,6,2360,11,,22132,Small,,,,,,
Minnesota,Washington,2319,9.5,-1.72,5,4,7,-1.71,,4,8,15,3,7,6,8,31,28,35,14541,6,17390,7,47,278936,Large,,,,,,
Minnesota,Otter Tail,807,8.7,-1.04,12,8,16,-0.85,32,,,25,6,10,9,12,38,33,44,3423,6,5890,10,78,60626,Small,,,,,,
Minnesota,Mower,485,8.7,-1.04,17,14,21,-0.22,,29,30,38,9,10,9,12,41,33,48,2286,6,4100,10,53,40058,Small,,,,,,
Minnesota,Wilkin,96,8.5,-0.87,11,7,14,-1.04,,,,,,9,8,11,41,33,49,374,6,720,11,,6306,Small,,,,,,
Minnesota,Jackson,120,8.9,-1.21,10,6,14,-1.14,,,,4,8,8,7,10,40,32,48,553,5,950,10,,9919,Small,,,,,,
Minnesota,Ramsey,6703,8.7,-1.04,15,12,19,-0.48,34,27,33,16,6,10,9,11,33,30,36,26521,5,57430,11,51,536075,Large,,,,,,
Minnesota,Cass,596,8.4,-0.79,21,16,26,0.21,43,,,40,14,10,9,11,38,32,44,1489,5,3490,12,,31446,Small,,,,,,
Minnesota,Steele,425,9,-1.3,10,6,14,-1.15,,,46,8,6,9,8,10,37,31,44,1874,5,3290,9,47,37421,Small,,,,,,
Minnesota,Chippewa,170,8.5,-0.87,20,16,24,0.13,92,16,,45,12,9,8,10,42,34,50,632,5,1410,11,,12172,Small,,,,,,
Minnesota,Pennington,187,8.7,-1.04,11,7,15,-1.04,,,,6,13,9,8,10,31,25,37,702,5,1480,11,,13714,Small,,,,,,
Minnesota,Chisago,664,9.3,-1.55,6,4,8,-1.63,,39,,26,5,9,7,10,38,32,45,2635,5,4480,8,,58535,Small,,,,,,
Minnesota,Dakota,3961,9.5,-1.72,6,4,9,-1.56,8,5,18,11,4,9,8,10,33,30,36,18555,5,31260,7,46,447440,Large,,,,,,
Minnesota,Clay,682,8.7,-1.04,13,9,17,-0.74,31,,61,24,11,9,8,10,35,30,41,2690,5,7050,11,44,66258,Small,,,,,,
Minnesota,Faribault,213,8.7,-1.04,13,9,18,-0.71,,,,46,9,9,8,10,37,30,45,650,4,1490,11,,13873,Small,,,,,,
Minnesota,Pine,510,8.5,-0.87,14,9,19,-0.67,63,23,13,21,10,10,8,11,39,32,46,1281,4,3410,12,45,30197,Small,,,,,,
Minnesota,Kanabec,272,8.6,-0.96,13,7,18,-0.81,,,,13,9,9,8,11,38,31,45,699,4,1770,11,,16602,Small,,,,,,
Minnesota,Scott,1188,9.7,-1.89,6,4,8,-1.65,5,1,23,8,2,8,7,10,34,29,39,5552,4,9310,6,48,155814,Large,,,,,,
Minnesota,Carlton,521,8.5,-0.87,8,5,12,-1.31,33,2,,25,12,9,8,10,41,35,47,1493,4,4200,12,69,36825,Small,,,,,,
Minnesota,Rock,123,9.1,-1.38,10,6,13,-1.14,,,,26,9,9,8,11,38,30,46,409,4,850,9,,9551,Small,,,,,,
Minnesota,Brown,288,9.1,-1.38,7,4,10,-1.51,,,8,23,6,9,8,11,40,33,47,1047,4,2310,9,74,25628,Small,,,,,,
Minnesota,Sherburne,916,9.5,-1.72,6,4,9,-1.57,,4,1,4,3,9,7,10,38,32,43,3425,4,7040,7,72,102206,Large,,,,,,
Minnesota,Hennepin,13472,9.2,-1.47,11,9,13,-0.97,25,9,29,18,3,8,7,9,27,25,30,43966,4,110400,9,55,1258713,Large,,,,,,
Minnesota,Carver,759,9.8,-1.98,4,2,5,-1.88,25,,15,4,4,7,6,8,33,28,38,3431,4,6470,6,53,111057,Large,,,,,,
Minnesota,Murray,84,9.1,-1.38,11,7,15,-0.99,,,,19,5,10,8,11,41,33,49,328,4,740,9,,8049,Small,,,,,,
Minnesota,Crow Wing,917,8.7,-1.04,11,7,14,-1.05,,,34,15,11,9,8,10,39,33,44,2332,4,7200,11,69,68304,Small,,,,,,
Minnesota,Traverse,,9,-1.3,18,12,24,-0.13,41,,,16,5,9,8,11,38,31,46,132,4,330,10,,3136,Small,,,,,,
Minnesota,Lake,163,8.7,-1.04,11,7,15,-1,,,,,,9,8,10,35,28,42,378,3,1200,11,,10855,Small,,,,,,
Minnesota,Stevens,70,9,-1.3,8,5,11,-1.37,,15,,8,3,9,8,11,38,30,46,335,3,930,10,30,9728,Small,,,,,,
Minnesota,Lac qui Parle,119,9,-1.3,10,6,15,-1.06,,,,32,8,9,8,10,35,28,43,247,3,660,10,,6630,Small,,,,,,
Minnesota,Dodge,176,9.6,-1.81,8,6,11,-1.31,,,81,16,5,8,7,9,38,30,46,674,3,1450,7,84,21088,Small,,,,,,
Minnesota,Pope,159,9,-1.3,9,5,12,-1.26,,,,29,11,9,8,10,38,31,46,333,3,1110,10,,11400,Small,,,,,,
Minnesota,Winona,490,9,-1.3,11,7,15,-0.97,,,89,8,7,9,8,10,35,29,41,1556,3,4950,10,63,49721,Small,,,,,,
Minnesota,Goodhue,601,9.2,-1.47,7,4,10,-1.46,32,9,79,23,8,8,7,10,36,31,42,1388,3,4300,9,56,48035,Small,,,,,,
Minnesota,Lincoln,70,9.1,-1.38,9,5,13,-1.24,,,,,,9,8,11,38,31,46,172,3,550,10,,5521,Small,,,,,,
Minnesota,Wright,1328,9.7,-1.89,5,3,6,-1.76,8,6,1,24,4,9,7,10,37,32,42,3628,3,9730,7,69,151150,Large,,,,,,
Minnesota,Mille Lacs,470,8.6,-0.96,13,8,17,-0.77,40,,,11,10,10,9,11,43,36,49,684,3,3180,12,,27427,Small,,,,,,
Minnesota,Houston,214,9.4,-1.64,7,4,10,-1.46,,,,3,4,9,8,10,38,31,46,485,3,1570,8,,18582,Small,,,,,,
Minnesota,Olmsted,1432,9.5,-1.72,9,5,12,-1.29,,7,35,7,3,9,8,10,35,30,41,3532,2,12930,8,51,164784,Large,,,,,,
Minnesota,Wadena,209,8.6,-0.96,15,10,21,-0.46,,,,,,10,8,11,43,35,51,312,2,1700,12,56,14241,Small,,,,,,
Minnesota,Wabasha,242,9.3,-1.55,8,5,11,-1.39,,,,39,8,8,7,9,33,26,40,466,2,1910,9,,21683,Small,,,,,,
Minnesota,Cottonwood,147,8.8,-1.13,14,9,20,-0.58,,32,,30,14,10,9,12,39,31,47,241,2,1310,11,61,11319,Small,,,,,,
Minnesota,Le Sueur,323,9.4,-1.64,7,4,10,-1.51,,,,27,4,9,8,11,39,32,46,410,1,2500,9,60,29255,Small,,,,,,
Minnesota,Watonwan,147,9,-1.3,12,8,17,-0.83,,,,26,20,10,9,12,39,32,47,123,1,1220,11,,11077,Small,,,,,,
Minnesota,Sibley,151,9.3,-1.55,10,6,13,-1.13,,,,39,6,9,8,11,41,33,49,122,1,1430,10,40,15084,Small,,,,,,
Minnesota,Fillmore,230,9.5,-1.72,12,8,17,-0.84,,,20,9,13,9,8,11,37,30,45,155,1,1920,9,,21522,Small,,,,,,
Mississippi,Quitman,213,0.4,3,46,29,62,3,,,49,,50,18,16,21,50,42,59,5148,63,1270,21,35,5546,Small,,,,,,
Mississippi,Tallahatchie,310,4.1,2.88,40,26,54,2.63,,,54,,27,16,15,18,45,38,53,4826,31,2400,19,48,11837,Small,,,,,,
Mississippi,Bolivar,962,3.9,3.05,45,36,55,3.26,,,62,,13,16,14,18,46,39,53,9499,28,6510,21,59,28968,Small,,,,,,
Mississippi,Sunflower,760,4.6,2.46,40,26,53,2.54,,,49,,22,17,15,20,48,40,55,7345,25,5100,20,36,24468,Small,,,,,,
Mississippi,Kemper,200,4.9,2.2,36,22,50,2.09,,,62,,5,15,13,17,47,39,56,2506,24,1670,19,13,8584,Small,,,,,,
Mississippi,Leflore,856,4.8,2.28,39,24,54,2.46,,,52,35,6,19,17,21,46,38,54,6733,21,5760,21,59,26378,Small,,,,,,
Mississippi,Carroll,252,5,2.11,24,15,33,0.58,,,57,,13,15,13,17,42,34,50,2164,20,1980,20,30,9535,Small,,,,,,
Mississippi,Yazoo,622,4.6,2.46,34,21,48,1.88,,,58,,12,17,15,19,45,37,54,5709,20,6000,22,55,25796,Small,,,,,,
Mississippi,Oktibbeha,683,5.4,1.77,25,17,34,0.79,,,37,7,10,14,13,16,41,35,47,9251,19,9440,18,27,51203,Small,,,,,,
Mississippi,Holmes,507,4.2,2.8,46,30,61,3,,,,,,20,17,22,53,44,61,3547,18,4140,25,22,15777,Small,,,,,,
Mississippi,Washington,1322,4.8,2.28,47,35,59,3.44,,,52,73,5,16,14,18,45,38,51,9024,18,9820,22,45,41946,Small,,,,,,
Mississippi,Lauderdale,1686,5.3,1.86,33,25,42,1.78,,,57,37,23,14,13,16,39,33,46,13921,17,14670,20,53,70527,Small,,,,,,
Mississippi,Benton,205,5.7,1.52,30,18,42,1.37,,,54,,19,14,12,16,44,35,53,1480,17,1410,19,52,7438,Small,,,,,,
Mississippi,Lafayette,723,6.3,1.01,15,9,20,-0.53,,18,24,14,12,12,10,13,40,33,47,7954,17,8850,16,25,58467,Small,,,,,,
Mississippi,Scott,633,5.6,1.6,28,19,37,1.13,,,39,39,17,16,14,18,46,38,53,4581,16,5340,19,28,27507,Small,,,,,,
Mississippi,Coahoma,742,4.9,2.2,43,27,58,2.91,,,56,8,8,19,17,22,48,41,56,4171,16,4740,22,40,20077,Small,,,,,,
Mississippi,Hancock,1037,5.9,1.35,20,13,28,0.16,,,41,31,18,11,10,13,36,29,44,6786,15,8360,18,58,46159,Small,,,,,,
Mississippi,Issaquena,,4.8,2.28,63,38,88,3,,,,,,16,14,19,46,37,55,217,15,280,23,,1256,Small,,,,,,
Mississippi,Attala,414,5.7,1.52,28,17,38,1.08,,,42,,20,15,13,17,44,37,52,3015,15,3420,19,36,17359,Small,,,,,,
Mississippi,Adams,769,5.6,1.6,32,20,44,1.64,,,54,59,6,16,14,18,44,37,51,4975,15,5740,20,52,28746,Small,,,,,,
Mississippi,Franklin,205,5.1,2.03,25,15,34,0.71,,,53,,20,14,12,16,42,34,51,1220,15,1690,22,26,7610,Small,,,,,,
Mississippi,Hinds,5111,6.4,0.92,30,23,37,1.34,19,8,36,31,6,16,14,18,47,41,53,36419,15,36390,16,57,214870,Large,,,,,,
Mississippi,Harrison,4330,5.7,1.52,20,15,26,0.15,,26,42,39,11,12,11,14,35,30,40,27752,15,40530,19,43,210612,Large,,,,,,
Mississippi,Lowndes,1232,6.3,1.01,27,18,36,0.96,2,,44,28,6,14,12,16,44,38,51,8835,15,9890,17,46,57283,Small,,,,,,
Mississippi,Tate,645,6.3,1.01,20,12,27,0.1,,,46,,14,13,11,15,40,33,49,4065,14,4840,17,25,28261,Small,,,,,,
Mississippi,Copiah,705,6.2,1.09,31,20,42,1.46,,,47,58,21,15,13,17,46,38,55,4012,14,4990,18,47,27664,Small,,,,,,
Mississippi,Stone,410,5.6,1.6,22,14,31,0.38,,,54,48,21,13,11,15,41,33,50,2237,13,3820,21,47,18756,Small,,,,,,
Mississippi,Walthall,365,6,1.26,31,19,43,1.47,,,19,63,6,14,12,16,41,34,50,1859,12,2690,19,27,13863,Small,,,,,,
Mississippi,Humphreys,271,5.1,2.03,47,29,66,3,,,44,,14,20,18,23,51,43,59,1113,12,1810,23,24,7216,Small,,,,,,
Mississippi,Jackson,2889,6.2,1.09,18,12,23,-0.18,,11,38,25,8,11,10,13,38,32,44,16225,12,27040,19,55,146389,Large,,,,,,
Mississippi,Leake,487,6,1.26,30,19,40,1.31,56,,37,39,12,15,13,17,45,37,53,2713,11,4160,20,42,21258,Small,,,,,,
Mississippi,Clay,440,6.8,0.58,31,19,43,1.49,,,43,,8,16,14,18,43,35,51,2315,11,3010,16,21,18206,Small,,,,,,
Mississippi,DeSoto,3137,7.4,0.07,12,9,16,-0.83,,4,21,18,10,11,10,13,40,34,46,17716,11,25020,13,32,193247,Large,,,,,,
Mississippi,Panola,819,6.4,0.92,36,27,45,2.09,,,38,78,15,16,14,18,46,38,54,3686,11,5990,18,36,32669,Small,,,,,,
Mississippi,Lamar,901,6.6,0.75,15,10,20,-0.5,,,49,39,10,11,10,13,40,33,46,5793,10,11130,17,41,66217,Small,,,,,,
Mississippi,Winston,395,5.8,1.43,42,32,52,2.85,,,69,,30,15,13,17,45,38,53,1969,10,3720,21,24,17416,Small,,,,,,
Mississippi,Marshall,939,6.6,0.75,31,21,40,1.42,,,48,53,20,15,13,17,44,36,53,3784,10,6030,18,39,34123,Small,,,,,,
Mississippi,Montgomery,312,6.1,1.18,33,21,45,1.75,,,56,,13,16,14,18,46,38,53,1093,10,1940,20,21,9600,Small,,,,,,
Mississippi,Perry,321,5.5,1.69,28,18,38,1.15,,,41,91,12,14,12,16,42,33,50,1210,10,2600,23,23,11315,Small,,,,,,
Mississippi,Jefferson Davis,327,6.5,0.83,38,24,52,2.38,,,48,,49,16,14,18,44,35,52,1195,10,2050,18,12,10969,Small,,,,,,
Mississippi,Yalobusha,344,6.5,0.83,28,18,39,1.16,,,65,,14,14,13,16,43,35,52,1169,9,2320,19,24,12386,Small,,,,,,
Mississippi,Claiborne,213,6.4,0.92,42,26,57,2.8,,,34,,64,18,16,21,51,42,60,879,9,1720,19,33,8617,Small,,,,,,
Mississippi,Jones,1516,6.4,0.92,25,17,33,0.74,14,,60,45,13,13,11,14,43,37,50,6135,9,12770,19,55,66250,Small,,,,,,
Mississippi,Forrest,1584,6.1,1.18,21,12,30,0.23,,,46,39,10,14,12,16,44,38,51,6761,9,15770,20,53,78208,Small,,,,,,
Mississippi,Newton,492,6.1,1.18,24,15,33,0.64,,,45,,17,14,12,16,44,37,52,1953,9,4280,20,35,21019,Small,,,,,,
Mississippi,Warren,1069,6.8,0.58,32,23,42,1.62,,,49,,9,13,11,15,42,34,50,4173,9,7690,17,43,42298,Small,,,,,,
Mississippi,Wilkinson,238,6.5,0.83,37,22,51,2.17,,,,,,17,15,20,49,41,58,840,8,1580,19,6,8058,Small,,,,,,
Mississippi,Tunica,270,6.4,0.92,42,26,57,2.78,,,61,,23,19,16,21,50,42,59,908,8,1890,19,25,9234,Small,,,,,,
Mississippi,Rankin,2420,7.5,-0.02,11,7,15,-0.95,14,1,25,20,9,11,9,12,36,30,43,11690,8,22530,14,27,160417,Large,,,,,,
Mississippi,Lawrence,315,6,1.26,26,16,35,0.81,,,32,14,26,15,13,16,43,35,51,1061,8,2540,21,33,11741,Small,,,,,,
Mississippi,Alcorn,788,6.1,1.18,23,16,31,0.53,,,48,6,15,12,11,14,42,35,50,2893,8,7200,21,52,34135,Small,,,,,,
Mississippi,Lincoln,807,6.6,0.75,24,16,32,0.64,,,30,,27,14,12,16,43,36,50,2571,7,6640,19,47,34702,Small,,,,,,
Mississippi,Noxubee,236,6.7,0.66,37,22,52,2.23,,,,,,17,15,19,47,39,55,833,7,1900,19,24,9914,Small,,,,,,
Mississippi,Wayne,464,6.5,0.83,31,19,43,1.44,,,39,43,25,14,12,16,46,37,54,1463,7,3790,19,47,19703,Small,,,,,,
Mississippi,Lee,1696,7.3,0.15,18,13,24,-0.09,,71,37,30,6,13,11,14,41,34,47,5714,7,13180,16,42,82799,Small,,,,,,
Mississippi,Amite,348,5.9,1.35,29,19,40,1.27,,,70,,16,15,13,17,45,37,54,894,7,2840,22,22,12442,Small,,,,,,
Mississippi,Itawamba,516,7.2,0.24,17,11,23,-0.24,,,,,,11,10,13,38,30,46,1546,7,3900,16,68,24093,Small,,,,,,
Mississippi,Simpson,676,7,0.41,28,19,37,1.08,,,40,20,15,13,11,15,42,34,50,1795,7,4560,18,23,25715,Small,,,,,,
Mississippi,Clarke,371,6.4,0.92,27,16,37,0.92,,,44,19,10,14,12,16,45,37,53,1070,6,3130,20,35,15228,Small,,,,,,
Mississippi,Choctaw,180,6.5,0.83,27,16,38,0.99,,,37,,14,13,11,15,42,34,50,543,6,1600,20,34,8088,Small,,,,,,
Mississippi,Pontotoc,646,6.7,0.66,19,12,26,-0.04,,,28,32,15,12,10,14,43,36,51,1847,6,5850,19,34,31535,Small,,,,,,
Mississippi,Marion,692,6.4,0.92,27,17,37,0.97,,,35,,25,14,12,16,44,36,52,1656,6,4950,20,29,24224,Small,,,,,,
Mississippi,Grenada,569,6.7,0.66,29,19,40,1.26,,,38,,19,15,13,17,45,37,53,1296,6,4110,19,41,21065,Small,,,,,,
Mississippi,Chickasaw,411,6.4,0.92,26,16,36,0.86,,,46,1,20,15,13,17,47,39,55,1009,6,3480,21,23,16866,Small,,,,,,
Mississippi,Pearl River,1448,6.7,0.66,23,16,31,0.54,,,27,24,17,11,10,13,40,33,48,3193,6,10750,19,68,57978,Small,,,,,,
Mississippi,Pike,1057,6.1,1.18,34,23,45,1.86,,,51,56,19,16,14,18,46,39,53,2305,6,8690,22,34,39394,Small,,,,,,
Mississippi,Union,552,7.1,0.32,20,13,26,0.06,,,27,56,12,12,10,13,40,32,48,1548,6,4840,17,34,28284,Small,,,,,,
Mississippi,George,585,6.2,1.09,19,11,26,-0.04,,,70,,18,12,11,14,40,33,49,1282,6,5310,22,56,25619,Small,,,,,,
Mississippi,Smith,325,6.9,0.49,24,15,32,0.55,,,54,,11,14,12,16,42,34,51,896,5,2630,18,38,14099,Small,,,,,,
Mississippi,Jasper,451,7.3,0.15,28,18,39,1.13,,,39,,12,15,13,17,44,36,53,894,5,2690,17,40,16013,Small,,,,,,
Mississippi,Sharkey,135,6.5,0.83,52,32,71,3,,,43,,24,19,17,21,50,41,59,229,5,810,21,17,3336,Small,,,,,,
Mississippi,Jefferson,197,6,1.26,40,25,55,2.64,,,,,,19,17,21,52,44,60,349,5,1640,23,39,6941,Small,,,,,,
Mississippi,Madison,1553,8.2,-0.61,13,8,18,-0.74,,,24,51,6,11,9,12,37,31,44,4006,4,14250,13,48,112511,Large,,,,,,
Mississippi,Monroe,841,7.4,0.07,24,16,31,0.57,,,22,,17,14,12,15,41,34,48,1431,4,5780,17,53,33609,Small,,,,,,
Mississippi,Webster,265,7,0.41,23,14,31,0.44,,,42,,14,12,10,14,40,32,48,370,4,1850,19,32,9988,Small,,,,,,
Mississippi,Prentiss,583,7.1,0.32,24,16,31,0.57,,,21,13,11,12,10,14,40,33,49,818,3,4640,19,64,25135,Small,,,,,,
Mississippi,Neshoba,875,6.4,0.92,28,19,38,1.13,35,,65,,22,15,13,17,42,35,50,596,2,6430,22,47,28789,Small,,,,,,
Mississippi,Tippah,511,6.9,0.49,26,20,33,0.91,,,12,82,26,12,11,14,42,34,50,412,2,4360,20,35,21287,Small,,,,,,
Mississippi,Greene,267,6.7,0.66,25,16,34,0.74,,,57,,21,13,11,15,43,34,51,243,2,2870,21,44,13601,Small,,,,,,
Mississippi,Calhoun,352,7,0.41,26,16,35,0.8,,,44,48,11,14,12,16,42,34,50,172,1,2620,20,38,12685,Small,,,,,,
Mississippi,Covington,484,,1.16,30,18,41,1.33,,,28,,12,14,12,16,41,34,49,,,3540,19,37,18059,Small,,,,,,
Mississippi,Tishomingo,546,,1.16,18,11,25,-0.11,,,,75,21,12,10,13,40,32,48,,,4040,21,71,18507,Small,,,,,,
Missouri,Mercer,68,4.1,2.88,19,11,27,0,,,,,,10,9,12,42,34,51,1429,38,560,16,,3469,Small,,,,,,
Missouri,Schuyler,71,4.2,2.8,23,14,33,0.53,,,,,,10,8,11,40,32,48,1654,37,630,16,,4053,Small,,,,,,
Missouri,Nodaway,214,5,2.11,13,8,18,-0.74,,,,37,18,11,9,13,42,35,50,7318,31,3180,15,49,20695,Small,,,,,,
Missouri,Barton,215,4.4,2.63,22,14,30,0.37,,,,22,29,12,10,14,43,34,52,3384,27,2280,20,,11731,Small,,,,,,
Missouri,Carter,136,4.1,2.88,30,20,40,1.36,,,,,,11,10,13,40,32,49,1650,26,1120,21,,5303,Small,,,,,,
Missouri,Pulaski,744,5.7,1.52,12,7,17,-0.88,22,,68,17,6,11,9,12,35,29,43,11526,22,8520,16,34,53812,Small,,,,,,
Missouri,Douglas,300,5.4,1.77,24,14,34,0.62,,,,,,11,10,13,39,31,47,2689,20,2180,19,,12228,Small,,,,,,
Missouri,Reynolds,138,5.3,1.86,30,19,42,1.38,,,,,,11,10,13,41,33,49,1222,18,1210,20,,5950,Small,,,,,,
Missouri,Wayne,322,4.7,2.37,32,20,44,1.63,,,,,,11,10,13,41,34,50,2402,18,2500,23,,10811,Small,,,,,,
Missouri,Ozark,227,5,2.11,31,19,43,1.47,,,,47,24,12,11,14,44,36,53,1725,18,1830,21,,8970,Small,,,,,,
Missouri,Taney,1127,5.8,1.43,19,12,25,-0.06,,,79,29,19,11,9,13,39,31,48,9021,17,9940,18,75,56775,Small,,,,,,
Missouri,Laclede,805,6,1.26,20,13,27,0.12,,,,32,24,11,10,13,44,36,52,6023,17,6200,17,68,36680,Small,,,,,,
Missouri,Vernon,450,5.9,1.35,21,13,29,0.28,,,,13,27,11,9,12,41,33,50,3418,16,3530,18,,19710,Small,,,,,,
Missouri,Henry,474,6.1,1.18,22,16,29,0.42,,,,32,23,11,9,12,40,32,49,3535,16,3730,17,,22485,Small,,,,,,
Missouri,Shelby,107,6.5,0.83,19,12,26,0.01,,,,,,11,10,13,41,34,50,970,15,940,16,,5931,Small,,,,,,
Missouri,Harrison,136,6.1,1.18,21,12,29,0.18,,,,3,16,11,9,12,43,35,50,1322,15,1430,17,,8220,Small,,,,,,
Missouri,Saline,418,6.8,0.58,22,15,28,0.32,,66,14,15,22,11,10,13,39,32,47,3313,14,3470,15,42,23049,Small,,,,,,
Missouri,Dallas,417,6,1.26,22,13,31,0.38,,,,,,11,9,13,41,33,49,2370,14,3150,18,,17768,Small,,,,,,
Missouri,Grundy,190,6.4,0.92,21,12,31,0.29,,,,55,12,11,9,13,40,32,48,1405,14,1650,17,,9815,Small,,,,,,
Missouri,Lewis,167,6.7,0.66,19,12,26,-0.04,,,7,,18,11,10,13,40,32,48,1327,13,1580,16,41,9818,Small,,,,,,
Missouri,Iron,284,5.9,1.35,26,16,35,0.81,,,,72,29,11,9,13,39,31,48,1344,13,1860,20,,9440,Small,,,,,,
Missouri,Macon,279,7.1,0.32,17,10,23,-0.3,,,,35,9,10,9,12,37,30,44,1945,12,2180,14,51,15161,Small,,,,,,
Missouri,Ste. Genevieve,325,7.2,0.24,12,7,17,-0.85,,,,,,10,9,12,37,29,45,2255,12,2510,14,,18642,Small,,,,,,
Missouri,Holt,,7.2,0.24,15,9,21,-0.52,,,,,,10,9,12,40,31,48,592,12,600,14,,4248,Small,,,,,,
Missouri,Bollinger,228,6.7,0.66,21,12,29,0.21,,,,,,11,9,13,41,33,50,1435,12,1760,17,,10544,Small,,,,,,
Missouri,Buchanan,1623,6.7,0.66,19,13,25,0,,48,58,36,17,11,10,13,40,34,46,10318,12,14010,17,44,82956,Small,,,,,,
Missouri,Johnson,745,7.3,0.15,13,9,18,-0.72,,60,27,7,10,10,9,12,40,34,46,6077,12,7480,14,51,54962,Small,,,,,,
Missouri,Adair,360,6.9,0.49,17,10,24,-0.26,,,3,15,13,11,10,13,42,35,50,2953,12,3980,16,55,25122,Small,,,,,,
Missouri,Cedar,300,6.3,1.01,21,12,30,0.28,,,,2,19,12,10,13,42,34,50,1535,11,2660,19,,14672,Small,,,,,,
Missouri,Sullivan,119,7.1,0.32,19,11,27,-0.04,,,,12,22,12,10,14,40,31,50,706,11,910,15,60,5797,Small,,,,,,
Missouri,Howell,856,6.1,1.18,20,12,29,0.16,75,,,6,23,12,10,14,41,34,48,4207,10,7900,20,,40735,Small,,,,,,
Missouri,Putnam,104,7.3,0.15,21,13,29,0.22,,,,,,10,8,11,41,32,49,508,10,660,14,,4638,Small,,,,,,
Missouri,Madison,309,6.9,0.49,21,13,29,0.21,,,,,,10,9,12,38,30,46,1248,10,2040,16,,12698,Small,,,,,,
Missouri,Wright,399,6.4,0.92,25,15,35,0.73,,,,2,25,12,10,14,41,33,49,1902,10,3390,18,,19403,Small,,,,,,
Missouri,Cooper,264,7.3,0.15,13,8,19,-0.71,,,46,,11,10,9,12,41,33,50,1763,10,2450,15,44,16947,Small,,,,,,
Missouri,Boone,2056,7.4,0.07,12,8,16,-0.85,,3,46,39,7,10,8,11,33,28,39,16245,10,26040,14,44,189463,Large,,,,,,
Missouri,Pike,336,7,0.41,19,11,26,-0.04,,,13,,22,11,10,13,43,36,52,1838,10,2840,16,39,17935,Small,,,,,,
Missouri,Gentry,113,7,0.41,20,12,27,0.07,,,,,,10,9,12,38,30,46,653,10,980,16,,6287,Small,,,,,,
Missouri,Cape Girardeau,1269,7.4,0.07,14,8,19,-0.67,,25,38,26,10,11,9,12,41,34,48,7204,10,11800,14,55,82984,Small,,,,,,
Missouri,Audrain,452,6.7,0.66,19,11,27,0.01,,,42,77,24,11,10,13,40,32,48,2397,9,4330,17,47,24394,Small,,,,,,
Missouri,Phelps,849,6.9,0.49,17,11,23,-0.25,,13,,47,14,11,9,12,39,32,47,4190,9,7420,17,77,45284,Small,,,,,,
Missouri,Carroll,151,7.6,-0.1,17,10,24,-0.2,,,,,,10,9,12,39,32,47,848,9,1160,14,,8391,Small,,,,,,
Missouri,Jasper,2287,6.8,0.58,18,12,24,-0.11,8,11,23,38,22,11,9,12,36,29,43,10657,9,21250,17,55,125056,Large,,,,,,
Missouri,Cole,1139,7.9,-0.36,11,7,16,-0.95,,,38,4,6,9,8,11,37,30,44,6764,9,9500,12,48,77278,Small,,,,,,
Missouri,Oregon,252,6.1,1.18,28,16,39,1.06,,,,,,12,10,13,44,36,53,946,9,1810,21,,8720,Small,,,,,,
Missouri,Bates,314,6.7,0.66,16,10,23,-0.32,,,95,9,28,10,9,12,38,31,47,1475,9,2840,18,42,16242,Small,,,,,,
Missouri,Butler,1114,6.3,1.01,25,16,33,0.69,,,28,36,24,11,10,13,41,35,49,3689,9,8260,20,50,41948,Small,,,,,,
Missouri,Cass,1585,8,-0.44,9,6,12,-1.29,,4,24,3,9,9,8,10,35,29,41,8442,8,13040,12,53,111732,Large,,,,,,
Missouri,Barry,764,6.8,0.58,20,12,29,0.15,6,,,23,28,11,9,12,38,31,47,3014,8,6000,17,,35265,Small,,,,,,
Missouri,Jefferson,3964,7.8,-0.27,11,8,14,-1,,19,35,19,9,9,8,11,39,34,45,18262,8,28710,13,64,231230,Large,,,,,,
Missouri,Linn,220,7.2,0.24,21,13,28,0.18,,,,36,26,11,9,12,41,34,49,1027,8,1890,16,,11791,Small,,,,,,
Missouri,Greene,4939,7.3,0.15,16,12,20,-0.37,20,6,20,12,15,10,8,11,35,29,40,21952,8,46470,16,47,304611,Large,,,,,,
Missouri,Knox,62,7.4,0.07,26,16,36,0.87,,,,,,11,10,13,39,31,47,324,8,560,15,,3723,Small,,,,,,
Missouri,Caldwell,161,7.2,0.24,15,9,21,-0.5,,,,,,11,9,12,40,32,49,739,8,1410,16,,8955,Small,,,,,,
Missouri,Jackson,12297,7.6,-0.1,15,11,18,-0.53,8,14,34,26,9,11,9,12,39,35,43,52801,8,100540,14,57,718560,Large,,,,,,
Missouri,St. Francois,1531,6.6,0.75,16,9,22,-0.39,,,34,11,17,11,9,12,40,33,47,5114,8,12280,18,67,67058,Small,,,,,,
Missouri,Callaway,778,7.9,-0.36,16,11,21,-0.42,,,20,12,14,11,9,12,42,35,49,3466,8,5720,13,33,44731,Small,,,,,,
Missouri,Dent,389,6.8,0.58,23,14,31,0.48,,,,67,13,11,10,13,39,31,47,1195,8,2600,18,,14647,Small,,,,,,
Missouri,Scott,831,7.2,0.24,22,14,30,0.36,,,50,12,14,12,10,14,43,37,50,2988,8,6060,16,61,37889,Small,,,,,,
Missouri,Washington,683,6.7,0.66,25,17,34,0.79,,,,21,24,11,10,13,39,31,47,1747,7,4400,19,,23534,Small,,,,,,
Missouri,Christian,1237,8,-0.44,9,6,13,-1.23,13,15,,14,11,9,8,11,37,30,44,5299,7,11440,13,59,94422,Small,,,,,,
Missouri,Lafayette,590,7.8,-0.27,14,9,19,-0.64,,23,,19,14,10,8,11,39,32,46,2275,7,4430,14,45,33196,Small,,,,,,
Missouri,Marion,558,7.4,0.07,15,9,21,-0.51,,,22,,13,10,9,12,36,29,44,1942,7,4370,15,50,28336,Small,,,,,,
Missouri,DeKalb,218,7.8,-0.27,12,7,17,-0.82,,,,,,10,9,11,42,34,51,826,6,1640,14,,9899,Small,,,,,,
Missouri,Platte,1164,8.2,-0.61,6,4,9,-1.57,,6,17,17,7,9,8,11,40,33,46,5646,6,12900,12,38,111940,Large,,,,,,
Missouri,Howard,163,7.9,-0.36,14,9,20,-0.57,,,,,,10,9,12,40,32,49,641,6,1380,14,44,10101,Small,,,,,,
Missouri,Pettis,784,7.4,0.07,16,10,23,-0.35,,,36,25,11,10,9,12,39,32,47,2652,6,6790,16,46,43530,Small,,,,,,
Missouri,Camden,884,7.4,0.07,17,10,24,-0.25,,,34,34,18,10,8,11,34,27,41,2718,6,6760,16,77,44044,Small,,,,,,
Missouri,Pemiscot,522,6.1,1.18,36,22,49,2.09,,,47,5,29,14,12,16,44,36,52,1115,6,3370,22,40,14613,Small,,,,,,
Missouri,Randolph,522,7.1,0.32,18,12,24,-0.09,,,,50,21,11,9,13,42,34,49,1529,6,4200,17,59,24109,Small,,,,,,
Missouri,Lawrence,725,7.4,0.07,20,14,26,0.13,,,,43,21,11,9,12,42,34,51,2309,6,6100,16,,38872,Small,,,,,,
Missouri,Montgomery,247,7.3,0.15,20,13,26,0.06,,,,37,16,11,9,12,41,33,50,723,6,1850,16,48,11459,Small,,,,,,
Missouri,Clay,3236,8.2,-0.61,9,6,12,-1.25,4,11,29,18,9,10,8,11,35,31,40,13008,6,31300,12,39,259772,Large,,,,,,
Missouri,Monroe,160,7.4,0.07,15,9,22,-0.46,,,,21,18,11,9,12,41,34,50,512,6,1380,16,42,8698,Small,,,,,,
Missouri,Newton,1149,7.5,-0.02,17,11,22,-0.3,5,16,,32,15,10,9,11,37,30,45,3310,6,9050,15,71,60677,Small,,,,,,
Missouri,Daviess,138,7.7,-0.19,18,11,25,-0.13,,,,,,11,9,12,37,30,46,457,5,1230,15,,8551,Small,,,,,,
Missouri,Dunklin,818,6.5,0.83,29,19,39,1.25,,,56,26,24,12,11,14,43,36,50,1724,5,5700,20,47,27032,Small,,,,,,
Missouri,Worth,,7.3,0.15,21,12,29,0.22,,,,,,11,9,12,40,31,48,116,5,330,17,,1907,Small,,,,,,
Missouri,Benton,531,7,0.41,24,15,33,0.62,,,3,34,25,11,9,12,38,31,47,987,5,3560,18,,20552,Small,,,,,,
Missouri,Texas,591,6.7,0.66,26,16,35,0.83,,,,65,25,11,10,13,41,34,49,1321,5,4810,19,,25619,Small,,,,,,
Missouri,St. Louis,14914,8.5,-0.87,13,10,15,-0.79,1,4,30,14,5,10,9,12,33,29,38,50436,5,114480,12,74,987059,Large,,,,,,
Missouri,Shannon,207,7.2,0.24,33,21,46,1.76,,,,,,11,10,13,41,33,50,416,5,1220,17,,7238,Small,,,,,,
Missouri,St. Charles,4591,8.8,-1.13,6,4,7,-1.66,,10,17,13,3,9,7,10,36,30,42,17694,5,41170,10,33,416659,Large,,,,,,
Missouri,Perry,310,8,-0.44,13,8,18,-0.74,,,,17,13,10,9,12,37,30,45,920,5,2630,14,70,18950,Small,,,,,,
Missouri,Stone,683,7.5,-0.02,20,13,28,0.13,,,,43,17,10,9,12,40,32,48,1519,5,5090,16,,32658,Small,,,,,,
Missouri,Andrew,261,8.3,-0.7,10,6,13,-1.15,,,,14,3,9,8,11,42,35,50,799,5,2210,12,,18127,Small,,,,,,
Missouri,Clark,117,7.9,-0.36,21,13,28,0.21,,,,,,11,10,13,40,32,49,320,4,950,14,,6641,Small,,,,,,
Missouri,Moniteau,270,8.1,-0.53,14,8,20,-0.62,,,,,,11,9,12,40,32,48,623,4,2080,14,,15256,Small,,,,,,
Missouri,Ripley,380,6.7,0.66,28,16,39,1.07,,,,27,17,11,10,13,43,35,50,560,4,2140,20,,10806,Small,,,,,,
Missouri,Dade,180,7.6,-0.1,21,13,29,0.21,,,,20,15,11,10,13,45,36,53,309,4,1220,16,,7716,Small,,,,,,
Missouri,Warren,612,8.2,-0.61,11,7,15,-1,2,,,8,11,10,9,11,38,30,45,1262,4,4800,13,46,37806,Small,,,,,,
Missouri,Scotland,84,8.4,-0.79,16,9,23,-0.37,,,,,,11,9,12,39,31,48,179,4,590,13,,4676,Small,,,,,,
Missouri,Livingston,252,8,-0.44,18,12,24,-0.13,,,,3,12,10,9,12,39,31,47,560,4,2020,14,89,14557,Small,,,,,,
Missouri,Osage,189,8.6,-0.96,12,8,15,-0.92,,,,2,10,9,8,10,37,29,45,505,4,1540,12,,13468,Small,,,,,,
Missouri,St. Louis City,6826,7.6,-0.1,27,19,35,1,,17,35,25,14,12,11,13,37,33,41,11446,4,47310,16,62,281754,Large,,,,,,
Missouri,St. Clair,232,7.2,0.24,28,18,38,1.08,,,,,,11,10,13,41,33,50,351,4,1680,18,,9752,Small,,,,,,
Missouri,Crawford,570,7.4,0.07,21,13,29,0.26,,,,13,15,11,10,13,39,31,47,875,4,3950,17,,22719,Small,,,,,,
Missouri,Webster,671,7.8,-0.27,20,12,28,0.08,,,,38,23,10,9,12,39,31,47,1166,3,6060,15,87,41472,Small,,,,,,
Missouri,Stoddard,626,7.3,0.15,18,10,25,-0.14,4,,92,22,20,11,10,13,45,38,52,957,3,5090,18,54,28397,Small,,,,,,
Missouri,Clinton,357,8,-0.44,11,7,15,-1,,,,52,12,9,8,11,38,31,46,636,3,3020,14,76,21548,Small,,,,,,
Missouri,Franklin,1886,8.4,-0.79,11,7,14,-1.04,,2,12,26,9,9,8,11,39,32,46,3034,3,13500,13,65,106404,Large,,,,,,
Missouri,Gasconade,339,8,-0.44,14,8,19,-0.66,,,,,,10,8,11,39,31,46,426,3,2150,15,72,14705,Small,,,,,,
Missouri,Lincoln,942,8.2,-0.61,10,6,14,-1.11,,,40,,12,10,8,11,41,34,49,1389,3,8350,14,35,64699,Small,,,,,,
Missouri,New Madrid,493,7.4,0.07,26,17,35,0.86,,,19,24,21,12,10,14,42,35,49,480,3,2860,18,14,15424,Small,,,,,,
Missouri,Chariton,144,8.1,-0.53,13,8,19,-0.72,,,,,,9,8,11,36,29,44,196,3,1080,15,32,7399,Small,,,,,,
Missouri,Ray,491,8.1,-0.53,13,8,18,-0.77,4,,,2,16,10,9,12,40,32,49,502,2,3320,14,33,23182,Small,,,,,,
Missouri,Maries,187,7.4,0.07,16,10,22,-0.37,,,,15,15,11,9,12,39,32,47,175,2,1490,18,,8430,Small,,,,,,
Missouri,Hickory,244,7.2,0.24,28,17,40,1.13,,,,,,12,10,13,44,36,52,177,2,1590,19,,8718,Small,,,,,,
Missouri,McDonald,515,7.7,-0.19,24,15,32,0.58,14,3,59,29,20,13,11,15,41,33,50,416,2,3850,16,65,23903,Small,,,,,,
Missouri,Miller,504,7.7,-0.19,18,11,24,-0.18,,,,69,17,10,9,12,40,32,47,418,2,4110,17,80,25590,Small,,,,,,
Missouri,Ralls,200,8.2,-0.61,15,10,19,-0.51,,,,31,12,10,9,12,40,32,48,158,2,1470,14,,10489,Small,,,,,,
Missouri,Atchison,115,8,-0.44,15,8,21,-0.55,,,,,,10,9,12,39,31,48,88,2,790,15,,5107,Small,,,,,,
Missouri,Morgan,479,7.3,0.15,20,12,29,0.17,,,,,,11,10,13,43,35,51,289,1,3930,19,,21970,Small,,,,,,
Missouri,Mississippi,329,6.9,0.49,28,16,40,1.12,,,40,30,19,14,12,16,45,37,52,187,1,2480,20,76,11822,Small,,,,,,
Missouri,Polk,580,7.7,-0.19,18,12,25,-0.11,6,,,25,22,11,10,13,42,34,50,324,1,5340,17,,32780,Small,,,,,,
Montana,Treasure,,4.5,,17,10,24,,,,,79,8,8,7,9,31,24,38,322,45,70,11,,772,Small,,,,,,
Montana,Wibaux,,4.1,,17,10,23,,,,,71,23,8,7,10,35,27,43,450,44,140,13,,910,Small,,,,,,
Montana,Meagher,,4.8,2.28,18,10,25,-0.16,,,,27,14,7,6,9,34,27,42,776,41,210,11,,2071,Small,,,,,,
Montana,Golden Valley,,4.4,2.63,36,20,52,2.11,,,,,,9,8,11,34,26,42,357,40,110,13,,835,Small,,,,,,
Montana,Prairie,,4.4,2.63,18,11,26,-0.08,,,,,,10,9,12,37,29,45,410,35,210,16,,1112,Small,,,,,,
Montana,Carter,,4.9,2.2,16,9,23,-0.35,,,,,,8,7,10,33,26,41,398,34,180,14,,1418,Small,,,,,,
Montana,Granite,,5.2,1.94,17,9,24,-0.27,,,,,,8,7,9,32,25,40,1041,34,440,13,,3595,Small,,,,,,
Montana,Petroleum,,6.7,,19,11,28,,,,,,,8,7,9,33,25,41,146,30,30,8,,554,Small,,,,,,
Montana,Big Horn,359,5.4,1.77,24,13,35,0.59,27,,,72,5,12,11,14,41,36,48,3045,24,2170,17,,12751,Small,,,,,,
Montana,Chouteau,90,6.5,0.83,19,11,28,0.02,38,,,20,8,9,8,10,35,28,41,1306,22,720,12,,5847,Small,,,,,,
Montana,Judith Basin,,6.4,0.92,19,11,28,0.02,,,,,,8,7,9,33,26,41,459,22,260,13,,2093,Small,,,,,,
Montana,Hill,305,6.5,0.83,22,15,29,0.34,46,,,23,17,10,8,11,35,30,41,3446,21,2030,13,,16276,Small,,,,,,
Montana,Powder River,,6.8,,17,10,25,,,,,,,8,7,10,33,26,41,362,21,210,12,,1743,Small,,,,,,
Montana,Liberty,,5.7,,21,12,29,,,,,,,10,9,12,37,30,46,449,19,350,17,,1974,Small,,,,,,
Montana,Garfield,,7.5,,22,13,32,,,,,,,8,7,9,32,25,40,223,18,90,10,,1211,Small,,,,,,
Montana,Blaine,146,6,1.26,22,13,31,0.34,31,,,,2,11,10,13,41,35,48,1196,18,1150,16,,6899,Small,,,,,,
Montana,Teton,88,7.1,0.32,18,10,25,-0.18,,,,,,8,7,9,31,25,38,1111,18,720,12,,6430,Small,,,,,,
Montana,Wheatland,,6.6,0.75,25,14,37,0.79,,,,,,9,8,10,35,28,44,354,16,300,15,,2057,Small,,,,,,
Montana,Glacier,370,5.7,1.52,30,22,39,1.41,38,,,72,13,14,12,16,36,30,43,2025,15,2680,19,,13609,Small,,,,,,
Montana,Valley,128,7.4,0.07,21,14,27,0.21,44,,,52,19,8,7,10,36,30,43,1060,14,890,12,,7474,Small,,,,,,
Montana,Phillips,,7.9,-0.36,22,13,31,0.37,,,,,,8,7,9,39,33,47,565,13,420,10,,4249,Small,,,,,,
Montana,Sanders,278,6.9,0.49,20,12,29,0.17,47,,,25,23,9,7,10,35,29,42,1479,13,1880,15,,13684,Small,,,,,,
Montana,Pondera,93,6.8,0.58,22,13,30,0.36,42,,,65,21,9,8,10,34,28,42,795,13,920,15,,6125,Small,,,,,,
Montana,McCone,,8.7,,19,11,27,,,,,,,7,6,8,34,27,42,222,13,120,7,,1676,Small,,,,,,
Montana,Musselshell,102,7.6,-0.1,23,14,32,0.5,79,,,24,24,8,7,10,33,26,41,580,13,580,12,,5308,Small,,,,,,
Montana,Park,283,7.9,-0.36,13,8,17,-0.81,,,,64,20,7,6,8,28,22,33,1939,12,1860,11,,17903,Small,,,,,,
Montana,Dawson,159,8,-0.44,14,8,20,-0.66,,,,,,8,7,9,36,29,43,1076,12,910,10,,8810,Small,,,,,,
Montana,Fergus,182,7.4,0.07,14,8,20,-0.64,,,,7,25,8,7,9,32,26,39,1381,12,1490,13,74,11772,Small,,,,,,
Montana,Sheridan,,7.9,-0.36,15,9,22,-0.47,,,,,,7,6,9,33,26,40,400,12,400,11,,3498,Small,,,,,,
Montana,Richland,166,8,-0.44,12,7,17,-0.89,,,,,,8,7,9,36,30,42,1129,12,1170,10,,11173,Small,,,,,,
Montana,Jefferson,238,8.4,-0.79,10,6,13,-1.16,,,,,,7,6,8,29,23,36,1238,11,1090,9,,13048,Small,,,,,,
Montana,Rosebud,247,6.9,0.49,24,15,33,0.63,52,,,,5,11,9,12,40,33,46,989,11,1320,16,,8160,Small,,,,,,
Montana,Cascade,1432,7.8,-0.27,13,8,18,-0.78,63,43,3,29,13,8,7,9,36,31,40,8026,10,10140,12,63,84900,Small,,,,,,
Montana,Madison,114,8.4,-0.79,12,7,17,-0.9,,,,,,7,6,8,27,21,33,758,10,820,9,,9521,Small,,,,,,
Montana,Mineral,118,7.6,-0.1,18,10,26,-0.09,,,,,,8,7,9,35,28,43,384,9,630,14,,5090,Small,,,,,,
Montana,Roosevelt,396,6.5,0.83,26,15,37,0.89,47,,,50,5,13,11,15,41,34,48,868,8,2010,19,,10319,Small,,,,,,
Montana,Toole,91,8.1,-0.53,16,9,24,-0.32,,,,,,9,8,10,35,28,43,420,8,600,12,,5133,Small,,,,,,
Montana,Beaverhead,123,8.3,-0.7,16,9,22,-0.43,,,,,,8,7,9,31,25,38,660,7,1080,11,,9885,Small,,,,,,
Montana,Yellowstone,2547,8.5,-0.87,10,7,14,-1.06,44,41,,23,8,8,7,9,35,31,39,9420,6,17350,11,76,170843,Large,,,,,,
Montana,Powell,138,8.5,-0.87,17,10,24,-0.24,,,,,,9,7,10,33,26,40,412,6,750,11,,7133,Small,,,,,,
Montana,Daniels,,8.4,-0.79,12,6,17,-0.93,,,,,,8,7,9,32,25,40,91,5,180,12,,1633,Small,,,,,,
Montana,Sweet Grass,,9.1,-1.38,11,7,16,-0.94,,,,,,7,6,8,32,25,40,186,5,320,9,,3763,Small,,,,,,
Montana,Fallon,,8.6,-0.96,13,7,18,-0.81,,,,,,8,7,9,34,27,41,145,5,320,11,,2994,Small,,,,,,
Montana,Missoula,1416,8.5,-0.87,9,5,13,-1.19,47,,,7,6,7,6,8,29,25,34,5429,5,13260,11,85,121849,Large,,,,,,
Montana,Custer,203,8.3,-0.7,13,8,19,-0.69,,,,,,8,7,9,36,30,42,531,5,1510,13,,11985,Small,,,,,,
Montana,Gallatin,797,9.1,-1.38,6,3,8,-1.63,6,12,19,8,8,7,6,8,24,20,28,3909,4,10750,9,84,126409,Large,,,,,,
Montana,Lewis and Clark,974,8.8,-1.13,10,6,14,-1.16,,,,12,8,7,6,7,30,26,35,2705,4,7320,10,59,75011,Small,,,,,,
Montana,Flathead,1564,8.9,-1.21,10,6,14,-1.14,18,,,24,9,7,6,8,30,26,35,3705,4,10620,10,,113679,Large,,,,,,
Montana,Stillwater,149,9,-1.3,9,5,12,-1.27,,,,15,8,7,6,8,32,26,39,365,4,870,10,,9173,Small,,,,,,
Montana,Broadwater,93,8.8,-1.13,11,7,15,-0.98,,,,,,8,7,10,32,25,39,214,4,730,11,,8032,Small,,,,,,
Montana,Carbon,154,8.7,-1.04,12,7,18,-0.82,,,,53,6,8,7,9,29,23,36,337,3,1180,11,,11419,Small,,,,,,
Montana,Deer Lodge,181,7.4,0.07,14,8,20,-0.61,,,,,,8,7,10,33,26,40,255,3,1650,18,,9673,Small,,,,,,
Montana,Lincoln,417,7.8,-0.27,23,13,33,0.48,84,,,5,33,9,7,10,31,25,37,534,3,3150,16,,21895,Small,,,,,,
Montana,Silver Bow,705,8.3,-0.7,16,10,21,-0.42,,,,41,15,8,7,9,30,25,35,749,2,4770,14,,36360,Small,,,,,,
Montana,Lake,551,8.3,-0.7,18,11,25,-0.13,33,,,44,12,9,8,11,34,28,40,549,2,4360,14,,33338,Small,,,,,,
Montana,Ravalli,651,9,-1.3,14,9,19,-0.62,,,,1,9,7,6,8,33,28,38,359,1,5030,11,,47738,Small,,,,,,
Nebraska,Hayes,,3.5,,18,11,25,,,,,47,7,11,9,12,41,32,49,430,44,140,15,,846,Small,,,,,,
Nebraska,Hitchcock,,4.2,2.8,19,11,26,-0.03,,,,,,10,9,11,43,34,51,1093,38,410,16,,2552,Small,,,,,,
Nebraska,Thomas,,5.1,,23,13,32,,,,,,,9,8,10,37,29,46,224,35,80,13,,677,Small,,,,,,
Nebraska,Arthur,,5,,20,12,29,,,,,,,9,8,11,39,31,47,158,34,60,13,,412,Small,,,,,,
Nebraska,McPherson,,5.5,,18,10,26,,,,,,,10,9,11,41,32,50,177,33,50,12,,383,Small,,,,,,
Nebraska,Hooker,,5,,13,8,19,,,,,,,9,8,11,40,32,48,241,33,90,14,,679,Small,,,,,,
Nebraska,Wheeler,,5.2,,19,11,27,,,,,,,9,8,11,39,32,48,256,31,110,14,,775,Small,,,,,,
Nebraska,Banner,,5.6,,18,11,25,,,,,,,9,8,10,39,31,47,190,28,90,14,,674,Small,,,,,,
Nebraska,Keya Paha,,6,,20,11,28,,,,,,,10,8,11,40,32,48,218,26,120,13,,805,Small,,,,,,
Nebraska,Blaine,,5.2,,26,15,37,,,,,,,10,9,11,39,31,48,122,26,60,16,,436,Small,,,,,,
Nebraska,Greeley,,6.3,1.01,13,8,19,-0.71,,,,,,9,8,10,38,30,47,523,21,310,14,,2219,Small,,,,,,
Nebraska,Sioux,,5.6,,21,12,29,,,,,,,11,10,13,41,33,49,269,21,200,17,,1154,Small,,,,,,
Nebraska,Otoe,220,6.4,0.92,9,5,13,-1.23,,,,13,8,9,8,11,37,31,44,3086,20,2200,14,,16335,Small,,,,,,
Nebraska,Red Willow,166,6.3,1.01,13,8,18,-0.71,,,,,,9,8,10,40,33,47,2126,19,1570,15,,10457,Small,,,,,,
Nebraska,Grant,,6.5,,15,9,21,,,,,,,8,7,10,37,29,45,117,19,90,14,,565,Small,,,,,,
Nebraska,Morrill,100,6.7,0.66,19,12,27,0.01,,,,17,17,10,8,11,39,31,47,909,18,610,13,,4504,Small,,,,,,
Nebraska,Dundy,,6.6,0.75,19,11,27,-0.03,,,,,,10,8,11,41,33,50,345,17,260,14,,1561,Small,,,,,,
Nebraska,Dawson,308,6.7,0.66,14,8,20,-0.64,,,31,24,5,12,10,14,41,35,49,3545,15,3560,15,77,24085,Small,,,,,,
Nebraska,Custer,145,6.9,0.49,13,7,19,-0.76,,,,2,12,10,8,11,39,32,45,1576,14,1510,14,64,10581,Small,,,,,,
Nebraska,Webster,,7.3,0.15,15,9,20,-0.56,,,,38,7,10,9,12,40,32,47,520,14,420,13,,3351,Small,,,,,,
Nebraska,Nuckolls,,7.5,-0.02,15,9,22,-0.47,,,,,,9,8,10,38,31,46,610,14,480,12,,4095,Small,,,,,,
Nebraska,Franklin,,6.7,0.66,17,10,24,-0.27,,,,,,10,9,11,42,34,50,435,14,460,16,,2825,Small,,,,,,
Nebraska,Boyd,,7.1,0.32,20,11,28,0.07,,,,,,10,8,11,41,33,49,258,12,250,14,,1725,Small,,,,,,
Nebraska,Adams,467,7.1,0.32,13,8,17,-0.81,,,38,33,9,10,8,11,41,35,47,3821,12,4500,14,83,30899,Small,,,,,,
Nebraska,Gosper,,7.8,-0.27,13,8,19,-0.73,,,,19,6,9,8,10,39,31,47,245,12,210,11,,1847,Small,,,,,,
Nebraska,Loup,,7.2,,28,17,40,,,,,,,9,8,11,39,31,47,75,12,90,14,,592,Small,,,,,,
Nebraska,Knox,127,7.1,0.32,18,12,23,-0.19,44,,,22,13,10,9,12,44,37,51,1023,12,1220,15,,8298,Small,,,,,,
Nebraska,Saline,150,7.4,0.07,12,8,16,-0.9,,,,17,8,11,10,13,41,33,49,1616,11,1900,13,,14555,Small,,,,,,
Nebraska,Cherry,73,7.4,0.07,16,9,23,-0.35,,,,,,11,10,12,42,36,49,620,11,740,14,,5492,Small,,,,,,
Nebraska,Merrick,121,7.3,0.15,11,6,15,-1.04,,,,10,6,10,8,11,40,32,48,821,10,1090,14,,7755,Small,,,,,,
Nebraska,Dixon,82,7.6,-0.1,10,6,14,-1.13,,,,,,10,9,12,41,33,48,622,10,720,13,,5491,Small,,,,,,
Nebraska,Sheridan,80,7.2,0.24,21,12,30,0.28,30,,,63,9,10,8,11,36,29,43,566,10,750,15,,4928,Small,,,,,,
Nebraska,Jefferson,130,7.1,0.32,14,8,19,-0.64,,,,36,2,10,9,11,40,33,48,746,10,1110,15,,7054,Small,,,,,,
Nebraska,Pierce,96,7.8,-0.27,10,6,14,-1.09,,,,,,9,7,10,41,34,49,711,10,890,12,,7299,Small,,,,,,
Nebraska,Richardson,138,7.4,0.07,13,8,18,-0.76,,,,11,14,11,9,12,44,38,51,813,10,1130,14,,7689,Small,,,,,,
Nebraska,Dawes,124,7.5,-0.02,17,10,24,-0.21,,,,70,1,10,8,11,40,32,48,891,10,1130,14,36,8133,Small,,,,,,
Nebraska,Buffalo,501,7.5,-0.02,9,5,12,-1.29,54,,11,8,10,10,9,12,43,38,50,4358,9,6880,14,52,50697,Small,,,,,,
Nebraska,Garden,,7.4,0.07,23,14,33,0.5,,,,,,11,9,12,42,34,51,194,9,250,14,,1794,Small,,,,,,
Nebraska,Colfax,82,7.9,-0.36,12,7,16,-0.88,3,,,8,5,12,11,14,39,32,47,980,9,1260,12,55,10566,Small,,,,,,
Nebraska,Box Butte,185,7.5,-0.02,15,9,21,-0.53,,,,3,5,10,9,11,41,33,48,1037,9,1520,14,57,10692,Small,,,,,,
Nebraska,Rock,,7.8,,19,11,27,,,,,,,9,8,10,41,33,50,137,9,170,13,,1271,Small,,,,,,
Nebraska,Chase,,7.8,-0.27,12,7,17,-0.83,,,,25,8,10,9,12,39,31,46,349,9,470,13,,3724,Small,,,,,,
Nebraska,Holt,119,7.7,-0.19,14,9,20,-0.58,,,,30,9,10,9,11,39,33,47,890,9,1350,13,,10093,Small,,,,,,
Nebraska,Frontier,,7.3,0.15,17,10,24,-0.25,,,17,35,9,10,8,11,41,33,49,231,8,380,15,,2585,Small,,,,,,
Nebraska,Gage,347,7.2,0.24,12,7,16,-0.9,,,11,15,15,10,9,12,43,36,49,1867,8,3370,16,,21634,Small,,,,,,
Nebraska,Dodge,559,7.6,-0.1,11,7,16,-0.95,,,,10,13,10,8,11,39,33,45,3023,8,5140,14,73,37187,Small,,,,,,
Nebraska,Clay,91,7.9,-0.36,10,6,14,-1.13,,,,29,5,10,9,11,44,36,52,527,8,770,13,,6116,Small,,,,,,
Nebraska,Deuel,,7.7,-0.19,19,11,26,-0.03,,,,9,8,10,8,11,39,31,47,153,8,250,13,,1871,Small,,,,,,
Nebraska,Madison,420,7.7,-0.19,11,7,15,-1.02,19,,,34,6,10,9,12,40,33,48,2727,8,4900,14,54,35627,Small,,,,,,
Nebraska,Seward,198,8.2,-0.61,7,4,9,-1.51,,,,14,6,8,7,9,42,35,49,1236,7,2050,12,70,17671,Small,,,,,,
Nebraska,Perkins,,8,-0.44,12,7,16,-0.92,,,,10,5,10,8,11,39,32,48,218,7,360,13,,2795,Small,,,,,,
Nebraska,Hall,807,7.5,-0.02,13,8,18,-0.73,29,27,20,23,5,11,10,13,38,33,43,4124,7,9280,15,57,62197,Small,,,,,,
Nebraska,Fillmore,,8.1,-0.53,10,6,14,-1.11,,,,9,6,9,8,11,39,32,47,412,7,690,12,,5548,Small,,,,,,
Nebraska,Sarpy,1667,8.4,-0.79,5,3,7,-1.73,,,15,11,3,10,9,11,38,34,43,10954,7,20940,11,41,199886,Large,,,,,,
Nebraska,Keith,131,7.6,-0.1,17,10,24,-0.22,,,,15,9,10,8,11,37,30,44,576,7,1180,14,,8113,Small,,,,,,
Nebraska,Saunders,298,8.3,-0.7,7,4,9,-1.5,,,,20,4,9,7,10,36,29,43,1286,6,2620,12,,23463,Small,,,,,,
Nebraska,Johnson,95,8,-0.44,13,7,18,-0.77,,,,,,10,8,11,40,33,48,305,6,700,13,,5198,Small,,,,,,
Nebraska,Thayer,,8.2,-0.61,12,7,17,-0.87,,,,24,7,10,9,12,40,33,48,293,6,630,13,,4829,Small,,,,,,
Nebraska,York,197,8.1,-0.53,10,6,14,-1.15,,,3,5,10,9,7,10,39,32,46,758,6,1850,13,,14356,Small,,,,,,
Nebraska,Pawnee,,7.6,-0.1,20,12,29,0.16,,,,9,16,10,9,11,39,32,47,150,5,380,15,,2512,Small,,,,,,
Nebraska,Cheyenne,175,7.6,-0.1,16,10,22,-0.36,,,,14,12,10,8,11,41,34,49,542,5,1440,15,,9541,Small,,,,,,
Nebraska,Cuming,117,8.3,-0.7,10,6,14,-1.11,,,,6,12,10,8,11,40,33,47,474,5,1090,12,,8918,Small,,,,,,
Nebraska,Howard,77,8.4,-0.79,12,7,17,-0.89,,,,,,9,8,10,38,31,46,321,5,770,12,,6527,Small,,,,,,
Nebraska,Washington,233,8.4,-0.79,7,4,9,-1.55,,,,4,9,8,7,9,38,31,45,1006,5,2470,12,,21152,Small,,,,,,
Nebraska,Dakota,295,8,-0.44,20,15,25,0.15,64,,43,6,28,13,11,14,46,41,51,1037,5,2900,14,63,21268,Small,,,,,,
Nebraska,Logan,,8.3,,11,6,16,,,,,,,8,7,9,38,30,46,38,5,100,12,,655,Small,,,,,,
Nebraska,Sherman,,7.9,-0.36,16,9,22,-0.42,,,,,,10,9,12,40,32,48,155,5,420,14,,2983,Small,,,,,,
Nebraska,Lancaster,3300,8.1,-0.53,9,6,12,-1.24,37,14,34,21,7,9,8,11,33,29,37,13656,5,43170,13,47,326716,Large,,,,,,
Nebraska,Phelps,114,7.7,-0.19,10,6,14,-1.09,,,,76,8,9,8,10,43,36,51,422,5,1370,15,,9057,Small,,,,,,
Nebraska,Cedar,100,8.6,-0.96,9,5,13,-1.24,,,,1,4,9,8,10,40,34,48,406,5,920,11,,8262,Small,,,,,,
Nebraska,Valley,,8.1,-0.53,16,10,22,-0.39,,,,,,9,8,10,40,33,48,189,4,540,13,,4012,Small,,,,,,
Nebraska,Butler,94,8.5,-0.87,10,6,14,-1.13,10,,,16,5,8,7,10,39,32,47,352,4,1000,12,,8459,Small,,,,,,
Nebraska,Brown,,8.1,-0.53,15,9,21,-0.53,,,,5,11,9,8,11,41,33,49,130,4,360,14,,2853,Small,,,,,,
Nebraska,Antelope,85,8,-0.44,12,7,17,-0.85,,,24,6,8,9,8,10,41,33,49,258,4,880,14,,6302,Small,,,,,,
Nebraska,Platte,368,8.4,-0.79,8,5,11,-1.35,,,,23,3,10,8,11,36,31,43,1222,4,4240,12,50,34609,Small,,,,,,
Nebraska,Boone,,8.4,-0.79,11,6,15,-1.05,,,,75,6,9,8,10,35,29,42,192,3,670,12,,5310,Small,,,,,,
Nebraska,Cass,355,8.6,-0.96,8,6,11,-1.32,,,,8,5,8,7,10,38,31,46,820,3,3070,12,,27446,Small,,,,,,
Nebraska,Kimball,,7.9,-0.36,15,9,22,-0.45,,,,38,11,11,9,13,44,35,52,120,3,500,15,,3289,Small,,,,,,
Nebraska,Lincoln,623,7.9,-0.36,15,10,19,-0.55,62,,,29,14,11,10,13,39,34,45,1138,3,5070,15,62,33365,Small,,,,,,
Nebraska,Garfield,,8.3,-0.7,12,7,18,-0.82,,,,,,9,7,10,38,30,46,60,3,250,13,,1763,Small,,,,,,
Nebraska,Hamilton,115,8.8,-1.13,9,5,13,-1.24,,,,27,4,9,8,10,42,34,49,250,3,1040,11,,9537,Small,,,,,,
Nebraska,Harlan,,8.4,-0.79,12,7,18,-0.83,,,,,,9,8,10,37,29,45,87,3,400,13,,3045,Small,,,,,,
Nebraska,Wayne,74,7.9,-0.36,10,6,14,-1.11,,,,,,10,8,11,37,30,44,234,2,1470,15,,9874,Small,,,,,,
Nebraska,Douglas,6986,8.4,-0.79,12,10,15,-0.82,19,11,35,19,6,10,9,11,36,32,40,12043,2,76350,13,56,589540,Large,,,,,,
Nebraska,Scotts Bluff,612,8,-0.44,20,14,27,0.13,73,,,33,9,11,9,12,42,36,48,728,2,5490,15,,35699,Small,,,,,,
Nebraska,Stanton,,8.8,-1.13,8,5,11,-1.35,,,,,,10,8,11,38,30,46,97,2,690,12,,5856,Small,,,,,,
Nebraska,Polk,89,8.7,-1.04,9,5,12,-1.29,,,,31,7,9,8,11,40,33,48,77,1,610,12,,5228,Small,,,,,,
Nebraska,Thurston,199,7.5,-0.02,26,15,36,0.8,30,71,,4,2,14,13,16,49,42,55,92,1,1180,18,,6557,Small,,,,,,
Nebraska,Nance,87,8.1,-0.53,13,8,18,-0.71,,,,,,10,9,12,41,33,49,49,1,500,15,,3274,Small,,,,,,
Nebraska,Nemaha,115,7.9,-0.36,13,8,18,-0.77,,,,,,10,8,11,41,33,49,91,1,1100,16,,7076,Small,,,,,,
Nebraska,Furnas,83,8.2,-0.61,16,9,23,-0.35,,,,79,10,10,9,12,41,33,49,50,1,680,15,,4556,Small,,,,,,
Nebraska,Kearney,81,8.8,-1.13,9,5,13,-1.21,,,,10,8,9,8,11,38,30,47,36,1,810,12,,6770,Small,,,,,,
Nebraska,Burt,107,8.1,-0.53,12,7,17,-0.85,,,,57,18,10,8,11,41,33,49,15,0,1040,16,,6727,Small,,,,,,
Nevada,Esmeralda,,2.9,,18,11,25,,,,,,,11,10,13,36,27,44,342,44,180,18,,736,Small,,,,,,
Nevada,Nye,1464,4.1,2.88,24,16,32,0.63,,18,,18,20,11,9,12,32,26,39,15035,34,8920,17,41,55720,Small,,,,,,
Nevada,Mineral,153,4.6,2.46,23,14,32,0.44,39,,,9,30,12,10,14,35,27,44,1562,33,730,16,17,4528,Small,,,,,,
Nevada,Lincoln,90,7.1,0.32,18,11,25,-0.1,,,,15,6,9,8,11,32,24,42,780,15,590,13,,4452,Small,,,,,,
Nevada,White Pine,166,7.6,-0.1,14,9,19,-0.62,16,,,1,6,10,9,12,33,26,42,1249,12,1060,12,,8522,Small,,,,,,
Nevada,Douglas,744,7.6,-0.1,12,8,16,-0.87,19,13,,11,10,8,7,9,31,25,37,5658,12,6050,12,,49545,Small,,,,,,
Nevada,Lyon,1282,7.5,-0.02,12,7,17,-0.88,16,,,10,12,10,8,11,36,29,43,5093,10,8180,14,68,62583,Small,,,,,,
Nevada,Washoe,7137,8,-0.44,11,8,14,-0.95,19,10,33,17,8,10,8,11,30,26,35,28636,7,62960,13,55,498022,Large,,,,,,
Nevada,Eureka,,7.4,0.07,14,8,19,-0.68,,,,,,10,9,12,34,26,42,124,6,260,16,,1917,Small,,,,,,
Nevada,Churchill,527,7.8,-0.27,14,8,19,-0.66,22,,,17,3,10,8,11,34,27,41,1437,6,3570,14,40,25803,Small,,,,,,
Nevada,Clark,34662,7.8,-0.27,18,16,19,-0.16,23,12,28,22,10,10,9,12,33,28,38,101209,5,331790,15,40,2336573,Large,,,,,,
Nevada,Humboldt,314,7.9,-0.36,14,8,19,-0.67,80,,,20,10,11,9,13,34,27,42,857,5,2430,14,,17136,Small,,,,,,
Nevada,Pershing,124,8.2,-0.61,18,11,25,-0.09,54,,,11,3,10,9,12,35,27,43,299,4,860,13,,6364,Small,,,,,,
Nevada,Lander,103,8.3,-0.7,13,8,17,-0.79,,,82,16,16,10,9,12,34,26,42,241,4,720,13,,5769,Small,,,,,,
Nevada,Elko,830,8.3,-0.7,11,8,15,-0.94,18,,1,17,13,10,8,11,36,29,42,1995,4,6690,13,87,54293,Small,,,,,,
Nevada,Carson City,1234,8.1,-0.53,14,8,19,-0.67,53,,,16,9,10,9,12,33,27,40,1517,3,8200,14,75,58036,Small,,,,,,
Nevada,Storey,,8.8,-1.13,10,6,14,-1.14,,,,,,8,7,9,31,24,39,4,0,510,12,,4177,Small,,,,,,
New Hampshire,Sullivan,699,8.1,-0.53,12,7,17,-0.87,,,,12,8,9,7,10,32,27,38,3705,8,5060,12,75,43969,Small,,,,,,
New Hampshire,Strafford,1725,8.7,-1.04,10,6,13,-1.18,,8,10,7,6,9,8,10,33,29,38,6976,6,13520,10,55,133243,Large,,,,,,
New Hampshire,Rockingham,3571,9.2,-1.47,5,4,7,-1.71,,9,8,9,5,8,7,9,32,27,36,15371,5,25420,8,72,320689,Large,,,,,,
New Hampshire,Coos,661,8,-0.44,18,11,24,-0.18,,,,18,16,9,8,10,36,30,42,1712,5,4170,13,,31372,Small,,,,,,
New Hampshire,Cheshire,1094,8.7,-1.04,11,7,15,-1.02,,,,1,11,8,7,9,31,26,36,3264,4,8190,11,77,77703,Small,,,,,,
New Hampshire,Hillsborough,5224,9,-1.3,8,6,10,-1.39,,1,14,21,6,8,7,9,30,26,34,16348,4,40060,10,58,427354,Large,,,,,,
New Hampshire,Merrimack,2047,9,-1.3,8,5,11,-1.36,,,9,29,6,8,7,9,31,27,35,4527,3,15010,10,83,157103,Large,,,,,,
New Hampshire,Grafton,1149,8.9,-1.21,10,6,13,-1.14,,,4,22,9,8,7,9,29,24,34,2233,3,9720,11,72,93146,Small,,,,,,
New Hampshire,Belknap,992,8.9,-1.21,11,7,15,-1.03,,4,,30,11,8,7,9,30,26,35,1355,2,6780,11,84,65027,Small,,,,,,
New Hampshire,Carroll,780,9.2,-1.47,12,7,17,-0.88,,,,,,7,6,8,29,24,33,216,0,5270,10,,52448,Small,,,,,,
New Jersey,Cumberland,2804,7.4,0.07,22,16,28,0.36,33,14,40,25,12,11,10,13,37,31,43,18332,12,20170,13,44,152326,Large,,,,,,
New Jersey,Ocean,8898,8.3,-0.7,15,11,18,-0.53,8,9,12,15,17,9,7,10,33,29,38,51113,9,67500,11,50,659197,Large,,,,,,
New Jersey,Cape May,1753,8,-0.44,13,8,18,-0.72,,,,20,8,9,7,10,32,25,39,8505,9,11350,12,64,94610,Small,,,,,,
New Jersey,Salem,1287,8,-0.44,15,9,21,-0.5,,,41,30,13,9,8,10,36,29,44,5569,8,7870,12,58,65338,Small,,,,,,
New Jersey,Atlantic,4799,8,-0.44,16,11,21,-0.4,26,21,31,27,7,10,9,11,33,28,39,21480,8,33540,12,57,275213,Large,,,,,,
New Jersey,Warren,1505,8.6,-0.96,10,7,14,-1.06,,,14,9,9,8,7,9,29,23,35,8499,8,10680,10,43,111252,Large,,,,,,
New Jersey,Gloucester,4213,8.9,-1.21,10,7,12,-1.14,,5,22,15,5,9,8,10,36,31,42,18649,6,26960,9,38,308423,Large,,,,,,
New Jersey,Sussex,2075,9.1,-1.38,6,4,8,-1.6,,,3,9,8,8,7,9,29,24,35,7979,5,12200,8,54,146132,Large,,,,,,
New Jersey,Burlington,5719,9.3,-1.55,8,6,10,-1.35,5,12,17,14,5,8,7,10,33,28,37,22582,5,36610,8,53,469167,Large,,,,,,
New Jersey,Monmouth,7251,9.2,-1.47,8,6,10,-1.36,25,2,17,13,4,8,7,9,29,25,34,29628,5,54000,8,62,642799,Large,,,,,,
New Jersey,Camden,8043,8.6,-0.96,17,13,21,-0.25,51,9,27,31,5,10,9,12,33,28,38,22869,4,59140,11,58,527196,Large,,,,,,
New Jersey,Middlesex,8822,9.1,-1.38,10,8,12,-1.1,20,3,11,21,6,10,9,11,27,23,31,31605,4,79630,9,47,863623,Large,,,,,,
New Jersey,Morris,4419,9.4,-1.64,5,4,7,-1.72,41,3,16,12,3,7,6,8,26,22,30,18135,4,39870,8,57,514423,Large,,,,,,
New Jersey,Mercer,4796,9,-1.3,13,10,17,-0.73,19,3,22,21,4,9,8,10,31,26,36,13450,4,37310,10,60,381671,Large,,,,,,
New Jersey,Somerset,2917,9.6,-1.81,6,4,8,-1.6,6,4,16,12,3,8,7,9,27,22,32,10364,3,24700,7,61,348842,Large,,,,,,
New Jersey,Hunterdon,1228,9.7,-1.89,4,3,6,-1.82,,7,5,7,2,8,7,9,27,21,32,3379,3,8720,7,47,130183,Large,,,,,,
New Jersey,Passaic,6307,8.6,-0.96,20,17,24,0.15,21,13,25,28,9,11,9,12,32,27,37,9151,2,64270,12,69,513395,Large,,,,,,
New Jersey,Union,6487,9.3,-1.55,11,8,14,-0.97,42,6,13,17,6,9,8,11,28,24,33,5062,1,53600,9,61,572726,Large,,,,,,
New Jersey,Bergen,8165,9.5,-1.72,7,5,9,-1.47,21,3,14,13,5,8,7,10,26,22,30,8099,1,84380,9,53,957736,Large,,,,,,
New Jersey,Essex,11578,8.9,-1.21,18,15,22,-0.08,30,5,29,27,5,10,9,12,29,25,33,5869,1,99210,12,76,851117,Large,,,,,,
New Jersey,Hudson,7361,8.6,-0.96,23,19,27,0.48,16,6,32,26,15,10,9,12,31,27,35,754,0,92760,13,56,705472,Large,,,,,,
New Mexico,Mora,84,1,3,28,16,39,1.06,,,,,,13,12,15,37,29,45,2927,60,820,20,,4123,Small,,,,,,
New Mexico,Harding,,3.3,,27,16,38,,,,,38,11,11,10,13,35,27,44,335,48,100,15,,624,Small,,,,,,
New Mexico,Catron,,2.3,3,34,20,48,1.86,,,,,,11,10,13,33,26,41,1643,44,760,21,,3825,Small,,,,,,
New Mexico,McKinley,2231,3.4,3.48,42,34,49,2.81,51,16,,45,7,17,14,19,37,31,44,24379,34,15080,21,62,68797,Small,,,,,,
New Mexico,Socorro,379,4.1,2.88,32,20,45,1.65,77,,,41,,13,12,15,35,28,42,4874,27,3430,21,,15963,Small,,,,,,
New Mexico,Valencia,1435,5.3,1.86,24,17,30,0.6,9,,,29,23,12,10,13,36,29,42,20612,27,11680,15,68,79141,Small,,,,,,
New Mexico,Luna,531,4.4,2.63,38,25,50,2.3,,,,40,44,15,13,17,39,31,47,5989,24,5370,21,51,25316,Small,,,,,,
New Mexico,San Miguel,576,5.1,2.03,30,19,41,1.36,,,,23,11,13,11,15,35,28,42,6665,23,4970,18,65,26668,Small,,,,,,
New Mexico,Cibola,657,4.9,2.2,31,20,42,1.48,46,,,35,36,14,12,16,38,32,45,5965,22,5380,20,83,26780,Small,,,,,,
New Mexico,Torrance,353,5.5,1.69,32,20,44,1.64,,,,23,15,12,10,14,35,28,43,3546,22,2590,17,56,15633,Small,,,,,,
New Mexico,San Juan,2814,5.7,1.52,26,20,33,0.9,43,29,27,29,16,12,11,14,38,34,43,24986,19,21070,17,73,120675,Large,,,,,,
New Mexico,Sandoval,2166,7.2,0.24,16,12,20,-0.37,24,,6,15,3,10,9,12,31,26,37,24236,18,16360,11,38,155936,Large,,,,,,
New Mexico,Quay,245,5.3,1.86,33,20,46,1.69,,,,41,19,12,10,14,36,28,45,1646,18,1690,20,,8510,Small,,,,,,
New Mexico,Dona Ana,3232,6.2,1.09,24,18,31,0.64,29,40,13,31,13,12,11,14,36,31,41,34540,17,36140,16,56,225210,Large,,,,,,
New Mexico,Chaves,1347,6.1,1.18,25,17,33,0.75,,,11,34,22,12,11,14,42,36,49,10722,16,10960,17,47,63561,Small,,,,,,
New Mexico,Hidalgo,94,6.2,1.09,33,20,45,1.69,,,,42,13,13,11,14,35,27,43,780,16,680,16,,3965,Small,,,,,,
New Mexico,Lincoln,434,6.7,0.66,28,17,39,1.12,,,,36,20,10,8,11,31,24,38,3142,15,2970,15,,20029,Small,,,,,,
New Mexico,Sierra,387,5.3,1.86,35,21,50,2.02,,,,22,48,11,10,13,34,26,42,1794,15,2430,21,,11488,Small,,,,,,
New Mexico,Roosevelt,292,6.3,1.01,26,17,36,0.87,7,,,33,49,11,10,13,34,27,42,2927,15,3160,17,,18787,Small,,,,,,
New Mexico,Colfax,285,6.4,0.92,26,16,36,0.89,,,,31,24,11,10,13,36,28,43,2012,15,2010,16,,12255,Small,,,,,,
New Mexico,Guadalupe,90,6.3,1.01,30,19,41,1.38,23,,,28,,14,12,16,36,28,44,673,14,740,17,,4292,Small,,,,,,
New Mexico,Taos,663,6.9,0.49,23,13,33,0.5,28,,,19,3,11,9,12,29,23,35,4546,14,4970,14,,34405,Small,,,,,,
New Mexico,Curry,868,6.8,0.58,22,14,30,0.41,6,,7,34,12,11,9,12,35,29,42,6256,13,7500,16,31,47222,Small,,,,,,
New Mexico,Union,82,6.8,0.58,25,15,35,0.79,,,,41,7,12,11,14,35,28,44,501,11,660,16,,3964,Small,,,,,,
New Mexico,Grant,566,6.7,0.66,27,17,38,1.01,,,,33,16,11,10,13,35,28,42,3160,11,4720,17,55,27472,Small,,,,,,
New Mexico,Eddy,1142,7.7,-0.19,19,13,25,-0.01,0,,34,19,5,12,10,13,39,33,46,5475,10,7510,12,65,60275,Small,,,,,,
New Mexico,Santa Fe,2191,7.9,-0.36,19,14,24,-0.03,17,9,56,22,9,9,8,10,23,19,27,13473,9,18890,12,60,155956,Large,,,,,,
New Mexico,Otero,1160,7.1,0.32,31,23,38,1.46,39,,24,29,28,11,10,13,39,32,45,5041,8,11220,17,46,68835,Small,,,,,,
New Mexico,De Baca,,7.5,-0.02,31,18,43,1.43,,,,14,64,11,10,13,33,26,41,158,8,250,15,,1657,Small,,,,,,
New Mexico,Lea,1289,7.7,-0.19,20,14,26,0.12,,33,56,25,19,13,11,15,36,29,42,4634,7,10170,14,50,72101,Small,,,,,,
New Mexico,Bernalillo,11378,7.8,-0.27,18,14,21,-0.14,30,10,28,24,10,9,8,11,28,25,32,39975,6,95110,14,46,671586,Large,,,,,,
New Mexico,Los Alamos,130,9.3,-1.55,3,2,5,-1.93,,,,6,3,6,6,8,22,17,28,904,5,1440,8,49,19444,Small,,,,,,
New Mexico,Rio Arriba,1036,8,-0.44,27,19,35,1,29,,12,32,7,13,12,15,39,32,46,0,0,6500,16,61,39876,Small,,,,,,
New York,Montgomery,883,6.4,0.92,23,16,30,0.47,,,34,24,17,10,9,12,36,30,43,9225,18,7150,14,64,49368,Small,,,,,,
New York,Hamilton,,7.5,-0.02,14,9,19,-0.63,,,,,,9,8,11,37,29,46,590,12,640,13,,5082,Small,,,,,,
New York,Otsego,844,7.7,-0.19,19,13,24,-0.05,,4,34,11,19,9,8,10,36,30,41,6620,11,7270,12,62,60126,Small,,,,,,
New York,Franklin,704,7.5,-0.02,19,12,25,-0.06,37,,9,33,23,10,9,11,37,31,43,3912,8,7040,15,73,46502,Small,,,,,,
New York,St. Lawrence,1642,7.5,-0.02,21,16,27,0.29,,,18,23,23,10,9,11,37,32,43,8160,7,16240,15,68,106940,Large,,,,,,
New York,Columbia,931,8.4,-0.79,18,12,23,-0.19,,25,42,2,19,8,7,9,33,26,40,4499,7,6790,11,55,60470,Small,,,,,,
New York,Monroe,9633,8.1,-0.53,18,15,21,-0.16,31,25,39,33,7,9,8,10,36,32,41,51065,7,91270,12,65,748482,Large,,,,,,
New York,Putnam,957,9,-1.3,7,5,9,-1.47,,8,1,7,5,8,7,9,30,24,37,6677,7,8270,8,49,98060,Small,,,,,,
New York,Chemung,1514,7.9,-0.36,22,17,28,0.41,,9,48,58,15,10,8,11,34,28,41,5493,6,11490,14,56,81325,Small,,,,,,
New York,Ulster,2557,8.1,-0.53,13,8,18,-0.74,71,18,17,29,10,9,8,10,32,27,38,11199,6,23310,13,,182333,Large,,,,,,
New York,Onondaga,6239,8.2,-0.61,19,16,22,0.02,33,23,50,36,12,9,8,11,35,31,40,28390,6,58230,12,67,467873,Large,,,,,,
New York,Orange,4536,8.4,-0.79,19,15,23,0.01,23,14,16,16,23,9,8,11,37,32,43,22260,6,45290,11,48,407470,Large,,,,,,
New York,Jefferson,1397,7.9,-0.36,19,14,24,-0.03,,3,41,24,16,10,9,11,37,33,42,6820,6,16110,14,59,114787,Large,,,,,,
New York,Madison,916,8.5,-0.87,13,9,17,-0.74,,,25,18,12,8,7,9,34,28,42,4248,6,7510,11,62,66921,Small,,,,,,
New York,Erie,13942,8.2,-0.61,18,15,21,-0.14,24,36,37,41,9,9,8,10,33,29,37,52889,6,117030,12,72,946147,Large,,,,,,
New York,Dutchess,3736,8.7,-1.04,9,5,12,-1.26,1,7,20,13,4,8,7,10,34,29,39,16830,6,29700,10,49,297150,Large,,,,,,
New York,Chautauqua,2240,7.6,-0.1,23,18,29,0.54,12,29,32,49,18,10,8,11,35,28,42,7619,6,19150,15,63,124891,Large,,,,,,
New York,Oneida,3735,8,-0.44,20,14,25,0.07,,44,54,30,11,9,8,10,38,33,44,13146,6,30220,13,73,227555,Large,,,,,,
New York,Albany,4043,8.4,-0.79,15,11,18,-0.55,,21,31,28,6,8,7,10,34,29,38,16860,6,36690,12,56,316659,Large,,,,,,
New York,Tompkins,880,8.3,-0.7,13,8,17,-0.81,,6,41,32,8,8,7,10,33,27,39,5534,5,12200,12,59,103558,Large,,,,,,
New York,Warren,1003,8.4,-0.79,15,10,20,-0.5,,,,16,9,8,7,10,35,29,41,3505,5,7700,12,67,65380,Small,,,,,,
New York,Niagara,3829,8.2,-0.61,20,15,25,0.12,5,74,35,20,12,9,8,10,35,29,41,11395,5,26790,13,61,209457,Large,,,,,,
New York,Lewis,327,8.3,-0.7,15,10,21,-0.46,,,74,39,17,9,8,10,36,30,43,1216,4,3370,13,,26548,Small,,,,,,
New York,Steuben,1650,8.1,-0.53,19,14,24,0.01,,3,60,45,18,9,8,10,37,30,44,4356,4,12310,13,56,92162,Small,,,,,,
New York,Rockland,3053,8.6,-0.96,23,19,27,0.5,20,2,10,22,31,10,9,12,32,27,37,13584,4,37180,11,58,340807,Large,,,,,,
New York,Cortland,713,8.3,-0.7,17,11,22,-0.31,,,,23,11,9,8,11,34,27,41,2127,4,5870,13,67,45752,Small,,,,,,
New York,Wyoming,555,8.5,-0.87,13,9,18,-0.72,,,,24,14,9,8,10,36,28,44,1798,4,4630,12,64,39532,Small,,,,,,
New York,Herkimer,984,8.3,-0.7,17,11,22,-0.3,,,,28,15,9,8,10,38,32,44,2695,4,7680,13,70,59484,Small,,,,,,
New York,Rensselaer,2212,8.5,-0.87,16,12,21,-0.34,,22,50,30,9,9,8,10,35,29,41,6531,4,19040,12,59,159305,Large,,,,,,
New York,Suffolk,17533,9.3,-1.55,9,7,11,-1.29,9,9,12,11,4,8,7,9,30,27,33,60345,4,123670,8,,1523170,Large,,,,,,
New York,Livingston,766,8.7,-1.04,12,8,17,-0.84,,,21,32,12,9,8,10,32,26,39,2557,4,6900,11,59,61158,Small,,,,,,
New York,Orleans,652,8.3,-0.7,15,9,21,-0.47,,,,14,17,9,7,10,36,29,44,1641,4,5060,13,47,39124,Small,,,,,,
New York,Fulton,1034,8,-0.44,20,14,27,0.15,,,,19,21,10,9,11,36,31,42,2113,4,7450,14,65,52234,Small,,,,,,
New York,Delaware,795,8.1,-0.53,22,16,27,0.31,,,23,41,15,9,8,11,36,29,43,1774,4,6210,14,69,44410,Small,,,,,,
New York,Broome,3085,7.9,-0.36,20,15,25,0.1,,22,54,36,18,9,8,10,33,29,38,7370,4,29030,15,62,196077,Large,,,,,,
New York,Saratoga,2678,9.1,-1.38,8,6,11,-1.32,,2,10,16,7,7,6,8,32,27,37,7848,4,22350,10,53,238711,Large,,,,,,
New York,Clinton,1172,8.3,-0.7,16,11,20,-0.4,,4,54,19,15,10,9,11,42,37,48,2650,3,10400,13,71,78115,Small,,,,,,
New York,Ontario,1371,8.8,-1.13,10,6,14,-1.1,,3,,32,8,8,7,10,34,28,41,3288,3,12460,11,63,112494,Large,,,,,,
New York,Schenectady,2227,8.7,-1.04,19,14,23,-0.04,10,18,34,35,7,9,8,10,34,29,41,4613,3,18060,11,59,159902,Large,,,,,,
New York,Sullivan,1346,8.3,-0.7,21,12,29,0.2,,4,42,20,20,11,9,12,35,28,42,2207,3,10310,13,43,79920,Small,,,,,,
New York,Oswego,1864,8.1,-0.53,19,13,24,-0.03,,30,49,45,24,9,8,11,39,32,45,3016,2,16850,14,76,118162,Large,,,,,,
New York,Cattaraugus,1502,8,-0.44,26,20,31,0.8,43,,4,20,24,10,8,11,37,30,44,1940,2,11410,15,49,75600,Small,,,,,,
New York,Washington,1024,8.6,-0.96,16,10,21,-0.43,,,2,8,13,9,8,10,36,30,42,1495,2,7410,12,70,60047,Small,,,,,,
New York,Seneca,512,8.4,-0.79,21,15,27,0.24,,,68,4,15,9,8,10,37,32,43,726,2,4400,13,52,32349,Small,,,,,,
New York,Greene,814,8.8,-1.13,19,13,25,-0.03,,,,4,12,8,7,10,32,26,40,967,2,5470,11,69,47062,Small,,,,,,
New York,Wayne,1420,8.8,-1.13,14,10,18,-0.58,,17,12,10,13,8,7,10,37,30,45,1821,2,10400,11,53,90829,Small,,,,,,
New York,Chenango,899,8.4,-0.79,19,13,25,-0.04,,,27,11,15,10,9,11,38,31,44,915,2,6240,13,,45920,Small,,,,,,
New York,Genesee,873,8.7,-1.04,14,10,19,-0.61,,,5,12,10,9,8,10,35,28,43,929,2,6910,12,68,57529,Small,,,,,,
New York,Westchester,8921,9.3,-1.55,11,9,13,-0.98,11,5,19,17,4,8,7,9,27,24,30,12894,1,94220,9,63,990817,Large,,,,,,
New York,Allegany,760,8.2,-0.61,17,11,24,-0.22,,,75,33,23,9,8,11,34,27,42,648,1,6770,14,60,46651,Small,,,,,,
New York,Schoharie,460,8.7,-1.04,17,11,22,-0.31,,,,9,11,9,8,11,38,31,45,415,1,3610,12,53,30105,Small,,,,,,
New York,Tioga,727,8.9,-1.21,18,13,23,-0.13,,,12,53,16,8,7,10,35,29,42,542,1,5540,12,53,47715,Small,,,,,,
New York,Cayuga,1163,8.5,-0.87,18,13,23,-0.16,,,39,19,17,9,8,11,41,34,48,795,1,9870,13,61,74485,Small,,,,,,
New York,Essex,575,8.8,-1.13,17,11,22,-0.31,,,,25,15,8,7,10,36,30,43,259,1,4490,12,,36775,Small,,,,,,
New York,Nassau,13115,9.9,-2.06,6,4,8,-1.57,18,6,9,10,2,9,8,10,27,24,30,6490,0,97520,7,78,1381715,Large,,,,,,
New York,Schuyler,315,8.4,-0.79,19,12,26,-0.01,,,,,,9,8,11,38,30,46,65,0,2500,14,39,17507,Small,,,,,,
New York,Yates,330,8.8,-1.13,18,12,25,-0.09,,,,58,18,10,8,11,35,29,43,45,0,3020,12,,24472,Small,,,,,,
New York,Richmond,5953,9,-1.3,18,14,21,-0.19,13,17,33,20,8,10,9,11,29,26,33,735,0,56480,12,76,490687,Large,,,,,,
New York,Queens,24940,8.8,-1.13,18,15,20,-0.18,17,15,15,19,10,11,10,12,25,22,28,1663,0,294240,13,80,2252196,Large,,,,,,
New York,Kings,28929,8.2,-0.61,27,24,29,0.95,36,24,28,31,23,11,10,12,27,24,30,41,0,406560,15,75,2561225,Large,,,,,,
New York,Bronx,21458,7.1,0.32,36,32,39,2.04,37,25,34,38,20,15,14,17,37,34,41,8,0,290990,20,53,1356476,Large,,,,,,
New York,New York,14445,8.2,-0.61,20,16,24,0.13,58,13,35,33,3,9,8,10,21,19,24,0,0,245880,15,69,1597451,Large,,,,,,
North Carolina,Hyde,82,3.6,3,31,21,41,1.5,,,54,52,36,14,12,16,39,31,48,1748,30,1000,22,16,4607,Small,,,,,,
North Carolina,Bertie,442,5.4,1.77,34,22,45,1.79,,,41,,2,15,13,17,44,35,52,5211,24,2860,16,37,16922,Small,,,,,,
North Carolina,Chowan,309,6.1,1.18,25,15,34,0.69,,,61,,33,12,11,14,39,31,48,2409,16,2310,17,36,13891,Small,,,,,,
North Carolina,Caldwell,1921,6.4,0.92,18,12,24,-0.11,,,7,33,15,11,9,12,35,28,43,12760,15,12910,16,59,80574,Small,,,,,,
North Carolina,Onslow,2779,6.5,0.83,16,12,20,-0.35,,16,22,19,12,11,9,12,32,26,39,25795,15,32060,16,33,213676,Large,,,,,,
North Carolina,Forsyth,5938,6.8,0.58,23,19,27,0.52,24,17,32,37,8,11,9,12,32,26,38,49909,14,55630,15,49,392921,Large,,,,,,
North Carolina,Cumberland,5833,6.5,0.83,22,18,26,0.37,31,24,31,24,13,12,11,14,40,33,46,43317,14,54610,16,33,337890,Large,,,,,,
North Carolina,Lenoir,1425,6.1,1.18,32,24,40,1.6,,,48,35,18,14,12,16,40,32,49,7920,13,9960,18,42,54895,Small,,,,,,
North Carolina,Gaston,4741,7.1,0.32,19,14,23,-0.06,,3,17,38,10,11,9,12,37,30,44,24534,12,32870,14,45,237242,Large,,,,,,
North Carolina,Hertford,513,6.9,0.49,32,22,42,1.6,,,36,57,5,15,13,17,43,35,52,2812,11,3380,16,13,19453,Small,,,,,,
North Carolina,Richmond,1206,6.3,1.01,31,21,41,1.48,82,,53,28,34,13,11,15,40,32,48,5220,11,7850,18,28,42324,Small,,,,,,
North Carolina,Alamance,2843,7.2,0.24,16,11,21,-0.37,62,9,34,27,9,11,10,13,38,31,45,16794,11,24560,14,42,179165,Large,,,,,,
North Carolina,Ashe,577,6.8,0.58,22,14,30,0.37,,,,13,14,10,8,11,34,27,42,2887,11,4350,16,65,27063,Small,,,,,,
North Carolina,Wayne,2354,6.9,0.49,22,17,28,0.39,,26,41,35,10,12,11,14,39,32,47,12737,10,18760,16,43,118686,Large,,,,,,
North Carolina,Randolph,2946,6.9,0.49,21,16,25,0.2,16,21,49,30,14,11,9,13,33,26,40,14537,10,23300,16,46,147458,Large,,,,,,
North Carolina,Pasquotank,776,7.5,-0.02,23,14,32,0.52,,,8,33,4,11,10,13,36,28,45,4073,10,5370,13,27,41444,Small,,,,,,
North Carolina,Burke,1908,6.7,0.66,24,19,30,0.66,89,19,59,53,22,10,9,12,32,25,39,9096,10,15090,17,52,88338,Small,,,,,,
North Carolina,Rockingham,2253,6.7,0.66,19,12,25,-0.05,,,25,38,20,12,10,13,38,30,45,9220,10,15550,17,33,92518,Small,,,,,,
North Carolina,Buncombe,4083,7.3,0.15,16,12,21,-0.32,,,38,38,8,8,7,9,26,21,32,23393,10,39080,15,54,275901,Large,,,,,,
North Carolina,Catawba,3106,7.2,0.24,16,11,20,-0.42,22,24,38,26,11,10,9,12,34,27,41,15108,10,23870,15,38,164645,Large,,,,,,
North Carolina,Edgecombe,1294,6.9,0.49,39,29,49,2.47,12,,47,29,25,14,12,16,41,33,49,5406,10,8050,16,46,48832,Small,,,,,,
North Carolina,Davidson,3516,7.1,0.32,21,17,26,0.27,67,33,36,34,16,10,9,12,35,28,43,15547,10,25940,15,51,174804,Large,,,,,,
North Carolina,Scotland,886,6.2,1.09,43,35,51,2.95,30,,56,31,23,15,13,17,41,33,50,3440,10,6660,19,33,34376,Small,,,,,,
North Carolina,Beaufort,983,7.1,0.32,31,23,38,1.42,,,54,44,17,12,10,13,38,30,47,4389,9,7040,16,40,44481,Small,,,,,,
North Carolina,New Hanover,3275,7.5,-0.02,16,11,20,-0.43,5,10,43,12,9,9,8,11,32,27,39,17897,9,32180,14,51,238852,Large,,,,,,
North Carolina,Rowan,3126,7.2,0.24,21,15,26,0.21,,7,46,39,12,11,10,13,34,27,42,12193,9,22890,16,50,151661,Large,,,,,,
North Carolina,Craven,1974,7.4,0.07,25,20,30,0.75,,11,30,35,12,12,10,13,36,29,44,9000,9,14890,15,38,102391,Large,,,,,,
North Carolina,Brunswick,2772,7.6,-0.1,17,11,23,-0.27,5,,19,27,10,9,8,11,31,25,38,9253,9,18820,14,45,159964,Large,,,,,,
North Carolina,Dare,580,7.9,-0.36,13,9,18,-0.71,,,73,37,5,8,7,10,30,23,37,2885,9,4590,12,81,38110,Small,,,,,,
North Carolina,Pitt,2740,7.2,0.24,23,17,29,0.52,83,1,36,29,8,12,10,13,37,30,44,14247,8,26720,16,36,175119,Large,,,,,,
North Carolina,Granville,1117,7.7,-0.19,16,10,21,-0.4,,,29,20,7,12,10,14,38,30,46,5068,8,8070,13,30,62192,Small,,,,,,
North Carolina,Davie,730,7.4,0.07,14,9,19,-0.63,,,6,18,14,10,8,11,34,27,42,3458,8,6360,15,22,44599,Small,,,,,,
North Carolina,Cabarrus,2846,8.1,-0.53,12,9,16,-0.82,,1,20,13,8,10,9,12,35,28,42,14719,8,26050,12,31,240016,Large,,,,,,
North Carolina,Lee,1253,7.1,0.32,23,17,29,0.48,,,43,28,16,12,10,13,38,31,46,4713,8,10380,16,36,67059,Small,,,,,,
North Carolina,Henderson,1860,7.5,-0.02,16,11,20,-0.43,,12,23,33,14,9,8,11,34,27,41,8665,8,16970,15,44,119230,Large,,,,,,
North Carolina,Durham,3633,8,-0.44,15,11,19,-0.48,9,3,21,27,3,10,9,12,33,27,38,21595,8,39620,12,40,336892,Large,,,,,,
North Carolina,Gates,225,7.5,-0.02,20,12,27,0.06,,,9,,10,12,10,13,37,29,46,962,8,1510,14,17,10343,Small,,,,,,
North Carolina,Hoke,930,7.2,0.24,24,19,30,0.65,22,,27,26,12,13,11,15,36,28,43,3690,8,8260,16,20,54446,Small,,,,,,
North Carolina,Carteret,1431,7.5,-0.02,14,9,20,-0.57,26,,18,25,8,9,8,11,32,25,39,5120,8,9950,15,62,69615,Small,,,,,,
North Carolina,Alexander,754,7.4,0.07,17,12,23,-0.2,,,,23,16,10,8,11,34,27,42,2825,8,5440,15,72,36473,Small,,,,,,
North Carolina,Union,2652,8.4,-0.79,10,8,13,-1.09,3,5,25,22,5,10,8,11,31,25,38,15234,8,25180,11,35,256452,Large,,,,,,
North Carolina,Guilford,7788,7.7,-0.19,21,17,24,0.2,45,14,34,28,5,11,10,13,34,28,39,35596,7,74080,14,52,549866,Large,,,,,,
North Carolina,Bladen,894,6.9,0.49,29,20,38,1.25,44,,42,63,20,13,11,15,39,31,47,2552,7,5220,18,27,29484,Small,,,,,,
North Carolina,Lincoln,1557,7.8,-0.27,13,9,17,-0.72,,,58,8,6,10,8,11,33,26,41,5385,7,11970,14,45,95675,Small,,,,,,
North Carolina,Montgomery,615,7.3,0.15,21,13,29,0.27,14,,17,30,17,11,10,13,38,30,46,1908,7,4120,16,42,26085,Small,,,,,,
North Carolina,Moore,1626,7.9,-0.36,13,8,17,-0.79,,,24,37,8,9,8,11,32,25,39,6027,7,13240,13,44,106898,Large,,,,,,
North Carolina,Harnett,2267,7.5,-0.02,18,14,23,-0.09,12,3,31,20,18,12,10,13,39,32,47,7530,7,20070,15,27,141477,Large,,,,,,
North Carolina,Halifax,1309,7,0.41,42,33,51,2.79,54,,50,40,22,15,13,17,41,34,50,3497,6,8580,18,42,47298,Small,,,,,,
North Carolina,Duplin,1068,7.2,0.24,27,20,34,0.96,,,41,39,14,13,11,15,39,32,47,3697,6,8160,17,38,49520,Small,,,,,,
North Carolina,Madison,425,7.4,0.07,20,13,27,0.12,,,,31,11,10,8,11,32,25,40,1300,6,3370,16,,22071,Small,,,,,,
North Carolina,Cleveland,2303,7.3,0.15,26,20,32,0.86,,14,52,32,20,11,10,13,38,30,46,5938,6,16370,16,31,101378,Large,,,,,,
North Carolina,Iredell,2870,8.1,-0.53,12,8,15,-0.88,37,2,23,21,7,10,8,11,34,27,41,9176,6,24110,13,42,199710,Large,,,,,,
North Carolina,Pender,1111,7.9,-0.36,14,10,19,-0.57,,,27,27,8,10,9,12,31,24,39,2978,6,8480,14,41,68521,Small,,,,,,
North Carolina,Mecklenburg,11779,8.3,-0.7,14,12,17,-0.6,12,8,19,26,6,11,9,12,34,29,40,50345,5,131170,12,54,1163701,Large,,,,,,
North Carolina,Nash,1962,7.8,-0.27,21,14,28,0.28,9,,34,10,8,12,11,14,42,34,50,5234,5,13450,14,35,96551,Small,,,,,,
North Carolina,Robeson,3328,6.4,0.92,38,33,43,2.33,36,30,55,49,24,16,14,18,42,37,47,7264,5,23960,20,31,117365,Large,,,,,,
North Carolina,Wake,9389,8.5,-0.87,8,6,10,-1.34,2,5,18,17,3,9,8,10,26,22,30,48529,5,126110,11,46,1190275,Large,,,,,,
North Carolina,Yadkin,741,7.5,-0.02,18,12,24,-0.15,,,30,52,11,11,9,12,36,28,44,2028,5,5830,16,48,37774,Small,,,,,,
North Carolina,Rutherford,1665,6.9,0.49,20,13,27,0.16,,,62,19,16,11,10,13,37,29,45,3563,5,11930,18,43,65507,Small,,,,,,
North Carolina,Person,819,7.5,-0.02,19,12,26,0.02,92,,51,77,11,12,10,14,41,33,49,2007,5,6130,16,30,39737,Small,,,,,,
North Carolina,Anson,609,7.5,-0.02,33,23,43,1.73,,,44,28,22,14,12,16,43,35,52,1247,5,3570,16,27,21897,Small,,,,,,
North Carolina,Chatham,985,8.3,-0.7,12,8,15,-0.9,,,29,32,8,10,8,11,31,24,38,2890,5,9680,13,43,81624,Small,,,,,,
North Carolina,Stokes,984,7.6,-0.1,15,9,21,-0.47,,,16,33,13,10,9,12,33,26,41,2018,4,7020,16,48,45532,Small,,,,,,
North Carolina,Tyrrell,71,7.6,-0.1,30,19,40,1.34,,,42,59,45,12,11,14,37,29,46,186,4,540,16,,3461,Small,,,,,,
North Carolina,Martin,596,7.3,0.15,31,20,42,1.46,,,52,50,15,13,12,15,39,30,47,976,4,3730,17,19,21447,Small,,,,,,
North Carolina,Columbus,1426,7.4,0.07,30,21,39,1.38,4,,41,16,22,13,12,15,39,31,47,2134,4,8640,17,29,50121,Small,,,,,,
North Carolina,Wilkes,1491,7.3,0.15,21,15,27,0.21,,,29,44,21,11,9,12,35,27,43,2440,4,11590,18,51,66013,Small,,,,,,
North Carolina,Pamlico,302,7.8,-0.27,25,16,35,0.79,,,35,15,14,11,9,13,37,29,45,456,3,1860,15,51,12423,Small,,,,,,
North Carolina,Macon,742,7.5,-0.02,21,13,28,0.18,,,,26,16,10,9,12,31,24,39,1159,3,6210,17,69,38412,Small,,,,,,
North Carolina,Haywood,1297,7.8,-0.27,17,11,24,-0.21,,,,21,17,9,8,11,32,25,39,1936,3,9540,15,70,62969,Small,,,,,,
North Carolina,Cherokee,678,7.4,0.07,25,16,33,0.68,55,,,10,22,11,9,12,32,25,39,873,3,5000,17,49,29959,Small,,,,,,
North Carolina,Caswell,507,7.9,-0.36,23,15,32,0.53,,,23,41,11,12,11,14,36,28,44,715,3,3390,15,26,22807,Small,,,,,,
North Carolina,Vance,1116,7.6,-0.1,37,27,46,2.18,,,34,30,22,14,12,15,41,34,49,1360,3,6870,16,31,42301,Small,,,,,,
North Carolina,Surry,1523,7.3,0.15,16,10,23,-0.34,,51,50,18,18,11,10,13,35,28,43,2197,3,12770,18,42,71462,Small,,,,,,
North Carolina,Transylvania,539,7.9,-0.36,18,12,25,-0.08,,,44,48,16,9,8,10,33,26,41,977,3,4970,15,49,33549,Small,,,,,,
North Carolina,Johnston,3139,8.4,-0.79,14,10,18,-0.61,4,5,27,33,5,11,10,13,36,30,43,4861,3,27920,13,31,241955,Large,,,,,,
North Carolina,Sampson,1255,7.6,-0.1,26,18,34,0.86,12,,47,41,15,13,12,15,39,31,46,1739,3,9770,17,33,59601,Small,,,,,,
North Carolina,Wilson,1729,7.6,-0.1,27,20,34,0.99,,,49,36,9,14,12,16,39,32,48,2196,3,13010,17,48,78970,Small,,,,,,
North Carolina,Watauga,566,7.9,-0.36,12,8,17,-0.83,,,,12,9,10,8,11,34,27,42,1303,3,8330,15,68,54748,Small,,,,,,
North Carolina,Perquimans,293,7.9,-0.36,25,16,34,0.71,,,24,40,6,11,9,12,34,26,42,310,2,2020,16,26,13377,Small,,,,,,
North Carolina,Stanly,1255,7.9,-0.36,15,9,20,-0.56,,,64,13,15,10,9,12,34,27,42,1323,2,9630,15,53,65699,Small,,,,,,
North Carolina,Orange,1249,8.6,-0.96,8,5,12,-1.34,,20,23,22,4,9,8,10,26,21,32,2914,2,17980,12,29,150626,Large,,,,,,
North Carolina,Franklin,1185,8.5,-0.87,15,10,20,-0.5,,,20,24,7,11,10,13,38,30,46,1315,2,8780,13,33,77001,Small,,,,,,
North Carolina,Alleghany,227,7.3,0.15,25,16,33,0.68,,,,53,27,11,10,13,37,29,45,222,2,1980,18,28,11342,Small,,,,,,
North Carolina,Jackson,689,7.6,-0.1,21,15,28,0.28,26,44,,46,20,10,9,12,32,25,40,749,2,7230,17,52,44574,Small,,,,,,
North Carolina,Mitchell,351,7.6,-0.1,20,12,27,0.1,,,,31,7,10,8,11,34,26,42,270,2,2500,17,,14999,Small,,,,,,
North Carolina,Polk,365,7.9,-0.36,20,13,27,0.1,,,51,28,16,8,7,10,32,25,40,331,2,3000,15,38,20060,Small,,,,,,
North Carolina,Swain,473,7.3,0.15,23,16,30,0.53,26,,,30,39,12,10,14,37,29,45,211,2,2570,18,65,13916,Small,,,,,,
North Carolina,Warren,446,7.6,-0.1,31,20,41,1.43,49,,47,22,22,15,13,17,42,33,51,285,1,3260,17,34,18836,Small,,,,,,
North Carolina,McDowell,985,7.7,-0.19,20,13,27,0.13,,,19,45,14,11,10,13,33,26,41,576,1,7490,17,55,44893,Small,,,,,,
North Carolina,Clay,212,7.8,-0.27,22,14,30,0.39,,,,10,4,10,8,11,33,25,41,116,1,1830,16,30,11864,Small,,,,,,
North Carolina,Camden,166,8.8,-1.13,9,6,11,-1.3,,,,18,6,9,8,11,34,27,43,105,1,1270,12,9,11137,Small,,,,,,
North Carolina,Graham,176,7.7,-0.19,23,15,32,0.53,,,,8,5,10,9,12,34,26,42,90,1,1350,17,,8052,Small,,,,,,
North Carolina,Yancey,385,7.8,-0.27,22,14,30,0.37,,,,43,15,10,8,11,32,25,41,101,1,3100,17,,18938,Small,,,,,,
North Carolina,Currituck,481,8.8,-1.13,11,7,14,-1.05,,,,11,7,9,8,10,33,26,41,109,0,3470,12,31,31593,Small,,,,,,
North Carolina,Northampton,457,8.2,-0.61,32,20,43,1.58,,,45,,12,14,12,16,40,32,49,103,0,2580,15,32,16715,Small,,,,,,
North Carolina,Washington,281,7.6,-0.1,36,23,49,2.07,,,42,,12,14,12,16,41,33,50,37,0,1960,18,16,10713,Small,,,,,,
North Carolina,Avery,316,8.1,-0.53,22,14,30,0.38,,,,22,9,10,9,12,33,26,41,34,0,2710,15,,17561,Small,,,,,,
North Carolina,Jones,239,8,-0.44,30,20,40,1.39,,,61,36,9,12,11,14,38,30,47,9,0,1480,16,26,9401,Small,,,,,,
North Carolina,Greene,395,7.8,-0.27,30,20,40,1.32,,,45,58,28,14,12,16,41,33,50,15,0,3470,17,12,20530,Small,,,,,,
North Dakota,Kidder,,5.4,1.77,16,9,23,-0.36,,,,8,10,9,8,11,38,30,46,925,38,230,10,,2342,Small,,,,,,
North Dakota,Golden Valley,,5.9,1.35,16,10,21,-0.43,,,,,,9,8,11,41,33,50,559,33,170,10,,1743,Small,,,,,,
North Dakota,Hettinger,,6.5,0.83,16,9,23,-0.4,,,,,,9,8,10,38,29,46,723,29,220,9,,2415,Small,,,,,,
North Dakota,Sheridan,,7.1,0.32,23,13,33,0.48,,,,,,9,8,10,37,30,45,382,29,90,6,,1266,Small,,,,,,
North Dakota,Nelson,,6.6,0.75,9,5,12,-1.3,,,,14,15,9,7,10,39,32,48,827,26,300,10,,2991,Small,,,,,,
North Dakota,Logan,,7.2,0.24,18,10,26,-0.15,,,,22,7,9,8,11,38,31,47,520,26,130,7,,1869,Small,,,,,,
North Dakota,Sioux,137,4.3,2.71,39,24,54,2.51,59,,,,7,19,17,22,49,41,58,1011,24,830,21,,3643,Small,,,,,,
North Dakota,Slope,,7.9,,25,14,35,,,,,,,9,7,10,37,30,46,149,21,60,7,,674,Small,,,,,,
North Dakota,Oliver,,7.7,-0.19,15,8,22,-0.5,,,,,,9,8,10,40,32,49,362,20,150,8,,1879,Small,,,,,,
North Dakota,LaMoure,,7.8,-0.27,10,5,14,-1.18,,,,,,8,7,10,38,30,46,804,19,330,8,,4096,Small,,,,,,
North Dakota,Billings,,7.9,,15,8,21,,,,,,,8,7,10,36,28,44,142,18,70,8,,1034,Small,,,,,,
North Dakota,McHenry,97,7.9,-0.36,15,9,21,-0.52,,,,40,12,9,7,10,37,30,45,917,17,450,8,,5131,Small,,,,,,
North Dakota,Burke,,8.4,-0.79,9,5,13,-1.19,,,,,,8,7,9,35,28,43,320,16,140,6,,2134,Small,,,,,,
North Dakota,Grant,,7.8,-0.27,23,13,33,0.48,,,,,,10,9,12,41,33,49,377,16,220,9,,2215,Small,,,,,,
North Dakota,McKenzie,207,7.8,-0.27,9,5,13,-1.25,38,,,40,9,10,8,11,36,29,42,1000,16,1310,9,73,14252,Small,,,,,,
North Dakota,Benson,208,6.7,0.66,28,16,41,1.15,32,,,,30,14,12,15,42,34,50,1007,15,890,15,,5745,Small,,,,,,
North Dakota,Renville,,8.8,-1.13,8,5,12,-1.34,,,,,,9,7,10,37,30,46,334,14,130,6,,2279,Small,,,,,,
North Dakota,Emmons,,8.4,-0.79,15,9,21,-0.5,,,,,,9,7,10,37,29,45,476,13,260,8,,3224,Small,,,,,,
North Dakota,Dunn,57,8.6,-0.96,15,9,22,-0.46,15,,,15,11,9,8,11,38,30,46,470,13,280,7,,4019,Small,,,,,,
North Dakota,McLean,159,8.6,-0.96,10,6,14,-1.1,29,,,34,5,8,7,10,36,30,44,1183,13,670,7,,9832,Small,,,,,,
North Dakota,Steele,,8.4,-0.79,11,6,15,-1.02,,,,,,9,7,10,37,29,45,246,12,140,8,,1782,Small,,,,,,
North Dakota,Bottineau,80,8.7,-1.04,12,7,16,-0.92,39,,,11,7,9,8,11,39,32,47,673,10,510,8,,6349,Small,,,,,,
North Dakota,Wells,,8.5,-0.87,15,8,21,-0.55,,,,,,9,7,10,38,30,46,420,10,350,9,,3876,Small,,,,,,
North Dakota,Grand Forks,718,8.6,-0.96,9,6,13,-1.19,43,24,33,19,7,9,8,11,37,32,43,6661,10,6260,9,52,72708,Small,,,,,,
North Dakota,Pembina,109,8.7,-1.04,8,5,12,-1.31,,,,36,6,9,8,11,34,27,42,614,8,590,9,,6661,Small,,,,,,
North Dakota,Cavalier,,8.9,-1.21,11,6,16,-0.99,,,,,,8,7,10,37,28,45,329,8,290,8,,3596,Small,,,,,,
North Dakota,Eddy,,8.1,-0.53,11,6,16,-0.97,,,,,,10,8,11,40,32,48,195,8,270,12,,2263,Small,,,,,,
North Dakota,Towner,,8.5,-0.87,13,7,19,-0.72,,,,,,10,9,12,37,30,44,180,8,210,10,,2030,Small,,,,,,
North Dakota,Divide,,9.3,-1.55,12,7,17,-0.9,,,,,,9,8,11,37,29,45,164,8,140,6,,2135,Small,,,,,,
North Dakota,Ward,789,9,-1.3,9,5,13,-1.19,17,,13,10,2,9,8,10,37,32,43,4566,7,5550,8,47,68332,Small,,,,,,
North Dakota,Pierce,,9.1,-1.38,12,7,17,-0.85,,,,24,11,8,7,10,36,29,44,289,7,320,8,,3902,Small,,,,,,
North Dakota,Stark,348,9.2,-1.47,9,5,13,-1.24,,,,35,6,9,8,10,39,33,46,1555,6,2490,8,63,33001,Small,,,,,,
North Dakota,Stutsman,286,8.5,-0.87,11,6,16,-0.99,,,4,,7,9,8,11,40,33,47,1344,6,2340,11,54,21392,Small,,,,,,
North Dakota,Barnes,182,8.9,-1.21,11,6,16,-0.97,,,,,,9,7,10,38,31,45,694,6,970,9,53,10726,Small,,,,,,
North Dakota,Griggs,,9.4,-1.64,16,9,22,-0.42,,,,,,9,7,10,37,29,45,144,6,160,7,,2248,Small,,,,,,
North Dakota,Foster,,9.3,-1.55,10,6,14,-1.11,,,,,,8,7,10,40,32,48,197,6,240,7,,3309,Small,,,,,,
North Dakota,Adams,,8.8,-1.13,13,7,18,-0.77,,,,,,10,8,11,38,31,47,133,6,210,10,,2163,Small,,,,,,
North Dakota,Richland,183,9.2,-1.47,11,8,14,-1,74,,,56,2,9,8,11,42,36,50,875,5,1350,8,76,16558,Small,,,,,,
North Dakota,Walsh,153,9.1,-1.38,12,7,17,-0.88,,,,14,8,10,9,12,39,31,46,594,5,890,8,,10305,Small,,,,,,
North Dakota,McIntosh,,8.9,-1.21,16,9,23,-0.34,,,,,,10,8,11,41,33,49,150,5,230,9,,2488,Small,,,,,,
North Dakota,Ramsey,206,8.4,-0.79,15,10,21,-0.48,23,,,83,26,9,8,11,36,29,43,600,5,1370,12,49,11463,Small,,,,,,
North Dakota,Morton,439,9.5,-1.72,10,6,15,-1.09,0,,,16,6,9,8,10,36,30,42,1430,5,2200,7,50,33895,Small,,,,,,
North Dakota,Williams,399,9.3,-1.55,9,5,12,-1.29,58,,57,20,3,9,8,11,38,32,44,1133,5,2950,8,44,39113,Small,,,,,,
North Dakota,Rolette,387,7.4,0.07,25,16,34,0.73,32,,,,4,15,13,18,45,38,53,695,5,2000,16,,11728,Small,,,,,,
North Dakota,Burleigh,1091,9.5,-1.72,7,4,10,-1.46,39,35,76,15,4,8,7,10,39,34,44,3744,5,6860,7,56,100012,Large,,,,,,
North Dakota,Mercer,122,9.4,-1.64,8,5,12,-1.34,50,,,,12,9,8,11,36,29,43,355,4,650,8,,8309,Small,,,,,,
North Dakota,Cass,1856,9.5,-1.72,8,5,11,-1.36,60,35,22,15,5,8,7,10,34,30,38,4885,3,14540,8,44,196362,Large,,,,,,
North Dakota,Bowman,,9.7,-1.89,11,6,15,-1.02,,,,,,9,8,10,37,30,45,92,3,210,7,,2867,Small,,,,,,
North Dakota,Dickey,75,9.6,-1.81,13,7,19,-0.76,,,,19,8,9,8,11,38,31,46,150,3,380,8,,4900,Small,,,,,,
North Dakota,Mountrail,204,9.2,-1.47,15,9,20,-0.52,22,,,4,12,11,9,13,40,32,48,192,3,910,10,60,9383,Small,,,,,,
North Dakota,Traill,111,9.9,-2.06,7,4,10,-1.47,,,,5,4,9,7,10,38,31,46,174,2,520,7,,7908,Small,,,,,,
North Dakota,Ransom,78,9.6,-1.81,11,7,15,-1,,,,73,13,9,8,10,38,31,46,97,2,440,8,,5603,Small,,,,,,
North Dakota,Sargent,,9.9,-2.06,11,6,15,-1.05,,,,58,10,9,8,10,36,28,44,60,2,260,7,,3776,Small,,,,,,
Ohio,Mahoning,4818,6.4,0.92,28,22,33,1.07,72,14,53,53,15,13,11,14,40,35,45,36726,15,36810,16,67,225596,Large,,,,,,
Ohio,Meigs,543,5.7,1.52,30,21,38,1.29,,,,,,13,12,15,49,42,56,3544,15,4320,19,,21767,Small,,,,,,
Ohio,Noble,201,6.1,1.18,15,10,21,-0.47,,,,,,13,11,15,45,38,53,2095,14,2550,18,,14311,Small,,,,,,
Ohio,Richland,2471,6.7,0.66,20,15,26,0.16,,,45,17,15,12,11,14,40,35,45,16966,14,18990,15,62,125064,Large,,,,,,
Ohio,Crawford,872,6.5,0.83,17,11,24,-0.21,,,12,21,18,12,11,14,44,37,51,5966,14,6750,16,,41529,Small,,,,,,
Ohio,Marion,1342,6.4,0.92,20,14,27,0.16,,,,51,14,13,11,14,45,40,51,8987,14,10980,17,64,64851,Small,,,,,,
Ohio,Guernsey,874,6.4,0.92,22,14,29,0.32,,,41,53,21,12,11,14,42,35,48,5015,13,6580,17,65,38089,Small,,,,,,
Ohio,Clinton,884,6.8,0.58,16,11,21,-0.39,,,48,48,18,12,10,14,42,34,49,5182,12,6650,16,57,41938,Small,,,,,,
Ohio,Trumbull,4420,6.7,0.66,25,21,30,0.79,,13,64,45,21,13,11,14,45,39,50,23746,11,33710,17,65,200373,Large,,,,,,
Ohio,Adams,716,6,1.26,26,19,33,0.84,,,,20,31,13,12,15,45,38,53,3193,11,5420,20,,27521,Small,,,,,,
Ohio,Athens,938,6.3,1.01,21,14,28,0.27,,,26,7,14,12,10,13,38,34,43,7110,11,11230,18,48,62706,Small,,,,,,
Ohio,Muskingum,1632,6.9,0.49,24,18,30,0.64,,,54,20,20,12,10,13,41,36,46,9172,11,13920,16,49,86305,Small,,,,,,
Ohio,Williams,607,7.3,0.15,14,10,18,-0.63,,,,12,18,12,10,13,42,34,49,3945,10,5280,14,74,36591,Small,,,,,,
Ohio,Montgomery,10861,7.2,0.24,22,18,25,0.31,61,12,37,33,14,12,11,13,42,39,45,54238,10,78480,15,61,533796,Large,,,,,,
Ohio,Jefferson,1641,6.6,0.75,22,15,29,0.37,,,56,47,19,11,10,13,40,35,46,7056,10,11430,18,62,64026,Small,,,,,,
Ohio,Ashtabula,2048,6.8,0.58,28,22,34,1.1,,,17,32,25,12,11,14,43,37,49,10106,10,16540,17,55,96845,Small,,,,,,
Ohio,Clermont,3395,7.6,-0.1,11,8,15,-0.95,,24,13,19,10,11,9,12,40,34,46,19067,10,27070,13,57,211972,Large,,,,,,
Ohio,Portage,2513,7.6,-0.1,15,12,19,-0.48,,13,38,12,10,11,9,12,39,33,44,15554,10,21460,13,54,162665,Large,,,,,,
Ohio,Butler,6162,7.7,-0.19,13,10,17,-0.71,2,11,19,24,10,12,10,13,37,32,42,34714,9,49950,13,45,393043,Large,,,,,,
Ohio,Ottawa,738,7.6,-0.1,12,8,16,-0.87,,,,4,11,10,9,12,41,34,48,3711,9,5520,14,68,39803,Small,,,,,,
Ohio,Stark,6909,7.4,0.07,17,13,20,-0.27,,22,47,31,12,11,10,12,38,34,43,32210,9,54230,15,59,372716,Large,,,,,,
Ohio,Seneca,984,7.5,-0.02,17,12,22,-0.24,,,68,17,14,12,11,14,47,41,53,4760,8,7900,14,59,54527,Small,,,,,,
Ohio,Union,644,8.4,-0.79,5,4,7,-1.69,,1,,8,5,9,8,10,37,32,43,4383,8,6410,10,53,69637,Small,,,,,,
Ohio,Madison,713,7.8,-0.27,12,7,16,-0.89,,,48,18,13,12,10,13,42,35,50,3577,8,5730,13,64,44602,Small,,,,,,
Ohio,Licking,2859,7.8,-0.27,12,9,15,-0.88,,1,22,11,13,11,9,12,36,30,42,13652,8,23520,13,60,183201,Large,,,,,,
Ohio,Wood,1670,7.7,-0.19,9,6,12,-1.2,,1,5,14,9,11,9,12,36,31,41,10091,8,17910,14,49,132650,Large,,,,,,
Ohio,Clark,3049,7.2,0.24,21,16,27,0.29,,,38,43,18,12,11,14,42,36,48,11110,8,21590,16,63,134610,Large,,,,,,
Ohio,Hamilton,12907,7.8,-0.27,17,13,20,-0.26,55,12,38,31,8,13,12,14,39,35,43,63556,8,110140,13,60,827058,Large,,,,,,
Ohio,Morgan,332,6.8,0.58,22,14,30,0.37,,,4,15,13,12,10,14,42,35,50,1184,8,2430,18,32,13646,Small,,,,,,
Ohio,Lake,3656,7.9,-0.36,15,12,18,-0.48,,14,23,16,9,11,10,12,41,35,47,18045,8,29150,13,53,231640,Large,,,,,,
Ohio,Summit,9500,7.7,-0.19,20,16,23,0.08,,24,43,23,10,11,10,13,40,36,43,41226,8,73510,14,59,535733,Large,,,,,,
Ohio,Belmont,1440,7.3,0.15,21,15,27,0.24,,60,59,45,20,12,11,14,43,38,48,4864,7,10550,16,56,64918,Small,,,,,,
Ohio,Erie,1358,7.6,-0.1,19,13,24,-0.05,,,49,33,10,11,9,12,37,31,42,5315,7,10790,14,64,74035,Small,,,,,,
Ohio,Lucas,8411,7.3,0.15,24,20,29,0.64,34,28,46,30,15,13,12,14,42,39,46,30248,7,67930,16,60,425484,Large,,,,,,
Ohio,Van Wert,504,8.1,-0.53,14,10,19,-0.57,,,,15,12,11,10,12,42,36,49,1966,7,3600,13,81,28704,Small,,,,,,
Ohio,Lorain,5237,7.6,-0.1,15,11,19,-0.51,4,14,50,34,10,12,10,13,40,34,45,20340,7,46070,15,59,317910,Large,,,,,,
Ohio,Gallia,699,7,0.41,24,15,32,0.58,,,27,20,15,13,11,14,40,34,46,2074,7,5030,17,47,28986,Small,,,,,,
Ohio,Franklin,19034,7.9,-0.36,20,17,22,0.1,25,14,34,25,11,12,11,13,36,33,39,76129,7,177730,14,56,1326063,Large,,,,,,
Ohio,Paulding,309,7.9,-0.36,14,9,19,-0.63,,,,14,12,12,10,14,39,32,48,1221,6,2550,14,42,18706,Small,,,,,,
Ohio,Greene,2329,8,-0.44,11,7,14,-1.03,,8,13,9,10,11,9,12,39,34,45,10046,6,22130,13,46,169691,Large,,,,,,
Ohio,Columbiana,2201,7.4,0.07,20,15,26,0.16,,,40,26,17,12,11,14,47,41,53,6608,6,16080,16,76,100182,Large,,,,,,
Ohio,Warren,2882,8.6,-0.96,6,4,8,-1.6,5,5,,20,5,10,9,11,34,28,40,12983,6,25370,10,43,252148,Large,,,,,,
Ohio,Fairfield,2370,8.2,-0.61,11,8,14,-0.98,,6,8,15,10,11,10,13,39,33,45,8755,6,19490,12,65,165360,Large,,,,,,
Ohio,Knox,994,7.7,-0.19,14,9,19,-0.61,,22,11,22,13,10,9,12,36,30,42,3625,6,9100,15,54,63320,Small,,,,,,
Ohio,Fulton,688,8.1,-0.53,11,7,15,-0.99,,,,15,11,12,10,13,42,35,50,2529,6,5470,13,,42007,Small,,,,,,
Ohio,Defiance,615,8,-0.44,13,8,18,-0.76,,,69,14,10,11,10,13,42,35,50,2238,6,5130,13,61,38315,Small,,,,,,
Ohio,Hocking,617,7.3,0.15,22,15,28,0.31,,,,,,13,11,15,43,36,49,1679,6,4670,17,,27540,Small,,,,,,
Ohio,Ross,1795,7.3,0.15,23,17,29,0.47,,,10,20,24,13,12,15,42,37,47,4389,6,12530,16,62,76501,Small,,,,,,
Ohio,Putnam,417,8.7,-1.04,6,3,9,-1.61,,,,30,5,10,9,12,40,34,47,1680,5,3590,10,,34199,Small,,,,,,
Ohio,Wayne,1891,8.2,-0.61,12,8,15,-0.92,,,10,16,10,11,9,12,40,34,47,5544,5,14700,13,74,116510,Large,,,,,,
Ohio,Delaware,1765,9,-1.3,6,4,7,-1.67,,2,27,8,5,9,8,10,32,29,36,8217,5,20090,9,45,231636,Large,,,,,,
Ohio,Huron,1091,7.7,-0.19,20,15,25,0.12,,,,36,12,12,10,13,42,35,48,2794,5,8720,15,51,58199,Small,,,,,,
Ohio,Harrison,354,7.4,0.07,20,13,26,0.08,,,,30,20,12,10,13,41,34,49,728,5,2380,16,81,14159,Small,,,,,,
Ohio,Lawrence,1636,7,0.41,21,14,28,0.23,,,30,,22,13,12,15,45,39,51,2785,4,10710,19,56,56118,Small,,,,,,
Ohio,Shelby,842,8.1,-0.53,15,11,18,-0.51,,,5,24,16,11,10,13,38,31,46,2053,4,6480,14,63,47765,Small,,,,,,
Ohio,Washington,1212,7.6,-0.1,16,11,22,-0.36,,,27,44,18,12,11,14,45,40,50,2512,4,9460,16,58,58577,Small,,,,,,
Ohio,Geauga,1063,8.8,-1.13,6,4,9,-1.56,,10,15,8,5,10,9,12,36,30,43,3781,4,10100,11,53,95407,Small,,,,,,
Ohio,Allen,1908,7.9,-0.36,19,13,24,-0.05,,2,44,24,12,13,11,15,47,42,52,4256,4,14630,14,54,100838,Large,,,,,,
Ohio,Miami,1807,8.4,-0.79,11,8,15,-0.94,,1,10,6,9,11,9,12,40,33,47,4041,4,13510,12,45,110876,Large,,,,,,
Ohio,Fayette,603,7.3,0.15,18,12,24,-0.08,,,16,13,21,13,11,15,41,34,48,1124,4,5010,17,33,28817,Small,,,,,,
Ohio,Medina,2212,8.6,-0.96,9,6,11,-1.27,,,39,19,6,10,9,12,36,30,42,6670,4,20830,11,56,184042,Large,,,,,,
Ohio,Hancock,1149,8.2,-0.61,11,7,15,-1.02,,,27,5,10,11,10,13,37,32,43,2863,4,10000,13,34,74704,Small,,,,,,
Ohio,Darke,895,8.1,-0.53,11,7,15,-0.95,,,1,32,12,12,10,13,40,34,47,1850,3,7270,14,74,51415,Small,,,,,,
Ohio,Cuyahoga,21632,7.8,-0.27,23,20,26,0.49,65,12,39,30,10,11,10,12,38,34,41,42413,3,189390,15,72,1233088,Large,,,,,,
Ohio,Hardin,643,7.6,-0.1,18,12,24,-0.14,,,,8,32,13,11,15,45,38,53,1057,3,4980,16,,30368,Small,,,,,,
Ohio,Sandusky,1054,7.8,-0.27,14,9,19,-0.63,,,43,27,15,12,11,14,42,36,49,1991,3,8930,15,67,58709,Small,,,,,,
Ohio,Scioto,2053,6.6,0.75,24,17,31,0.63,,,,57,28,13,11,15,44,38,49,2562,3,15430,21,72,71969,Small,,,,,,
Ohio,Tuscarawas,1749,7.9,-0.36,17,13,21,-0.25,,,18,31,15,12,11,14,44,38,49,2811,3,13720,15,58,91874,Small,,,,,,
Ohio,Pickaway,1099,8,-0.44,15,10,19,-0.56,,,43,8,17,11,10,13,43,36,50,1689,3,8530,15,70,61086,Small,,,,,,
Ohio,Preble,787,8.3,-0.7,15,10,19,-0.56,,,43,26,17,11,10,13,39,30,47,1261,3,5500,13,86,40556,Small,,,,,,
Ohio,Coshocton,732,7.3,0.15,22,16,27,0.31,,,27,,24,12,11,14,41,34,47,1027,3,6530,18,63,36869,Small,,,,,,
Ohio,Brown,1005,7.6,-0.1,23,17,28,0.43,,,47,68,21,12,10,13,43,36,49,1239,3,7240,17,43,43777,Small,,,,,,
Ohio,Logan,825,8.3,-0.7,15,9,20,-0.56,,,49,13,14,12,10,13,39,31,46,1212,3,6180,13,50,46057,Small,,,,,,
Ohio,Mercer,600,8.8,-1.13,8,5,11,-1.34,,,,,,11,10,12,38,32,44,1064,3,4660,11,81,42439,Small,,,,,,
Ohio,Jackson,816,7.2,0.24,22,15,30,0.42,,,,,,12,11,14,44,37,50,858,3,5920,18,60,32606,Small,,,,,,
Ohio,Monroe,271,7.5,-0.02,22,16,29,0.38,,,,,,12,11,14,43,36,50,375,3,2290,17,,13153,Small,,,,,,
Ohio,Vinton,367,7,0.41,27,18,36,0.99,,,,,,13,11,15,41,34,49,324,2,2450,19,,12474,Small,,,,,,
Ohio,Highland,910,7.6,-0.1,18,12,24,-0.13,,,81,2,18,12,11,14,43,38,48,1031,2,7120,17,72,43614,Small,,,,,,
Ohio,Holmes,469,8.8,-1.13,10,7,14,-1.1,,,,15,13,12,11,14,43,35,51,932,2,5100,12,,44386,Small,,,,,,
Ohio,Auglaize,677,8.7,-1.04,10,7,13,-1.09,,,,,,10,9,12,43,37,49,997,2,5370,12,59,46050,Small,,,,,,
Ohio,Carroll,546,8,-0.44,19,13,24,-0.04,,,,,,12,11,14,41,34,48,549,2,4040,15,54,26758,Small,,,,,,
Ohio,Perry,736,7.7,-0.19,18,12,24,-0.1,,,,,,12,10,14,43,36,50,642,2,5830,16,72,35551,Small,,,,,,
Ohio,Henry,442,8.4,-0.79,11,7,14,-1.02,,,15,21,11,11,10,13,43,35,51,502,2,3660,13,,27520,Small,,,,,,
Ohio,Wyandot,382,8.6,-0.96,12,8,15,-0.93,,,,7,6,10,9,12,40,33,47,383,2,2690,12,,21457,Small,,,,,,
Ohio,Ashland,888,8.3,-0.7,19,14,23,-0.01,,,,25,23,12,10,13,41,34,48,804,2,7370,14,69,52190,Small,,,,,,
Ohio,Pike,756,6.9,0.49,26,17,34,0.85,,,,,,13,12,15,41,34,47,401,1,5530,20,81,27001,Small,,,,,,
Ohio,Champaign,680,8.5,-0.87,12,8,17,-0.83,,,11,,9,11,10,13,40,32,48,487,1,5100,13,63,38845,Small,,,,,,
Ohio,Morrow,587,8.4,-0.79,13,8,18,-0.73,,,,4,12,13,11,14,43,36,49,131,0,4850,14,,35595,Small,,,,,,
Oklahoma,Dewey,95,5.5,1.69,18,12,24,-0.15,,,,50,18,12,10,14,41,32,49,1207,25,690,15,,4286,Small,,,,,,
Oklahoma,Blaine,218,5.7,1.52,22,14,29,0.33,31,,,35,21,13,11,14,44,36,52,2808,24,1310,15,64,8539,Small,,,,,,
Oklahoma,Choctaw,436,4.8,2.28,31,21,41,1.49,22,,72,38,20,14,12,16,45,37,54,3206,21,2960,21,42,14276,Small,,,,,,
Oklahoma,Roger Mills,64,6,1.26,27,19,35,1,43,,,42,20,12,10,13,40,32,49,743,20,520,15,,3295,Small,,,,,,
Oklahoma,Harper,,6,1.26,17,11,23,-0.29,,,,23,18,12,10,14,43,35,52,745,20,500,15,,3190,Small,,,,,,
Oklahoma,Kiowa,244,5.2,1.94,30,20,40,1.36,4,,,47,31,14,12,16,45,37,54,1821,19,1650,20,11,8398,Small,,,,,,
Oklahoma,Grant,89,6.3,1.01,18,11,24,-0.19,5,,,27,18,12,11,14,45,37,53,867,19,610,15,,4083,Small,,,,,,
Oklahoma,Haskell,319,5.3,1.86,25,16,35,0.79,25,,,56,20,14,12,15,44,36,52,2265,18,2330,20,,11832,Small,,,,,,
Oklahoma,Tillman,180,5.8,1.43,29,17,40,1.21,,,44,38,7,14,12,16,42,34,51,1414,18,1250,18,33,6869,Small,,,,,,
Oklahoma,Custer,528,6.7,0.66,21,15,28,0.26,26,,37,15,9,12,10,14,39,32,46,4487,16,4070,14,56,28266,Small,,,,,,
Oklahoma,Okmulgee,981,5.8,1.43,26,18,34,0.84,25,,26,28,23,14,12,16,44,37,52,6487,16,6750,18,49,37035,Small,,,,,,
Oklahoma,Washita,251,6.4,0.92,22,14,31,0.42,22,,,27,13,11,10,13,41,33,49,1880,16,1710,16,,10736,Small,,,,,,
Oklahoma,Osage,901,6.5,0.83,19,13,25,-0.04,22,,37,19,10,12,11,14,40,33,48,7600,16,6920,15,85,46130,Small,,,,,,
Oklahoma,Kay,1025,6.1,1.18,27,21,33,0.99,36,,43,33,16,12,10,14,44,36,52,7106,15,7630,17,63,43641,Small,,,,,,
Oklahoma,Logan,715,6.9,0.49,14,10,18,-0.62,37,,68,33,14,11,10,13,42,35,49,6383,15,6850,14,53,53029,Small,,,,,,
Oklahoma,Cimarron,,6.5,0.83,27,16,37,0.97,,,,16,10,11,9,12,40,31,49,373,15,350,16,,2191,Small,,,,,,
Oklahoma,Atoka,306,5.9,1.35,24,16,32,0.63,15,,3,13,21,13,12,15,43,35,51,2125,15,2580,18,54,14525,Small,,,,,,
Oklahoma,Alfalfa,83,7,0.41,22,14,29,0.31,,,,12,23,11,10,13,38,30,46,837,15,770,14,,5673,Small,,,,,,
Oklahoma,Marshall,403,6,1.26,19,12,27,0.05,11,,,22,17,13,11,15,44,35,52,2286,14,2850,18,,15970,Small,,,,,,
Oklahoma,Pittsburg,1115,5.8,1.43,24,17,31,0.63,23,66,,27,21,12,11,14,41,34,49,6497,14,8330,19,39,43479,Small,,,,,,
Oklahoma,Cherokee,1063,5.8,1.43,24,17,32,0.63,20,,,27,32,14,12,16,44,37,51,6597,14,9060,19,80,48185,Small,,,,,,
Oklahoma,McCurtain,929,5.9,1.35,29,21,37,1.27,38,,63,43,24,15,13,17,45,38,53,4569,14,5890,19,39,30660,Small,,,,,,
Oklahoma,Craig,332,6,1.26,28,19,37,1.08,14,,,47,31,14,13,16,44,36,52,2069,14,2640,19,51,14494,Small,,,,,,
Oklahoma,Ellis,99,6.6,0.75,19,12,26,-0.04,,,,17,15,11,10,13,41,33,50,567,14,600,16,,3648,Small,,,,,,
Oklahoma,Johnston,261,5.5,1.69,25,17,33,0.7,18,,,46,31,14,12,16,44,35,52,1492,14,2160,21,,10216,Small,,,,,,
Oklahoma,Jefferson,146,5.6,1.6,35,26,45,2,36,,,45,37,13,12,15,45,37,54,880,14,1120,21,,5347,Small,,,,,,
Oklahoma,Texas,263,6.6,0.75,15,9,21,-0.47,1,,,33,7,14,12,16,41,34,49,2624,13,3480,17,68,20371,Small,,,,,,
Oklahoma,Washington,996,6.7,0.66,19,14,24,0.01,24,23,12,20,18,12,11,14,42,35,49,6456,13,8320,16,40,53706,Small,,,,,,
Oklahoma,Noble,241,7.2,0.24,17,11,23,-0.2,18,,,8,15,11,10,13,41,32,49,1424,12,1510,14,,10832,Small,,,,,,
Oklahoma,Seminole,706,5.7,1.52,25,17,33,0.74,42,,36,30,24,14,12,16,43,35,51,3112,12,4860,21,43,23565,Small,,,,,,
Oklahoma,Beaver,87,7.5,-0.02,19,12,25,-0.06,,,,10,8,11,10,13,39,31,48,669,12,640,13,,5018,Small,,,,,,
Oklahoma,Coal,145,5.9,1.35,30,20,39,1.33,13,,,,34,14,12,16,43,35,52,669,11,1070,20,,5266,Small,,,,,,
Oklahoma,Comanche,2204,6.5,0.83,26,21,31,0.86,25,19,36,23,17,13,11,14,44,38,49,13905,11,21070,17,29,121574,Large,,,,,,
Oklahoma,Lincoln,743,6.9,0.49,31,26,36,1.5,21,8,33,12,24,12,10,14,42,35,50,3804,11,5370,16,47,34562,Small,,,,,,
Oklahoma,Bryan,1051,6.6,0.75,22,16,28,0.42,21,,48,29,20,13,11,14,41,34,48,4577,11,7990,17,37,48967,Small,,,,,,
Oklahoma,Nowata,229,6.7,0.66,25,17,33,0.73,28,,77,23,21,13,11,15,41,33,50,1130,11,1570,17,33,9438,Small,,,,,,
Oklahoma,Payne,1077,6.7,0.66,20,15,25,0.12,18,7,63,42,20,12,10,14,39,32,45,8293,11,13980,17,46,83352,Small,,,,,,
Oklahoma,Wagoner,1352,7.4,0.07,12,8,16,-0.84,17,8,27,24,9,11,9,12,44,37,51,7447,10,11290,14,39,89280,Small,,,,,,
Oklahoma,Sequoyah,1064,6.3,1.01,33,26,40,1.69,19,,22,57,27,14,12,16,41,34,49,4308,10,7520,19,55,40291,Small,,,,,,
Oklahoma,Jackson,472,7,0.41,23,16,30,0.53,61,,37,36,10,13,11,15,43,35,50,2667,10,3860,16,52,24669,Small,,,,,,
Oklahoma,Caddo,733,6.6,0.75,23,16,31,0.52,40,,,33,19,14,12,16,41,33,49,2917,10,4740,18,64,26214,Small,,,,,,
Oklahoma,Pushmataha,349,5.8,1.43,30,20,39,1.29,19,,,23,35,14,12,17,44,34,54,1089,9,2310,21,,10800,Small,,,,,,
Oklahoma,Delaware,1070,6.5,0.83,30,23,36,1.31,28,14,,48,27,13,11,15,43,36,50,3842,9,7470,18,,41703,Small,,,,,,
Oklahoma,Pontotoc,818,7.2,0.24,16,9,22,-0.41,17,3,13,18,12,13,11,14,43,36,51,3465,9,5850,15,52,38396,Small,,,,,,
Oklahoma,Le Flore,1223,6.3,1.01,25,19,32,0.78,30,21,38,37,24,14,12,15,43,36,49,4613,9,9290,19,43,49596,Small,,,,,,
Oklahoma,Ottawa,787,6.4,0.92,27,20,33,0.92,29,34,42,47,25,14,12,16,44,36,52,2851,9,5730,19,50,30287,Small,,,,,,
Oklahoma,Pottawatomie,1643,6.9,0.49,22,17,28,0.42,22,,44,15,18,12,11,14,43,37,50,6126,9,12320,17,35,73791,Small,,,,,,
Oklahoma,Tulsa,11208,7.3,0.15,20,18,22,0.1,19,20,37,29,11,12,10,13,37,33,41,52779,9,100820,15,49,682868,Large,,,,,,
Oklahoma,Stephens,906,6.8,0.58,20,14,26,0.12,18,,20,27,24,11,10,13,42,35,50,3852,9,7550,18,59,44014,Small,,,,,,
Oklahoma,Beckham,453,6.9,0.49,30,22,37,1.33,33,8,57,59,27,12,10,14,43,35,50,1736,8,3870,17,51,22042,Small,,,,,,
Oklahoma,Woods,137,7.3,0.15,19,12,26,0.03,,,,62,14,11,10,13,41,33,49,693,8,1320,15,,8564,Small,,,,,,
Oklahoma,Carter,1104,6.9,0.49,23,17,28,0.47,11,31,39,28,15,12,11,14,41,34,48,3632,8,8290,17,44,48596,Small,,,,,,
Oklahoma,Canadian,1935,8,-0.44,9,6,12,-1.27,14,17,44,23,7,11,10,12,42,37,48,8732,8,19230,12,45,175829,Large,,,,,,
Oklahoma,Okfuskee,339,6.1,1.18,28,19,38,1.12,44,,24,34,32,15,13,17,45,36,53,909,7,2370,21,44,11300,Small,,,,,,
Oklahoma,Hughes,393,6.5,0.83,30,21,40,1.37,21,,,23,30,14,12,16,48,39,56,1042,7,2550,19,47,13436,Small,,,,,,
Oklahoma,Latimer,212,6.5,0.83,29,19,40,1.27,21,,,12,26,14,12,16,46,38,55,829,7,1830,19,,9526,Small,,,,,,
Oklahoma,Grady,1123,7.6,-0.1,16,11,20,-0.42,12,,45,22,15,11,10,13,41,34,48,3729,7,8020,15,64,57375,Small,,,,,,
Oklahoma,Greer,121,7,0.41,31,19,42,1.42,,,,27,6,13,11,15,42,33,50,441,7,950,17,,5466,Small,,,,,,
Oklahoma,Oklahoma,13850,7.4,0.07,22,20,25,0.39,20,13,36,29,12,12,11,13,39,35,44,49883,7,121570,15,45,808866,Large,,,,,,
Oklahoma,Cotton,149,6.5,0.83,23,15,31,0.52,45,,,7,39,13,11,14,42,34,50,430,7,1070,19,,5427,Small,,,,,,
Oklahoma,Woodward,331,7.3,0.15,19,12,26,0.01,41,,,40,5,12,10,14,42,34,50,1369,7,3240,16,,19947,Small,,,,,,
Oklahoma,McIntosh,554,6.3,1.01,28,18,38,1.13,29,,,59,32,14,12,15,42,34,50,1346,7,3880,20,34,19603,Small,,,,,,
Oklahoma,Muskogee,1743,7,0.41,27,20,33,0.92,22,,59,29,29,13,11,15,45,38,52,4177,6,11940,18,50,66677,Small,,,,,,
Oklahoma,Love,240,7.3,0.15,19,12,26,-0.04,17,,,17,18,12,11,14,44,35,52,549,6,1680,17,16,10296,Small,,,,,,
Oklahoma,Murray,351,7.2,0.24,18,11,24,-0.19,16,,,,23,12,10,14,44,36,53,770,6,2360,17,37,13754,Small,,,,,,
Oklahoma,Cleveland,3842,7.9,-0.36,14,10,17,-0.66,29,11,21,17,11,11,10,13,37,32,42,14319,6,40980,14,34,301193,Large,,,,,,
Oklahoma,Mayes,895,6.9,0.49,23,17,29,0.47,25,,,33,23,13,11,15,43,36,50,2264,5,7140,18,,39889,Small,,,,,,
Oklahoma,Creek,1626,7.6,-0.1,20,15,25,0.12,22,17,7,26,16,12,10,14,39,33,46,3727,5,11010,15,53,73332,Small,,,,,,
Oklahoma,Adair,542,6.6,0.75,31,22,40,1.44,28,15,,51,23,16,14,18,44,36,52,1172,5,3950,20,,19627,Small,,,,,,
Oklahoma,Garvin,699,7.5,-0.02,22,16,29,0.39,25,,14,26,14,12,11,14,42,35,50,1375,5,4110,16,50,25865,Small,,,,,,
Oklahoma,Garfield,1224,7.4,0.07,21,14,27,0.18,,40,7,24,12,11,10,13,42,36,49,3008,5,10060,16,28,62023,Small,,,,,,
Oklahoma,Rogers,1539,8,-0.44,12,8,16,-0.87,20,16,11,15,11,11,9,12,41,35,48,4212,5,13200,14,46,100248,Large,,,,,,
Oklahoma,Kingfisher,232,8,-0.44,16,11,20,-0.43,4,,,19,9,11,10,13,41,34,49,619,4,2120,14,67,15481,Small,,,,,,
Oklahoma,McClain,689,8.5,-0.87,13,8,17,-0.79,6,,31,18,7,11,10,13,38,31,45,1170,3,5150,12,45,47072,Small,,,,,,
Oklahoma,Major,154,8,-0.44,17,10,23,-0.29,84,,,27,10,11,9,12,42,34,51,217,3,1100,14,,7581,Small,,,,,,
Oklahoma,Harmon,64,7.7,-0.19,37,24,50,2.2,,,28,45,2,14,12,16,44,35,52,60,2,400,16,,2392,Small,,,,,,
Oklahoma,Pawnee,398,7.8,-0.27,22,15,30,0.42,31,,79,30,19,11,10,13,41,33,49,267,2,2550,16,54,15864,Small,,,,,,
Oregon,Wheeler,,3.2,3,31,20,42,1.48,,,,,,10,8,12,35,27,44,736,51,190,14,,1436,Small,,,,,,
Oregon,Gilliam,,6.4,0.92,15,10,20,-0.48,,,,39,3,9,8,11,32,25,40,389,21,260,13,,2026,Small,,,,,,
Oregon,Lake,171,5.8,1.43,21,13,29,0.26,,,,64,12,10,9,12,34,27,42,1460,18,1410,17,,8293,Small,,,,,,
Oregon,Sherman,,6.3,1.01,20,13,28,0.15,,,,19,20,10,8,11,33,26,41,313,18,290,15,,1951,Small,,,,,,
Oregon,Grant,118,6.4,0.92,21,13,29,0.24,,,,,,9,8,11,31,24,39,1081,15,1170,16,,7215,Small,,,,,,
Oregon,Baker,314,6.7,0.66,20,12,28,0.12,,,,8,11,10,8,11,34,27,42,2340,15,2500,15,,16912,Small,,,,,,
Oregon,Klamath,1524,6.6,0.75,24,17,30,0.57,23,53,,30,22,10,9,12,38,32,45,8478,13,11410,16,70,70003,Small,,,,,,
Oregon,Harney,146,6.9,0.49,21,13,29,0.22,,,,1,13,10,9,12,35,27,43,931,13,1120,15,,7440,Small,,,,,,
Oregon,Wasco,461,7.2,0.24,18,12,25,-0.09,40,,,9,15,10,8,11,33,26,40,3062,12,3660,14,,26333,Small,,,,,,
Oregon,Umatilla,1238,7.3,0.15,22,17,26,0.34,26,1,,20,12,11,9,12,38,31,45,9047,12,10690,13,90,80053,Small,,,,,,
Oregon,Linn,2149,7.3,0.15,18,14,23,-0.08,20,25,,23,15,9,8,11,35,29,41,13442,12,17570,14,60,131496,Large,,,,,,
Oregon,Wallowa,128,7.6,-0.1,16,10,23,-0.32,,,,19,3,8,7,10,30,24,38,750,11,940,13,,7674,Small,,,,,,
Oregon,Douglas,2505,7.1,0.32,21,15,27,0.24,16,66,,25,20,10,8,11,35,29,41,10430,10,17150,15,69,112435,Large,,,,,,
Oregon,Josephine,1859,7,0.41,21,14,28,0.21,42,,59,36,16,10,9,11,33,27,39,7538,9,14050,16,68,87821,Small,,,,,,
Oregon,Polk,1025,7.9,-0.36,11,7,15,-0.95,32,22,27,13,12,10,9,12,34,28,41,6089,8,11150,13,73,89805,Small,,,,,,
Oregon,Benton,734,7.9,-0.36,12,8,15,-0.93,5,49,48,15,13,9,8,10,26,22,32,6318,7,12240,13,59,97713,Small,,,,,,
Oregon,Jackson,3443,7.9,-0.36,14,9,19,-0.62,49,11,37,18,11,10,8,11,36,31,42,11827,6,30620,14,70,220768,Large,,,,,,
Oregon,Lane,5856,7.7,-0.19,14,10,18,-0.62,3,12,35,21,13,9,8,11,33,28,37,19443,6,55660,15,66,381181,Large,,,,,,
Oregon,Crook,383,8.2,-0.61,17,11,22,-0.27,,,,24,15,9,8,11,33,26,40,1129,5,3070,12,,26952,Small,,,,,,
Oregon,Deschutes,2064,8.5,-0.87,10,7,13,-1.08,23,6,15,13,11,8,7,10,27,22,32,8098,5,22040,11,79,208513,Large,,,,,,
Oregon,Marion,4574,8,-0.44,19,15,22,-0.06,9,18,42,23,10,11,10,13,39,35,44,15436,5,46870,14,56,346741,Large,,,,,,
Oregon,Lincoln,1071,7.6,-0.1,21,15,28,0.28,47,74,,20,25,10,8,11,32,25,39,2232,5,7860,16,80,50821,Small,,,,,,
Oregon,Malheur,521,7.5,-0.02,24,15,32,0.59,,,,22,20,12,10,14,38,31,46,1297,4,5070,16,,32044,Small,,,,,,
Oregon,Jefferson,480,7.9,-0.36,19,12,26,0.01,33,,,10,12,10,9,12,35,28,43,891,4,3610,15,,25454,Small,,,,,,
Oregon,Coos,1495,7.5,-0.02,21,13,29,0.23,50,54,,14,22,10,8,11,31,25,38,2479,4,10520,16,71,64212,Small,,,,,,
Oregon,Union,434,8,-0.44,16,10,23,-0.32,,,,31,17,10,8,11,36,28,43,967,4,3770,14,62,25944,Small,,,,,,
Oregon,Clatsop,757,8.1,-0.53,19,13,24,-0.05,,,,34,10,8,7,10,30,24,37,1380,4,5610,14,57,41102,Small,,,,,,
Oregon,Clackamas,4727,8.9,-1.21,7,5,9,-1.5,5,10,16,10,6,8,7,9,29,25,33,12591,3,43470,10,52,423173,Large,,,,,,
Oregon,Yamhill,1426,8.4,-0.79,10,7,13,-1.11,41,12,,16,13,9,8,11,35,28,41,3311,3,13530,13,73,108644,Large,,,,,,
Oregon,Washington,5005,9,-1.3,9,6,11,-1.27,12,4,31,15,6,9,8,10,30,26,34,12223,2,62240,10,49,598865,Large,,,,,,
Oregon,Curry,656,8.1,-0.53,23,15,30,0.44,,,,3,17,10,8,11,32,25,39,475,2,3410,15,,23296,Small,,,,,,
Oregon,Hood River,208,9.1,-1.38,13,8,18,-0.77,,,,2,3,9,8,10,31,24,38,467,2,2390,10,,23745,Small,,,,,,
Oregon,Multnomah,10528,8.6,-0.96,13,10,16,-0.74,24,14,45,23,7,9,8,10,29,25,33,11043,2,100790,13,47,789698,Large,,,,,,
Oregon,Morrow,179,8.1,-0.53,15,10,21,-0.45,,,,19,19,12,10,14,37,30,46,163,1,1770,15,,12302,Small,,,,,,
Oregon,Columbia,875,8.7,-1.04,12,7,16,-0.93,,,,7,10,9,8,10,37,30,44,701,1,6300,12,56,53880,Small,,,,,,
Oregon,Tillamook,605,8.3,-0.7,16,10,23,-0.35,,,,10,19,9,8,10,31,24,38,204,1,3850,14,83,27417,Small,,,,,,
Pennsylvania,Forest,,6.3,1.01,29,18,40,1.27,,,,,,12,10,14,40,32,49,1158,15,1170,17,,6449,Small,,,,,,
Pennsylvania,Erie,4400,7,0.41,21,16,26,0.22,,16,43,33,17,10,9,11,37,31,43,38558,14,37530,14,67,267571,Large,,,,,,
Pennsylvania,Sullivan,119,7.6,-0.1,20,12,28,0.11,,,,,,10,9,12,37,28,45,729,11,740,13,,5834,Small,,,,,,
Pennsylvania,Union,423,7.9,-0.36,12,8,15,-0.92,,,73,4,9,10,8,11,35,28,43,4797,11,5000,12,49,42042,Small,,,,,,
Pennsylvania,Washington,3685,8,-0.44,12,8,16,-0.84,,4,22,17,10,9,8,10,38,32,46,20046,10,24220,12,56,210232,Large,,,,,,
Pennsylvania,Beaver,3063,7.8,-0.27,13,8,17,-0.78,,19,53,26,10,9,8,10,37,30,45,16011,9,20700,12,64,165631,Large,,,,,,
Pennsylvania,Tioga,655,7.5,-0.02,18,13,23,-0.1,,,34,37,18,10,8,11,39,31,47,3937,9,5590,14,66,40840,Small,,,,,,
Pennsylvania,Dauphin,4300,8.1,-0.53,19,14,24,0,,10,32,27,8,11,9,12,34,28,41,22723,8,32200,11,59,289234,Large,,,,,,
Pennsylvania,Lycoming,1896,7.8,-0.27,17,12,22,-0.29,30,1,50,8,16,9,8,11,36,29,43,9793,8,14860,13,65,112724,Large,,,,,,
Pennsylvania,Mercer,2112,7.6,-0.1,19,13,24,-0.03,,18,49,40,17,9,8,11,36,29,43,9173,8,15410,14,67,108503,Large,,,,,,
Pennsylvania,Westmoreland,6055,8.1,-0.53,14,11,17,-0.64,,2,29,22,12,8,7,9,31,26,37,27944,8,41690,12,64,351163,Large,,,,,,
Pennsylvania,Mifflin,801,7.6,-0.1,22,15,28,0.31,,,71,32,26,10,9,12,39,31,47,3240,7,6740,15,56,45922,Small,,,,,,
Pennsylvania,Lawrence,1838,7.8,-0.27,19,12,25,-0.06,,,51,70,11,10,8,11,36,29,43,6265,7,11630,14,59,84472,Small,,,,,,
Pennsylvania,Greene,732,7.8,-0.27,18,12,25,-0.08,,,,,,10,8,11,36,28,44,2565,7,4920,14,64,34357,Small,,,,,,
Pennsylvania,Fayette,3121,7.4,0.07,27,21,33,1,,18,71,41,20,10,9,12,35,28,42,8675,6,20270,16,60,123915,Large,,,,,,
Pennsylvania,Cambria,2648,7.7,-0.19,18,12,23,-0.18,,10,48,42,17,10,8,11,37,30,45,9117,6,19190,14,76,130668,Large,,,,,,
Pennsylvania,Franklin,2351,8.4,-0.79,11,7,15,-0.95,,13,5,15,10,9,8,11,39,32,47,9390,6,17720,11,53,157854,Large,,,,,,
Pennsylvania,Bedford,882,8.1,-0.53,14,10,19,-0.58,,,,27,13,10,8,11,35,28,44,3122,6,5940,13,50,47350,Small,,,,,,
Pennsylvania,Chester,4861,9.1,-1.38,7,5,8,-1.55,14,2,32,20,4,8,7,9,30,24,36,30895,6,43550,8,54,549784,Large,,,,,,
Pennsylvania,Susquehanna,707,8.1,-0.53,16,11,21,-0.36,,,,24,15,8,7,10,33,27,41,2648,6,4810,13,,38109,Small,,,,,,
Pennsylvania,Clarion,733,7.9,-0.36,17,12,22,-0.21,,,33,37,15,9,8,11,36,28,44,2378,6,5040,13,73,36970,Small,,,,,,
Pennsylvania,Clearfield,1397,7.7,-0.19,20,14,25,0.1,,,,37,19,10,9,12,37,30,45,4726,6,11450,14,60,77090,Small,,,,,,
Pennsylvania,Somerset,1370,8.1,-0.53,16,10,22,-0.39,,46,,56,14,9,8,11,37,29,44,4472,6,9470,13,,72197,Small,,,,,,
Pennsylvania,Allegheny,18827,8.4,-0.79,15,13,18,-0.47,83,11,44,18,7,9,8,11,32,28,36,67533,6,142190,11,64,1224825,Large,,,,,,
Pennsylvania,Monroe,2688,8.4,-0.79,14,9,19,-0.63,,20,19,15,13,10,9,12,38,31,45,9359,6,19220,11,41,166053,Large,,,,,,
Pennsylvania,York,6461,8.7,-1.04,12,9,15,-0.87,41,11,24,24,7,9,8,10,35,29,42,23656,5,47500,10,52,464640,Large,,,,,,
Pennsylvania,Cumberland,3026,8.8,-1.13,9,6,12,-1.23,,9,42,30,5,9,7,10,33,26,40,12432,5,26240,10,48,270738,Large,,,,,,
Pennsylvania,Luzerne,5933,7.9,-0.36,25,21,29,0.78,32,3,44,41,16,10,9,12,39,32,45,16241,5,45880,14,58,327388,Large,,,,,,
Pennsylvania,Lancaster,6549,8.8,-1.13,12,9,14,-0.93,5,7,25,27,7,9,8,10,36,29,43,25213,5,56020,10,61,558589,Large,,,,,,
Pennsylvania,Northampton,4014,8.7,-1.04,15,12,18,-0.55,,12,24,20,8,9,8,11,34,27,40,14149,5,33750,11,53,319091,Large,,,,,,
Pennsylvania,Bradford,986,8.2,-0.61,18,13,22,-0.18,,20,26,4,18,9,8,11,35,28,42,2956,5,7850,13,54,59695,Small,,,,,,
Pennsylvania,Elk,510,8.4,-0.79,14,9,19,-0.64,,,,29,13,9,8,11,38,30,46,1507,5,3740,12,64,30198,Small,,,,,,
Pennsylvania,Lebanon,1998,8.5,-0.87,11,7,15,-0.95,,1,15,33,8,9,8,11,37,30,45,5976,4,16840,12,48,144252,Large,,,,,,
Pennsylvania,Bucks,8102,9.1,-1.38,8,6,9,-1.42,14,4,15,20,6,9,8,10,30,24,36,27873,4,56670,9,56,645984,Large,,,,,,
Pennsylvania,Blair,2300,8.1,-0.53,18,12,24,-0.13,,39,39,39,14,10,9,12,36,29,44,5564,4,16340,13,68,120273,Large,,,,,,
Pennsylvania,Warren,750,8.2,-0.61,17,11,23,-0.24,,,83,38,16,9,8,11,35,27,43,1812,4,4920,13,81,37572,Small,,,,,,
Pennsylvania,Montour,266,8.6,-0.96,13,8,17,-0.76,,11,,44,11,10,8,11,35,28,44,780,4,2010,11,27,17860,Small,,,,,,
Pennsylvania,Adams,1393,8.8,-1.13,13,9,16,-0.79,,62,6,24,12,9,8,10,37,30,45,4248,4,10810,10,50,106748,Large,,,,,,
Pennsylvania,Lehigh,4613,8.4,-0.79,18,14,21,-0.18,6,9,35,32,5,10,9,12,34,28,41,14630,4,45340,12,52,377754,Large,,,,,,
Pennsylvania,Lackawanna,3690,8.1,-0.53,20,15,24,0.06,,11,35,43,12,10,8,11,33,27,41,8721,4,29350,14,61,216123,Large,,,,,,
Pennsylvania,Crawford,1504,8.1,-0.53,18,13,22,-0.19,,,25,10,17,10,8,11,38,31,45,3605,4,11500,14,72,82001,Small,,,,,,
Pennsylvania,Montgomery,9182,9.2,-1.47,8,6,9,-1.37,7,5,21,20,4,9,7,10,31,26,36,30183,4,73850,9,52,868742,Large,,,,,,
Pennsylvania,Clinton,599,8.1,-0.53,19,13,24,-0.06,,,6,16,16,9,8,11,35,28,43,1350,3,5210,14,67,37607,Small,,,,,,
Pennsylvania,Berks,5699,8.5,-0.87,18,15,21,-0.14,22,26,23,30,9,10,8,11,35,28,42,13545,3,51680,12,59,432821,Large,,,,,,
Pennsylvania,Butler,2739,8.9,-1.21,10,7,12,-1.14,,2,25,21,6,8,7,9,33,26,40,5863,3,20510,11,57,198413,Large,,,,,,
Pennsylvania,Centre,1260,8.8,-1.13,10,7,13,-1.11,,14,21,15,9,9,8,11,35,28,42,4742,3,17260,11,53,157795,Large,,,,,,
Pennsylvania,Cameron,106,7.6,-0.1,26,16,35,0.83,,,,,,11,9,12,38,30,47,154,3,730,16,,4380,Small,,,,,,
Pennsylvania,Snyder,516,8.7,-1.04,14,8,19,-0.68,,,,18,10,9,8,11,37,29,44,1122,3,4560,12,,39717,Small,,,,,,
Pennsylvania,Pike,913,8.6,-0.96,13,9,18,-0.69,,,11,14,11,9,8,11,34,27,42,1531,3,7070,12,59,61247,Small,,,,,,
Pennsylvania,Columbia,1035,8.3,-0.7,14,9,19,-0.64,,57,20,33,17,10,8,11,37,30,45,1748,3,8660,13,60,65439,Small,,,,,,
Pennsylvania,Indiana,1379,8.3,-0.7,19,13,24,-0.06,,,41,5,14,10,8,11,40,33,49,2252,3,11110,13,69,83094,Small,,,,,,
Pennsylvania,Juniata,396,8.7,-1.04,13,9,18,-0.69,,,,27,14,10,8,11,36,28,45,611,2,2720,12,,23243,Small,,,,,,
Pennsylvania,Schuylkill,2823,8.3,-0.7,21,17,25,0.24,,,12,38,15,10,9,12,39,31,47,3564,2,19200,13,71,143786,Large,,,,,,
Pennsylvania,Delaware,7654,9.1,-1.38,14,11,17,-0.66,12,11,28,26,5,10,8,11,31,26,38,13331,2,55650,10,73,576720,Large,,,,,,
Pennsylvania,Jefferson,784,8.2,-0.61,24,19,28,0.55,,,,5,24,10,9,11,36,28,44,1047,2,6130,14,73,43612,Small,,,,,,
Pennsylvania,Perry,738,9,-1.3,15,11,18,-0.55,,,28,5,11,9,8,10,35,28,43,1050,2,4820,11,54,46083,Small,,,,,,
Pennsylvania,Northumberland,1637,8.3,-0.7,16,10,22,-0.4,,,44,16,15,10,8,11,38,30,45,2125,2,12170,13,62,90120,Small,,,,,,
Pennsylvania,Armstrong,1310,8.5,-0.87,15,10,21,-0.45,,,32,16,16,9,8,11,38,30,46,1412,2,8460,13,69,64074,Small,,,,,,
Pennsylvania,Venango,1078,8.2,-0.61,21,14,28,0.22,,,51,20,18,10,8,11,36,28,44,1075,2,7200,14,74,49431,Small,,,,,,
Pennsylvania,Carbon,1306,8.4,-0.79,18,12,23,-0.18,,,39,15,18,10,8,11,34,27,43,1191,2,8540,13,77,65458,Small,,,,,,
Pennsylvania,Potter,310,8.3,-0.7,18,11,25,-0.16,,,,67,17,10,8,11,38,30,46,257,1,2290,14,,15999,Small,,,,,,
Pennsylvania,Wayne,971,8.6,-0.96,17,11,22,-0.31,72,,,7,17,10,9,12,35,28,44,462,1,6480,13,62,51262,Small,,,,,,
Pennsylvania,Fulton,263,8.6,-0.96,19,13,24,-0.04,,,,,,9,8,10,36,28,44,129,1,1840,13,43,14468,Small,,,,,,
Pennsylvania,McKean,798,8.2,-0.61,21,15,27,0.24,,,,27,17,10,8,11,36,29,45,310,1,5940,15,,39519,Small,,,,,,
Pennsylvania,Huntingdon,729,8.6,-0.96,18,12,23,-0.16,,,43,18,18,9,8,11,36,28,44,214,0,5700,13,62,43514,Small,,,,,,
Pennsylvania,Philadelphia,28412,8.1,-0.53,26,22,30,0.84,66,25,35,42,11,14,13,16,35,31,39,4767,0,242530,15,71,1550542,Large,,,,,,
Pennsylvania,Wyoming,505,8.8,-1.13,17,12,22,-0.25,,,4,22,17,9,8,11,36,28,44,69,0,3260,12,,25902,Small,,,,,,
Rhode Island,Bristol,483,8.5,-0.87,8,5,11,-1.39,,5,,4,4,8,7,9,26,21,31,6032,12,4010,8,65,50255,Small,,,,,,
Rhode Island,Washington,1492,9,-1.3,11,8,14,-0.98,,15,79,12,4,8,7,9,25,21,30,9645,8,10040,8,71,129982,Large,,,,,,
Rhode Island,Kent,2368,8.9,-1.21,11,7,14,-1.05,,,2,18,5,9,8,10,33,28,38,9201,6,15920,9,51,171278,Large,,,,,,
Rhode Island,Newport,886,9.1,-1.38,14,10,18,-0.6,,,36,29,6,7,6,9,28,23,33,3850,5,7420,9,55,83832,Small,,,,,,
Rhode Island,Providence,8215,8.6,-0.96,17,15,20,-0.21,31,8,22,27,6,11,10,12,32,28,38,20441,3,77610,12,56,660615,Large,,,,,,
South Carolina,Colleton,1132,6.7,0.66,34,25,42,1.8,,,41,26,12,14,12,15,45,38,52,7061,18,5180,13,28,38874,Small,,,,,,
South Carolina,Richland,6232,7.2,0.24,20,15,25,0.11,4,9,30,30,9,12,11,13,34,30,38,65395,17,48470,12,49,425138,Large,,,,,,
South Carolina,Pickens,2284,6.8,0.58,18,13,22,-0.18,,18,38,22,13,10,9,12,37,31,43,18601,16,18160,14,49,135495,Large,,,,,,
South Carolina,Bamberg,397,6.6,0.75,36,23,49,2.13,,,31,,19,14,13,16,44,37,52,2482,16,1990,15,44,12974,Small,,,,,,
South Carolina,Newberry,808,7.1,0.32,28,21,35,1.15,,,48,50,3,12,10,13,39,33,45,5780,15,4840,13,36,38825,Small,,,,,,
South Carolina,Spartanburg,6292,7.2,0.24,20,16,23,0.08,53,3,30,36,13,11,10,13,36,32,41,40148,14,42640,13,41,356698,Large,,,,,,
South Carolina,Beaufort,2371,7.7,-0.19,14,9,19,-0.62,,,43,15,9,9,8,10,28,24,32,21256,13,21230,11,53,198979,Large,,,,,,
South Carolina,Orangeburg,2232,6.9,0.49,29,20,38,1.25,,,39,63,17,15,14,17,47,41,53,11847,13,12350,15,36,82820,Small,,,,,,
South Carolina,Anderson,4268,7.3,0.15,18,14,23,-0.08,16,15,43,26,17,11,10,13,39,34,44,23050,12,26800,13,46,213076,Large,,,,,,
South Carolina,Kershaw,1468,7.5,-0.02,18,12,24,-0.15,,,36,49,11,12,10,13,37,30,43,7459,12,8310,13,19,69905,Small,,,,,,
South Carolina,Edgefield,549,7.4,0.07,22,15,29,0.42,,,37,70,8,13,11,15,39,33,46,3256,12,3390,13,36,27607,Small,,,,,,
South Carolina,Fairfield,644,7.6,-0.1,33,22,44,1.74,,,32,4,22,15,13,17,41,34,49,2512,10,2670,13,24,20422,Small,,,,,,
South Carolina,Oconee,1599,7.1,0.32,20,14,26,0.13,,,11,29,21,10,9,12,32,26,37,7728,10,11700,15,64,81221,Small,,,,,,
South Carolina,Greenville,8182,7.9,-0.36,15,12,18,-0.55,43,10,31,27,7,9,8,10,30,26,34,45430,10,60850,12,43,558036,Large,,,,,,
South Carolina,Georgetown,1535,7.7,-0.19,23,15,31,0.47,,,44,54,10,11,9,12,34,29,40,5813,10,8170,13,55,65731,Small,,,,,,
South Carolina,Aiken,3549,7.8,-0.27,18,12,24,-0.16,,36,35,23,10,11,9,12,37,33,42,14774,9,21270,13,30,177130,Large,,,,,,
South Carolina,Chester,956,7.5,-0.02,31,23,38,1.46,,,40,82,13,12,11,14,42,35,49,3016,9,4520,14,30,32226,Small,,,,,,
South Carolina,Berkeley,3382,8.2,-0.61,13,8,17,-0.79,26,9,21,20,12,11,10,13,37,32,42,16048,9,25490,11,35,255217,Large,,,,,,
South Carolina,Abbeville,538,7.8,-0.27,22,14,30,0.37,,,39,,13,12,10,13,39,31,46,2244,9,3120,13,43,24434,Small,,,,,,
South Carolina,Marlboro,786,6.5,0.83,36,23,48,2.05,21,,36,18,26,16,14,18,46,38,53,2554,9,4930,19,24,25704,Small,,,,,,
South Carolina,Lexington,4650,8.1,-0.53,14,11,18,-0.57,,6,23,29,10,10,9,12,39,34,44,22720,9,34410,12,42,309528,Large,,,,,,
South Carolina,York,4169,8.5,-0.87,12,9,15,-0.87,24,7,23,12,7,9,8,11,31,27,35,19283,9,28070,10,40,298320,Large,,,,,,
South Carolina,Horry,7673,7.6,-0.1,20,16,24,0.1,3,29,39,36,12,10,9,12,35,31,39,22533,8,49410,14,41,397478,Large,,,,,,
South Carolina,Florence,3291,8,-0.44,28,22,34,1.11,,4,40,49,6,12,11,14,39,33,44,10232,7,16910,12,36,137214,Large,,,,,,
South Carolina,Clarendon,896,7.7,-0.19,30,19,40,1.32,,,37,48,13,14,12,15,46,39,53,2543,7,4390,14,30,31004,Small,,,,,,
South Carolina,Sumter,2254,8.1,-0.53,24,17,31,0.6,,,31,17,9,13,12,14,41,37,46,7564,7,12900,12,37,104165,Large,,,,,,
South Carolina,Lancaster,1840,8.2,-0.61,14,9,18,-0.66,,,27,38,7,10,9,12,36,31,41,5352,7,11400,12,37,108215,Large,,,,,,
South Carolina,Darlington,1786,7.6,-0.1,30,22,38,1.37,,,43,63,14,13,11,14,41,35,48,4720,7,9010,14,35,62416,Small,,,,,,
South Carolina,Dorchester,2379,8.3,-0.7,13,9,17,-0.77,40,8,36,11,7,11,10,12,36,31,42,9339,7,18350,11,28,169833,Large,,,,,,
South Carolina,Laurens,1648,7.5,-0.02,24,16,32,0.62,,,39,13,21,12,11,14,41,35,47,4485,7,10070,15,30,68873,Small,,,,,,
South Carolina,Hampton,483,7.9,-0.36,32,21,43,1.62,,,32,20,14,15,13,17,44,36,51,1383,7,2530,13,21,18122,Small,,,,,,
South Carolina,Charleston,5650,8.4,-0.79,14,10,19,-0.6,55,,31,29,5,9,8,11,29,25,33,20972,6,45890,11,50,424367,Large,,,,,,
South Carolina,Cherokee,1418,7.7,-0.19,24,17,30,0.55,,,55,20,22,12,10,13,32,25,39,2850,5,8380,15,58,56714,Small,,,,,,
South Carolina,Jasper,631,8.2,-0.61,29,19,40,1.26,,,31,31,6,13,11,15,38,31,45,1263,5,3700,13,40,33544,Small,,,,,,
South Carolina,Williamsburg,891,7.8,-0.27,32,20,44,1.55,,,36,83,10,14,13,16,47,41,54,1526,4,4530,15,40,29891,Small,,,,,,
South Carolina,Chesterfield,1163,7.7,-0.19,30,23,37,1.36,,,39,34,18,13,11,14,40,33,47,2070,4,6580,15,27,44031,Small,,,,,,
South Carolina,Greenwood,1446,8.2,-0.61,24,16,31,0.58,,,37,36,13,12,11,14,41,35,47,2889,4,9100,13,37,69460,Small,,,,,,
South Carolina,Union,800,7.4,0.07,35,27,42,1.95,,,29,57,39,13,12,15,43,35,51,1081,4,4580,17,28,26629,Small,,,,,,
South Carolina,Lee,519,7.7,-0.19,34,21,46,1.83,,,43,19,21,16,14,18,49,41,57,544,3,2650,16,28,15967,Small,,,,,,
South Carolina,Dillon,880,7.3,0.15,35,24,46,1.92,65,,50,71,29,17,15,19,42,35,50,611,2,5170,18,31,27698,Small,,,,,,
South Carolina,McCormick,254,8.7,-1.04,33,21,44,1.68,,,51,,27,12,11,14,38,31,46,169,2,1170,12,41,9941,Small,,,,,,
South Carolina,Allendale,229,7.7,-0.19,45,28,62,3,,,,,,17,15,19,45,36,53,135,1,1350,17,21,7369,Small,,,,,,
South Carolina,Saluda,391,8.3,-0.7,24,17,32,0.66,,,18,36,18,13,11,14,39,32,46,183,1,2650,14,35,19123,Small,,,,,,
South Carolina,Calhoun,379,8.6,-0.96,24,15,33,0.65,,,41,38,12,13,11,14,38,31,47,41,0,1850,13,24,14186,Small,,,,,,
South Carolina,Marion,899,7.9,-0.36,36,24,48,2.09,,,51,99,14,16,14,18,42,35,50,38,0,4730,16,18,28508,Small,,,,,,
South Carolina,Barnwell,562,7.8,-0.27,46,36,56,3.31,,,62,95,31,14,12,16,43,36,51,3,0,3450,17,31,20447,Small,,,,,,
South Dakota,Jackson,96,2,3,36,22,50,2.1,,,,,,14,13,16,40,33,46,1390,46,620,22,,2776,Small,,,,,,
South Dakota,Jones,,5.1,,24,14,33,,76,,,,11,8,7,9,36,28,44,404,40,100,10,,855,Small,,,,,,
South Dakota,Mellette,68,3.1,3,33,19,47,1.73,,,,,,14,13,16,43,36,50,584,28,500,25,,1851,Small,,,,,,
South Dakota,Sanborn,,6.4,0.92,13,8,19,-0.71,,,,22,6,8,7,10,35,27,44,654,28,240,10,,2399,Small,,,,,,
South Dakota,Bon Homme,104,6.4,0.92,10,6,14,-1.1,45,,,,23,9,8,10,36,29,43,1842,26,780,11,,7065,Small,,,,,,
South Dakota,Ziebach,72,3.9,3,56,41,70,3,,,,,,15,13,17,45,38,52,701,25,560,23,,2322,Small,,,,,,
South Dakota,Harding,,6.9,,14,8,19,,,,,,,8,7,9,34,26,42,314,25,110,9,,1324,Small,,,,,,
South Dakota,Hamlin,61,7.2,0.24,8,4,11,-1.42,,,,19,9,8,7,9,34,28,41,1469,25,500,8,,6451,Small,,,,,,
South Dakota,Jerauld,,6.8,,17,10,24,,,,,34,10,9,7,10,37,28,45,503,24,180,10,,1660,Small,,,,,,
South Dakota,Dewey,212,4.7,2.37,29,18,40,1.27,,,,,,15,13,17,41,35,47,1286,24,1030,20,,5208,Small,,,,,,
South Dakota,Bennett,83,5.1,2.03,36,21,50,2.05,40,,,43,,13,11,14,43,37,49,800,23,620,18,,3305,Small,,,,,,
South Dakota,McPherson,,6.5,0.83,19,11,27,0,,,,,,9,7,10,38,30,46,571,23,270,12,,2334,Small,,,,,,
South Dakota,Sully,,7.4,0.07,7,4,10,-1.44,,,,,,8,7,9,37,29,47,298,22,120,9,,1494,Small,,,,,,
South Dakota,Corson,144,4.2,2.8,40,25,56,2.64,68,,,,30,15,13,17,46,40,53,859,21,900,23,,3782,Small,,,,,,
South Dakota,Haakon,,6.9,0.49,13,8,18,-0.77,,,,,,9,7,10,36,28,44,404,21,200,11,,1851,Small,,,,,,
South Dakota,Faulk,,6.2,1.09,16,9,22,-0.42,,,,,,9,8,11,37,29,45,444,19,320,15,,2151,Small,,,,,,
South Dakota,Day,92,6.8,0.58,17,10,23,-0.29,58,,,87,10,9,8,11,38,30,45,1061,19,700,13,,5451,Small,,,,,,
South Dakota,Aurora,,7.8,-0.27,15,10,21,-0.46,,,,59,8,8,7,10,33,26,42,458,17,230,9,,2782,Small,,,,,,
South Dakota,Lyman,91,5.9,1.35,26,15,37,0.86,49,,,,9,12,10,14,40,32,49,632,17,650,17,,3705,Small,,,,,,
South Dakota,Butte,159,7.6,-0.1,15,9,21,-0.48,,,,,,9,7,10,35,28,43,1701,17,1030,10,,10863,Small,,,,,,
South Dakota,Brookings,302,7.6,-0.1,7,5,10,-1.44,,,,30,6,8,7,9,38,34,42,5257,16,3490,10,57,35980,Small,,,,,,
South Dakota,Clark,,7.6,-0.1,14,8,19,-0.66,,,,,,8,7,10,38,31,46,599,16,380,10,,3948,Small,,,,,,
South Dakota,Marshall,,7.9,-0.36,14,8,20,-0.61,78,,,2,4,8,7,9,33,26,41,706,15,410,10,,4390,Small,,,,,,
South Dakota,Hanson,,8.3,-0.7,11,6,16,-0.98,,,,,,8,7,9,33,25,42,491,15,260,8,,3471,Small,,,,,,
South Dakota,Brule,71,7.4,0.07,15,9,21,-0.55,,,,,,9,8,11,37,28,47,694,13,660,13,,5311,Small,,,,,,
South Dakota,Fall River,176,6.8,0.58,20,13,27,0.12,20,,,83,25,10,8,11,37,29,45,884,12,1080,15,,7393,Small,,,,,,
South Dakota,Potter,,8.4,-0.79,11,6,16,-0.99,,,,,,8,7,9,34,26,43,288,12,220,9,,2413,Small,,,,,,
South Dakota,Todd,312,4.3,2.71,38,23,53,2.33,64,,,9,,19,16,21,44,39,50,1181,12,2500,27,,9199,Small,,,,,,
South Dakota,Tripp,94,7.2,0.24,21,12,30,0.29,59,,,,24,10,9,12,41,33,50,687,12,780,14,,5621,Small,,,,,,
South Dakota,Buffalo,92,5.2,1.94,38,22,54,2.36,46,,,,14,17,14,19,44,37,52,230,12,420,23,,1884,Small,,,,,,
South Dakota,Spink,92,8,-0.44,13,7,18,-0.79,,,,,,8,7,10,37,29,45,739,12,680,11,,6166,Small,,,,,,
South Dakota,McCook,76,8.3,-0.7,9,5,13,-1.2,,,,22,5,8,7,9,35,27,43,641,11,530,9,,5809,Small,,,,,,
South Dakota,Gregory,85,7.8,-0.27,17,10,25,-0.2,69,,,,4,9,8,11,37,29,45,475,11,460,11,,4018,Small,,,,,,
South Dakota,Clay,156,7.5,-0.02,15,9,21,-0.55,,,,,,9,8,11,40,32,48,1535,11,1940,13,,15431,Small,,,,,,
South Dakota,Roberts,199,7.3,0.15,20,12,28,0.11,36,,,16,9,12,10,13,43,35,51,1043,10,1470,14,,10206,Small,,,,,,
South Dakota,Davison,250,7.6,-0.1,12,7,17,-0.9,87,,,39,7,9,8,10,37,29,45,1947,10,2620,13,,19922,Small,,,,,,
South Dakota,Deuel,,8.4,-0.79,9,5,12,-1.26,,,,,,9,7,10,35,28,43,434,10,400,9,,4354,Small,,,,,,
South Dakota,Walworth,80,7.8,-0.27,19,11,26,-0.03,89,,,,12,9,8,11,35,27,43,518,10,660,12,,5269,Small,,,,,,
South Dakota,Edmunds,,8.5,-0.87,12,7,17,-0.89,,,,,,8,7,9,36,28,43,387,10,370,9,,4057,Small,,,,,,
South Dakota,Yankton,312,8.4,-0.79,12,8,16,-0.84,57,,,23,9,8,7,9,35,28,44,2081,9,2310,10,61,23517,Small,,,,,,
South Dakota,Hand,,8.3,-0.7,9,5,13,-1.2,,,,,,8,7,9,35,27,43,313,9,320,11,,3107,Small,,,,,,
South Dakota,Pennington,1744,8,-0.44,16,12,21,-0.34,58,,40,23,9,8,7,9,35,30,39,9090,9,12980,12,57,115903,Large,,,,,,
South Dakota,Perkins,,8.2,-0.61,18,11,26,-0.09,,,,,,7,6,9,34,26,42,255,9,320,11,,2834,Small,,,,,,
South Dakota,Campbell,,8.6,-0.96,13,7,18,-0.77,,,,,,8,7,9,35,28,44,125,9,140,9,,1340,Small,,,,,,
South Dakota,Brown,458,8.2,-0.61,10,6,14,-1.13,6,57,,53,4,8,7,9,36,32,40,3054,8,4180,11,,37733,Small,,,,,,
South Dakota,Custer,130,8.4,-0.79,13,7,19,-0.71,,,,,,8,7,9,38,33,42,627,8,910,11,,9117,Small,,,,,,
South Dakota,Hughes,283,8.5,-0.87,11,6,15,-1.02,21,,,5,7,7,6,9,35,28,43,1211,7,1840,10,,17624,Small,,,,,,
South Dakota,Codington,343,8.5,-0.87,12,8,15,-0.89,39,,,31,8,9,8,10,40,36,44,1775,7,3010,11,59,28971,Small,,,,,,
South Dakota,Lawrence,356,8.2,-0.61,11,7,16,-0.94,23,,,19,12,8,7,9,35,28,43,1554,6,3110,12,,28053,Small,,,,,,
South Dakota,Beadle,244,8.6,-0.96,19,14,25,0.03,41,26,88,24,5,10,9,12,35,27,42,1108,6,1980,10,,19591,Small,,,,,,
South Dakota,Miner,,8.3,-0.7,10,6,15,-1.06,,,,,,8,7,10,36,29,44,150,6,270,12,,2280,Small,,,,,,
South Dakota,Minnehaha,2432,8.9,-1.21,10,8,13,-1.08,25,2,21,19,6,8,7,9,34,30,38,8312,5,18890,10,47,206930,Large,,,,,,
South Dakota,Hyde,,9.1,,13,8,19,,,,,,,8,7,9,35,27,43,69,5,120,9,,1186,Small,,,,,,
South Dakota,Stanley,,9.3,-1.55,9,5,13,-1.19,,,,,,8,7,9,34,26,42,141,5,230,8,,3043,Small,,,,,,
South Dakota,Meade,365,8.9,-1.21,9,5,12,-1.3,9,,,17,7,8,7,9,33,27,40,1162,5,2960,10,31,30954,Small,,,,,,
South Dakota,Moody,102,8.8,-1.13,11,7,15,-0.98,27,,,47,2,9,7,10,33,25,41,279,4,660,11,,6450,Small,,,,,,
South Dakota,Grant,100,8.8,-1.13,12,7,16,-0.92,90,,,21,10,8,7,9,33,26,41,296,4,800,11,,7553,Small,,,,,,
South Dakota,Kingsbury,79,9,-1.3,12,7,17,-0.87,,,,,,8,7,10,34,27,43,194,4,500,10,,5276,Small,,,,,,
South Dakota,Charles Mix,174,7.8,-0.27,26,17,35,0.87,47,,,23,22,11,9,12,39,31,46,328,4,1410,15,,9240,Small,,,,,,
South Dakota,Lincoln,493,9.5,-1.72,4,2,5,-1.88,,,71,47,3,7,6,8,33,29,37,1180,3,5170,8,52,73238,Small,,,,,,
South Dakota,Lake,134,9,-1.3,9,5,13,-1.25,38,,,,13,8,7,9,36,29,44,272,2,1140,10,,11031,Small,,,,,,
South Dakota,Hutchinson,84,8.9,-1.21,14,8,19,-0.66,,,,24,0,8,7,9,34,26,42,170,2,790,11,,7394,Small,,,,,,
South Dakota,Douglas,,8.7,-1.04,11,7,16,-0.95,,,,,,9,7,10,36,28,44,65,2,330,12,,2838,Small,,,,,,
South Dakota,Turner,111,9.3,-1.55,8,5,12,-1.32,,,,16,8,8,7,9,34,26,42,63,1,840,10,,9027,Small,,,,,,
South Dakota,Union,186,9.3,-1.55,6,3,8,-1.66,,,,6,6,8,7,9,33,26,40,61,0,1610,10,61,17183,Small,,,,,,
South Dakota,Oglala Lakota,525,,-0.04,41,28,53,2.68,,,,,,20,18,22,44,39,49,,,3940,29,,13434,Small,,,,,,
South Dakota,Shannon,,,,,,,,,,,,,,,,,,,,,,,,,Small,,,,,,
Tennessee,Carter,1455,5.2,1.94,23,15,31,0.49,,,80,33,24,13,11,15,41,34,49,13237,23,10120,18,62,57022,Small,,,,,,
Tennessee,Sequatchie,340,5,2.11,22,14,30,0.36,,,,32,39,13,11,15,39,31,47,3132,22,3080,19,,17161,Small,,,,,,
Tennessee,Lewis,327,5.8,1.43,21,13,29,0.29,,,,,,13,12,15,39,31,47,2063,17,2280,18,,13066,Small,,,,,,
Tennessee,White,679,6.2,1.09,20,12,27,0.08,,,,8,18,13,11,15,40,33,49,4251,16,4480,16,66,28692,Small,,,,,,
Tennessee,Montgomery,3229,6.9,0.49,16,12,19,-0.41,,1,28,15,10,13,11,14,43,35,50,27456,16,29880,13,36,239872,Large,,,,,,
Tennessee,Putnam,1521,6.5,0.83,19,13,24,-0.05,31,1,26,46,15,11,10,13,38,32,46,11011,15,12500,16,58,83844,Small,,,,,,
Tennessee,Dyer,1000,6.4,0.92,24,17,31,0.6,,,45,8,14,13,11,15,41,34,49,5716,15,6000,16,42,36498,Small,,,,,,
Tennessee,Hamblen,1632,6.2,1.09,22,16,28,0.33,,,86,50,12,12,11,14,39,32,48,9093,15,11090,17,50,66216,Small,,,,,,
Tennessee,Perry,200,6.4,0.92,26,18,35,0.87,,,,,,13,11,15,39,31,48,1086,14,1410,17,,8891,Small,,,,,,
Tennessee,Madison,2013,6.9,0.49,28,22,34,1.07,,9,44,38,15,13,12,15,40,34,45,13342,14,14320,15,45,99193,Small,,,,,,
Tennessee,Hamilton,6413,7.2,0.24,19,15,23,0,4,10,38,39,8,12,10,13,33,29,38,44437,13,49080,13,57,379864,Large,,,,,,
Tennessee,Bradley,2155,6.8,0.58,19,15,24,0.03,,5,11,25,14,12,10,13,39,33,46,12241,12,16920,16,47,111579,Large,,,,,,
Tennessee,Knox,8628,7.4,0.07,16,12,19,-0.4,,6,28,30,9,11,10,13,38,33,43,51734,12,63650,13,55,500669,Large,,,,,,
Tennessee,McNairy,740,6.7,0.66,21,14,29,0.27,,,7,,20,13,11,15,43,36,53,3110,12,4250,16,51,26163,Small,,,,,,
Tennessee,Rhea,861,6.5,0.83,21,14,29,0.29,,,,31,15,13,12,15,39,32,47,3701,12,5680,17,43,33924,Small,,,,,,
Tennessee,Cocke,1235,6,1.26,29,19,38,1.2,,9,,62,33,13,11,15,42,33,50,3992,11,7060,20,53,37404,Small,,,,,,
Tennessee,Shelby,18953,7.4,0.07,28,24,32,1.12,60,5,35,30,6,15,13,17,43,38,48,103798,11,123990,13,67,910042,Large,,,,,,
Tennessee,Sullivan,3786,6.8,0.58,19,14,24,0,,,48,28,23,12,11,14,41,36,46,17484,11,25800,16,60,162135,Large,,,,,,
Tennessee,Greene,1804,6.6,0.75,20,13,26,0.1,,,15,20,21,12,11,14,38,31,45,7665,11,12100,17,73,72577,Small,,,,,,
Tennessee,Cumberland,1506,6.8,0.58,24,17,32,0.65,,,19,29,18,12,10,14,37,31,45,6122,11,9890,16,85,64760,Small,,,,,,
Tennessee,Haywood,470,6.6,0.75,29,18,40,1.22,,,42,4,28,17,15,19,44,36,53,2049,11,3030,17,41,17328,Small,,,,,,
Tennessee,Gibson,1302,7,0.41,19,13,25,0.02,,,13,21,13,13,12,15,40,32,49,5273,11,7770,15,45,51045,Small,,,,,,
Tennessee,Henry,822,6.6,0.75,26,18,34,0.89,,,54,52,26,13,11,15,39,32,47,3362,10,5650,18,58,32554,Small,,,,,,
Tennessee,Washington,2673,7.1,0.32,18,13,23,-0.11,,5,37,28,15,12,11,14,37,31,43,11478,9,21050,16,50,138420,Large,,,,,,
Tennessee,Marshall,713,7.4,0.07,15,11,20,-0.47,,,85,70,10,13,11,15,40,32,49,2745,9,5020,15,29,36961,Small,,,,,,
Tennessee,Wayne,372,6.6,0.75,24,15,32,0.55,,,,16,16,13,12,15,40,32,48,1523,9,2940,18,,16066,Small,,,,,,
Tennessee,Bedford,998,7.4,0.07,19,13,25,0,,,35,41,15,12,11,14,41,34,49,4022,9,7250,14,38,53055,Small,,,,,,
Tennessee,Humphreys,475,7.4,0.07,20,13,27,0.13,,,,20,18,13,11,15,38,30,46,1611,9,2770,15,32,19209,Small,,,,,,
Tennessee,Blount,2611,7.9,-0.36,13,9,18,-0.73,,24,27,20,9,11,9,12,33,27,40,10551,9,16980,13,56,141456,Large,,,,,,
Tennessee,Davidson,10860,7.8,-0.27,17,13,22,-0.21,13,15,31,27,9,12,11,14,32,28,37,51455,8,93490,13,49,712334,Large,,,,,,
Tennessee,Weakley,749,6.9,0.49,21,14,28,0.23,,,65,18,24,12,10,14,40,32,48,2830,8,5650,17,50,33084,Small,,,,,,
Tennessee,Scott,562,5.7,1.52,25,17,34,0.75,,,,,,14,12,15,41,33,50,1749,8,4940,23,,22171,Small,,,,,,
Tennessee,Maury,1776,8.1,-0.53,14,10,18,-0.64,,12,29,28,7,11,9,13,41,34,48,6346,8,11900,12,41,110760,Large,,,,,,
Tennessee,Sevier,2064,7.4,0.07,18,12,24,-0.09,,9,,40,16,11,9,12,39,32,47,6959,8,15010,15,77,99415,Small,,,,,,
Tennessee,Hardin,732,6.8,0.58,24,16,33,0.64,,,28,14,23,12,10,14,38,30,45,1921,7,4770,18,48,27229,Small,,,,,,
Tennessee,Sumner,3200,8.1,-0.53,12,8,15,-0.88,88,5,32,27,9,11,9,12,38,32,46,11703,7,23650,12,44,207994,Large,,,,,,
Tennessee,DeKalb,512,6.6,0.75,22,15,29,0.37,,,,70,25,13,12,15,42,34,50,1343,7,3820,19,37,21225,Small,,,,,,
Tennessee,Macon,593,7.1,0.32,22,15,30,0.42,,,,16,17,12,11,14,40,32,49,1589,7,4200,17,,26793,Small,,,,,,
Tennessee,Hardeman,652,7.5,-0.02,30,19,40,1.29,,,39,,16,15,13,17,48,40,56,1895,7,3860,15,38,25567,Small,,,,,,
Tennessee,Stewart,319,7.6,-0.1,18,11,24,-0.19,,,24,25,15,12,10,13,37,29,45,914,7,2020,15,63,14222,Small,,,,,,
Tennessee,Morgan,540,6.7,0.66,20,12,27,0.07,,,,,,13,12,15,40,32,49,1498,7,3940,19,,21573,Small,,,,,,
Tennessee,Hawkins,1524,6.9,0.49,22,15,29,0.39,,,,53,22,12,10,13,38,30,45,3854,7,10040,18,65,58600,Small,,,,,,
Tennessee,Crockett,333,7.5,-0.02,21,13,28,0.18,,,50,34,17,13,11,15,39,31,48,954,7,2110,15,19,13982,Small,,,,,,
Tennessee,Franklin,924,7.4,0.07,19,13,25,0.01,,,31,21,20,13,11,14,39,32,46,2624,6,6800,16,37,44654,Small,,,,,,
Tennessee,Rutherford,4576,8.3,-0.7,12,9,14,-0.93,32,5,15,16,8,12,11,14,34,28,40,16754,6,39690,12,32,367101,Large,,,,,,
Tennessee,Campbell,1250,6.4,0.92,26,17,34,0.83,,,,43,21,13,11,14,39,31,48,2578,6,8010,20,,40223,Small,,,,,,
Tennessee,Roane,1378,7.5,-0.02,17,10,23,-0.31,,,14,13,17,11,10,13,39,31,47,3382,6,8100,15,56,56096,Small,,,,,,
Tennessee,McMinn,1408,7.4,0.07,20,13,26,0.06,,,27,6,17,12,10,13,40,33,48,3119,6,8480,16,49,55678,Small,,,,,,
Tennessee,Monroe,1273,7.1,0.32,21,14,28,0.27,28,,8,10,22,13,11,14,36,29,44,2601,6,8010,17,61,48594,Small,,,,,,
Tennessee,Wilson,2321,8.4,-0.79,8,6,11,-1.31,,6,14,23,6,11,9,12,37,30,44,6623,6,17120,12,32,163674,Large,,,,,,
Tennessee,Benton,485,6.8,0.58,27,19,36,1.02,,,,33,26,13,11,14,40,31,48,951,6,2970,19,52,16103,Small,,,,,,
Tennessee,Coffee,1358,7.3,0.15,19,13,26,0.05,,,42,51,14,13,11,15,40,32,47,2798,5,9750,17,36,60633,Small,,,,,,
Tennessee,Jefferson,1281,7.7,-0.19,18,12,24,-0.11,,,,27,16,11,10,13,39,31,47,2693,5,8250,15,49,57838,Small,,,,,,
Tennessee,Marion,746,7.2,0.24,22,14,29,0.31,,,11,,22,12,10,14,41,33,49,1448,5,4910,17,40,29382,Small,,,,,,
Tennessee,Loudon,1111,8,-0.44,16,11,20,-0.39,,,,34,20,11,10,13,36,29,44,2454,5,7490,14,42,60591,Small,,,,,,
Tennessee,Williamson,1903,9.1,-1.38,5,4,6,-1.77,,4,10,8,4,9,8,10,29,23,35,9109,5,21790,9,40,264460,Large,,,,,,
Tennessee,Warren,887,7.2,0.24,23,15,30,0.43,,21,50,39,15,14,12,15,39,32,47,1947,5,7050,17,31,42638,Small,,,,,,
Tennessee,Fayette,840,8.5,-0.87,19,13,24,-0.06,,,40,,8,12,11,14,37,30,44,1864,5,4880,12,20,44175,Small,,,,,,
Tennessee,Giles,776,7.9,-0.36,22,15,29,0.36,,,34,58,15,12,11,14,38,31,46,1429,5,4340,14,32,30721,Small,,,,,,
Tennessee,Chester,368,8,-0.44,21,15,28,0.28,,,66,13,12,13,11,15,39,31,47,778,5,2430,14,59,17606,Small,,,,,,
Tennessee,Claiborne,843,6.8,0.58,27,19,35,0.99,,,,,,12,11,14,41,33,50,1430,4,6150,19,,32654,Small,,,,,,
Tennessee,Lauderdale,612,7.4,0.07,37,29,44,2.17,,,39,,10,15,13,17,45,36,53,1184,4,4220,17,53,24610,Small,,,,,,
Tennessee,Dickson,1122,8.1,-0.53,14,9,19,-0.67,,,,13,10,11,10,13,35,28,43,1940,4,7400,14,44,56729,Small,,,,,,
Tennessee,Hickman,687,7.7,-0.19,22,15,29,0.34,,,,52,18,12,11,14,40,32,48,955,4,3870,16,40,25826,Small,,,,,,
Tennessee,Lincoln,842,8,-0.44,19,13,25,-0.01,,,2,,17,12,10,13,41,33,48,1268,4,4990,14,38,36169,Small,,,,,,
Tennessee,Grundy,426,7,0.41,27,17,36,0.97,,,,,,13,11,14,38,30,46,513,4,2520,19,,13955,Small,,,,,,
Tennessee,Carroll,748,7.5,-0.02,22,15,29,0.36,,,27,13,22,13,11,15,41,33,49,977,3,4650,16,21,28860,Small,,,,,,
Tennessee,Obion,769,7.4,0.07,27,20,34,0.99,,,28,39,18,13,11,15,41,33,49,934,3,5310,17,48,30411,Small,,,,,,
Tennessee,Decatur,312,7.4,0.07,24,16,32,0.62,,,,4,29,13,11,15,42,33,50,333,3,1960,17,39,11656,Small,,,,,,
Tennessee,Johnson,456,7.1,0.32,28,18,38,1.11,,,,75,43,13,11,15,39,31,48,511,3,3360,19,,18375,Small,,,,,,
Tennessee,Anderson,1755,7.6,-0.1,18,13,24,-0.1,,6,45,28,17,12,10,13,38,31,46,1984,3,12880,17,56,80234,Small,,,,,,
Tennessee,Polk,489,7.8,-0.27,20,12,27,0.1,,,,31,17,12,11,14,38,30,46,325,2,2810,16,,18033,Small,,,,,,
Tennessee,Bledsoe,285,6.6,0.75,28,19,37,1.12,,,,75,27,14,12,16,43,35,51,244,2,3160,21,,15060,Small,,,,,,
Tennessee,Unicoi,497,7.4,0.07,22,14,30,0.37,,,,3,19,13,11,14,37,29,45,346,2,3180,18,,17756,Small,,,,,,
Tennessee,Robertson,1516,8.6,-0.96,14,9,18,-0.67,,,26,25,9,11,10,13,38,30,46,1243,2,9110,12,60,76776,Small,,,,,,
Tennessee,Henderson,691,7.6,-0.1,18,12,25,-0.1,,,11,56,16,13,12,15,43,36,51,479,2,4680,17,44,28070,Small,,,,,,
Tennessee,Tipton,1296,8.5,-0.87,25,20,30,0.7,,,45,7,10,12,10,14,39,33,47,965,2,8010,13,45,62015,Small,,,,,,
Tennessee,Lawrence,1040,7.8,-0.27,20,14,26,0.13,,,,30,16,13,11,15,41,34,49,657,2,7230,16,80,46114,Small,,,,,,
Tennessee,Cheatham,876,8.6,-0.96,12,8,17,-0.82,,,32,3,8,11,9,12,37,30,46,549,1,5150,13,36,42254,Small,,,,,,
Tennessee,Smith,447,7.9,-0.36,17,10,23,-0.31,,,,39,15,11,10,13,37,29,45,231,1,3140,16,31,20538,Small,,,,,,
Tennessee,Van Buren,195,7.3,0.15,24,15,32,0.57,,,,,,13,11,14,39,31,47,49,1,1140,19,,6493,Small,,,,,,
Tennessee,Houston,218,7.9,-0.36,23,14,31,0.44,,,,3,10,12,10,13,38,30,47,63,1,1320,16,26,8393,Small,,,,,,
Tennessee,Cannon,325,7.9,-0.36,22,15,29,0.34,,,,,,12,10,14,36,29,44,103,1,2330,16,61,15063,Small,,,,,,
Tennessee,Union,541,7.8,-0.27,23,15,32,0.54,,,14,9,21,12,10,14,38,30,46,138,1,3310,17,,20741,Small,,,,,,
Tennessee,Meigs,399,7.7,-0.19,23,14,32,0.5,,,21,,10,11,10,13,38,30,47,82,1,2190,17,24,13691,Small,,,,,,
Tennessee,Hancock,205,6.2,1.09,36,23,49,2.1,,,,,,15,13,17,43,34,51,35,1,1600,24,,6956,Small,,,,,,
Tennessee,Pickett,126,7.1,0.32,25,17,33,0.74,,,,,,13,12,15,40,31,48,13,0,1000,20,,5128,Small,,,,,,
Tennessee,Overton,563,7.8,-0.27,19,12,26,0.01,,,,65,20,12,10,14,38,31,46,49,0,3760,17,,23327,Small,,,,,,
Tennessee,Fentress,570,7.3,0.15,27,17,36,0.94,,,,,,13,11,15,40,32,49,21,0,3550,19,,19696,Small,,,,,,
Tennessee,Clay,240,7.1,0.32,30,19,41,1.33,,,,,,13,11,15,39,31,48,7,0,1520,20,33,7714,Small,,,,,,
Tennessee,Lake,202,6.5,0.83,45,30,60,3,,,80,4,34,16,14,18,45,36,54,6,0,1570,23,18,6347,Small,,,,,,
Tennessee,Moore,112,8.8,-1.13,13,8,18,-0.77,,,,,,12,10,13,37,28,45,3,0,820,12,46,6748,Small,,,,,,
Tennessee,Jackson,340,7.3,0.15,27,19,36,1.04,,,,,,13,11,15,36,28,43,4,0,2220,19,,12363,Small,,,,,,
Tennessee,Trousdale,228,,0.2,17,10,23,-0.31,,,,,,13,11,14,39,31,47,,,1450,13,40,12271,Small,,,,,,
Tennessee,Grainger,614,,0.2,22,14,30,0.33,,,,15,22,13,12,15,38,30,47,,,4250,18,54,24681,Small,,,,,,
Texas,Hudspeth,65,0,3,41,23,58,2.65,,,,17,23,20,18,22,43,35,51,2023,58,830,25,,3451,Small,,,,,,
Texas,Cottle,,0.7,3,35,23,47,1.96,,,,46,39,15,13,17,42,33,52,856,57,370,22,,1294,Small,,,,,,
Texas,Real,,1.3,3,34,21,47,1.88,,,,42,16,14,13,16,41,33,50,1605,49,660,23,,2854,Small,,,,,,
Texas,Briscoe,,1.7,3,22,14,30,0.33,,,,,,16,15,17,43,38,49,793,48,280,22,,1445,Small,,,,,,
Texas,Terrell,,3.7,,22,13,30,,,,,,,12,10,13,36,28,45,409,42,140,16,,687,Small,,,,,,
Texas,Foard,,2.8,3,26,16,36,0.85,,,,,,14,13,15,40,36,45,552,41,220,20,,1079,Small,,,,,,
Texas,Kenedy,,3.2,,21,13,29,,,,,,,21,20,23,47,42,53,156,37,20,20,,343,Small,,,,,,
Texas,Glasscock,,4.9,,8,5,11,,,,,,,11,10,13,34,26,42,447,36,140,13,,1141,Small,,,,,,
Texas,Coke,,3.6,3,19,12,26,0,,,,11,14,13,12,15,40,31,48,1198,36,620,19,,3352,Small,,,,,,
Texas,Sterling,,5.3,,15,9,20,,,,,,,11,11,12,37,33,41,410,36,160,11,,1397,Small,,,,,,
Texas,Oldham,,4.5,2.54,27,17,38,1.04,,,,38,15,12,10,13,37,29,45,668,33,360,17,,1783,Small,,,,,,
Texas,Throckmorton,,4.4,2.63,21,13,29,0.23,,,,82,12,12,11,12,38,34,42,528,32,240,17,,1526,Small,,,,,,
Texas,Lipscomb,,4.6,2.46,17,11,23,-0.26,,,,23,10,13,12,14,38,34,42,1042,32,500,16,,2906,Small,,,,,,
Texas,Kent,,5.1,,15,9,20,,,,,,,11,9,12,35,27,43,244,30,90,15,,734,Small,,,,,,
Texas,Calhoun,353,5.1,2.03,22,14,30,0.36,,25,,15,,13,11,15,37,29,45,6054,28,3190,16,39,19696,Small,,,,,,
Texas,Dimmit,214,2.4,3,36,24,49,2.13,,,,,,22,19,24,50,41,58,2666,27,2470,29,,8257,Small,,,,,,
Texas,Irion,,5.8,1.43,10,6,13,-1.14,,,,21,9,11,10,12,36,31,41,422,26,210,13,,1549,Small,,,,,,
Texas,Red River,363,4.6,2.46,27,17,37,1,,,77,36,16,13,11,15,40,31,48,3327,26,2210,19,59,11678,Small,,,,,,
Texas,Willacy,374,3.6,3.31,35,22,48,1.96,,,,30,12,20,18,21,49,45,52,5675,26,4840,24,,20037,Small,,,,,,
Texas,Kinney,61,4,2.97,26,16,36,0.86,,,,,,16,13,17,42,33,50,922,26,700,22,,3148,Small,,,,,,
Texas,Coryell,1093,5.2,1.94,16,10,22,-0.4,,9,15,16,10,13,11,15,38,31,46,19277,26,13930,17,42,84878,Small,,,,,,
Texas,McMullen,,5.5,,19,11,26,,,,,,,16,14,18,43,35,51,179,25,100,16,,568,Small,,,,,,
Texas,Uvalde,507,4,2.97,32,21,44,1.65,,79,74,34,17,16,14,18,42,33,50,6617,25,5510,22,74,24960,Small,,,,,,
Texas,Palo Pinto,707,5,2.11,26,20,33,0.91,2,,40,35,23,12,10,13,37,29,45,6835,24,5160,18,70,29747,Small,,,,,,
Texas,Starr,924,3,3.82,37,26,48,2.22,,,9,42,59,21,19,24,48,39,56,14469,24,17890,27,92,65934,Small,,,,,,
Texas,Zavala,219,3.5,3,43,28,57,2.9,,,,58,13,20,18,23,48,39,57,2692,23,2470,26,,9312,Small,,,,,,
Texas,King,,4.2,,10,7,14,,,,,,,15,14,16,41,36,46,64,22,50,22,,217,Small,,,,,,
Texas,Val Verde,709,5.2,1.94,30,22,39,1.37,,,,23,9,17,15,19,42,34,51,10555,22,8790,18,63,47720,Small,,,,,,
Texas,Roberts,,5.7,,11,7,15,,,,,30,2,11,9,12,36,28,45,199,21,120,16,,840,Small,,,,,,
Texas,Armstrong,,6.6,0.75,15,10,21,-0.46,,,,,,10,10,11,34,31,38,406,21,230,12,,1832,Small,,,,,,
Texas,Franklin,215,6.1,1.18,21,13,29,0.24,,,12,8,15,10,9,11,35,26,43,2204,21,1520,15,68,10735,Small,,,,,,
Texas,Clay,220,5.8,1.43,17,11,23,-0.24,,,,26,8,10,9,12,35,27,43,2212,21,1660,16,62,10738,Small,,,,,,
Texas,Terry,273,4.9,2.2,29,18,40,1.28,,,34,47,6,16,14,19,43,34,52,2583,20,2400,20,27,11547,Small,,,,,,
Texas,Hidalgo,10063,4.4,2.63,37,34,40,2.26,39,16,22,38,28,19,17,21,48,43,53,157181,20,199990,23,80,898471,Large,,,,,,
Texas,McCulloch,201,5.4,1.77,28,18,38,1.11,,,,9,21,13,11,15,39,31,48,1591,19,1420,19,,7452,Small,,,,,,
Texas,Pecos,254,5.3,1.86,24,16,32,0.62,,,,43,42,16,14,18,42,34,51,2964,19,2900,19,38,14623,Small,,,,,,
Texas,Childress,122,5.9,1.35,24,15,33,0.58,,,,28,5,14,12,16,41,33,50,1334,19,1110,16,,6788,Small,,,,,,
Texas,Dawson,271,5,2.11,26,16,36,0.87,,,67,27,7,16,14,18,43,34,52,2599,19,2560,21,43,12004,Small,,,,,,
Texas,Jim Hogg,90,4.5,2.54,37,24,49,2.17,,,,52,48,19,18,21,45,40,49,989,19,1120,23,,4720,Small,,,,,,
Texas,Loving,,5.9,,8,3,12,,,,,,,10,8,11,33,25,41,15,19,20,17,,43,Small,,,,,,
Texas,Erath,568,6,1.26,18,12,23,-0.19,25,,,24,10,12,11,14,40,32,48,6864,18,7140,17,71,44195,Small,,,,,,
Texas,Maverick,975,4.7,2.37,29,20,39,1.26,7,,,31,11,20,17,22,45,36,54,9783,18,12900,22,,57762,Small,,,,,,
Texas,Cameron,5953,4.8,2.28,34,29,39,1.84,21,13,43,36,25,20,18,22,48,43,52,72825,18,92480,22,85,426710,Large,,,,,,
Texas,Presidio,75,3.6,3,35,23,48,2,,,,54,59,20,17,22,44,35,53,1395,18,1700,28,,5795,Small,,,,,,
Texas,Dallam,152,6.6,0.75,16,10,21,-0.41,,,,11,17,15,13,17,40,32,49,1179,18,990,14,,7237,Small,,,,,,
Texas,Gonzales,390,6.1,1.18,25,17,33,0.73,,,62,13,22,14,12,16,40,31,48,3462,17,3270,17,21,19930,Small,,,,,,
Texas,Kleberg,484,4.6,2.46,29,19,39,1.25,,,7,44,17,16,14,18,42,33,50,5564,17,7080,23,40,30069,Small,,,,,,
Texas,McLennan,4120,6,1.26,20,16,25,0.15,17,18,48,28,7,14,12,15,39,32,46,39470,17,44070,17,51,268583,Large,,,,,,
Texas,Brewster,156,5.9,1.35,20,12,27,0.1,,,,,,12,10,13,36,28,44,1507,16,1680,18,,9513,Small,,,,,,
Texas,Aransas,658,5.6,1.6,28,17,38,1.1,,,,39,25,13,11,14,40,33,48,3754,16,4580,19,75,25374,Small,,,,,,
Texas,Tyler,513,5.3,1.86,24,15,33,0.59,,,67,8,31,13,11,14,40,32,49,3517,16,4090,21,44,20382,Small,,,,,,
Texas,Runnels,238,6.2,1.09,23,15,32,0.53,,,,11,11,13,11,14,38,30,47,1679,16,1620,17,25,9868,Small,,,,,,
Texas,Anderson,1298,6.2,1.09,25,17,32,0.69,1,,35,39,19,14,12,16,40,31,48,9259,16,9640,17,50,57736,Small,,,,,,
Texas,Jack,163,6.2,1.09,17,11,24,-0.22,,,,39,10,12,11,14,38,30,47,1431,16,1430,17,,8875,Small,,,,,,
Texas,Wilbarger,304,5.1,2.03,25,17,33,0.74,,,10,26,34,15,13,17,41,34,49,2110,16,2750,22,51,12522,Small,,,,,,
Texas,Hockley,484,6.1,1.18,20,12,28,0.1,,,,17,4,14,12,16,41,33,50,3544,15,3710,17,53,21460,Small,,,,,,
Texas,Borden,,7.5,,18,12,24,,,,,,,9,8,10,33,30,37,97,15,80,11,,572,Small,,,,,,
Texas,Lynn,135,5.8,1.43,21,14,29,0.29,,,,40,11,15,13,17,41,32,49,892,15,1060,19,,5761,Small,,,,,,
Texas,Matagorda,730,5.5,1.69,26,18,34,0.91,,,50,39,17,15,13,17,41,33,50,5233,14,7500,21,52,36359,Small,,,,,,
Texas,Lamar,1143,6,1.26,29,22,35,1.2,,,48,38,23,12,11,14,39,30,46,7077,14,9070,18,45,51127,Small,,,,,,
Texas,Swisher,154,5.1,2.03,28,18,38,1.11,,,,51,36,16,13,18,43,34,53,1112,14,1570,23,25,6955,Small,,,,,,
Texas,Newton,334,5.5,1.69,27,17,37,0.97,,,77,68,9,14,13,16,42,34,51,2041,14,2510,20,29,12039,Small,,,,,,
Texas,Titus,526,6.1,1.18,20,13,27,0.15,,,5,29,16,14,13,16,40,32,49,4546,14,5660,18,45,31357,Small,,,,,,
Texas,Duval,237,5.4,1.77,43,29,56,2.94,,,,46,64,18,15,20,43,33,52,1639,14,2110,21,,9604,Small,,,,,,
Texas,San Saba,125,6.3,1.01,26,16,36,0.85,,,,36,11,13,11,14,39,31,48,842,14,1000,17,,5845,Small,,,,,,
Texas,Young,437,6.3,1.01,20,13,27,0.13,,,7,26,32,12,10,14,39,31,48,2540,14,3060,17,60,18124,Small,,,,,,
Texas,Houston,534,6.1,1.18,28,18,39,1.13,,,32,29,12,14,12,16,40,33,49,3224,14,4020,18,43,22066,Small,,,,,,
Texas,Stephens,192,6.1,1.18,26,17,35,0.87,,,,41,6,13,11,15,39,31,47,1297,13,1660,18,57,9343,Small,,,,,,
Texas,Madison,251,6.6,0.75,23,14,31,0.43,,,11,15,19,13,12,15,40,32,49,1820,13,2160,16,50,13742,Small,,,,,,
Texas,Brown,929,6.1,1.18,22,14,29,0.31,,,73,25,13,12,11,14,38,31,46,5062,13,7030,18,58,38709,Small,,,,,,
Texas,Llano,489,6.3,1.01,21,13,29,0.27,,,,26,18,11,9,12,39,30,47,2560,13,3720,17,67,22875,Small,,,,,,
Texas,Hall,77,5.9,1.35,37,23,51,2.2,,,,31,5,14,13,15,41,36,46,436,13,540,19,,2818,Small,,,,,,
Texas,Fannin,761,6.6,0.75,19,13,25,0.02,,,56,23,12,12,10,13,38,29,46,4408,13,5790,16,63,37571,Small,,,,,,
Texas,Cherokee,1095,6.5,0.83,28,21,34,1.07,,,51,27,20,14,12,16,39,31,47,6499,13,8490,17,43,52217,Small,,,,,,
Texas,Guadalupe,2206,7.2,0.24,11,7,14,-1.03,,3,12,17,7,12,11,14,39,34,46,16284,12,23920,14,43,188454,Large,,,,,,
Texas,Brazos,1966,6.5,0.83,19,14,23,-0.01,6,10,48,26,6,13,11,14,37,30,45,24093,12,40010,17,41,244703,Large,,,,,,
Texas,Howard,737,6.3,1.01,22,15,28,0.33,,,75,15,15,14,12,16,42,34,50,4281,12,6230,18,51,30554,Small,,,,,,
Texas,Hamilton,168,6.2,1.09,22,14,29,0.31,,,,26,19,12,10,14,38,30,46,1041,12,1510,18,,8619,Small,,,,,,
Texas,Grimes,590,6.7,0.66,21,14,28,0.23,,,55,10,9,13,11,16,42,32,52,3246,12,4780,16,50,32384,Small,,,,,,
Texas,Concho,,6.4,0.92,27,17,37,0.94,,,,35,36,15,14,16,39,35,44,492,12,570,18,,3297,Small,,,,,,
Texas,San Augustine,250,5.1,2.03,32,20,43,1.58,,,41,64,29,15,13,17,43,34,52,1065,12,1840,23,57,7833,Small,,,,,,
Texas,Jones,380,6.6,0.75,22,14,29,0.32,,,,26,3,14,12,16,43,34,51,2392,12,3290,17,49,20381,Small,,,,,,
Texas,Potter,2537,6.1,1.18,23,15,31,0.47,8,30,67,30,13,15,14,17,39,31,47,14222,12,22170,19,65,114647,Large,,,,,,
Texas,Frio,334,6,1.26,36,23,50,2.12,,,,31,29,17,15,20,42,33,50,2007,12,3580,20,51,17987,Small,,,,,,
Texas,La Salle,128,5.8,1.43,32,19,44,1.55,,,,,,18,17,19,44,41,48,795,12,1420,20,,6537,Small,,,,,,
Texas,Hartley,52,7.6,-0.1,8,5,11,-1.32,,,,4,3,11,10,12,35,32,39,699,12,660,12,,5145,Small,,,,,,
Texas,Haskell,119,6.2,1.09,29,18,41,1.26,,,33,22,4,13,11,15,40,31,48,675,11,1000,19,9,5385,Small,,,,,,
Texas,Milam,523,6.6,0.75,23,15,30,0.43,,,49,34,9,12,11,14,38,30,46,2824,11,4200,17,35,25951,Small,,,,,,
Texas,Wichita,2577,6.5,0.83,24,19,29,0.57,3,3,35,28,17,13,11,15,39,31,47,14843,11,22840,18,42,130180,Large,,,,,,
Texas,Rusk,1097,6.9,0.49,17,11,24,-0.24,,,14,38,14,12,11,14,40,32,48,5973,11,8170,16,29,53079,Small,,,,,,
Texas,Waller,798,7.3,0.15,19,13,24,-0.06,,,25,26,4,13,11,15,42,34,50,4776,11,8010,14,55,63553,Small,,,,,,
Texas,San Patricio,1336,6,1.26,26,19,32,0.81,,,3,29,8,15,13,16,43,36,51,7150,11,13510,20,44,70660,Small,,,,,,
Texas,Edwards,,6.2,1.09,35,21,48,1.94,,,,,,17,15,19,42,34,51,219,11,260,19,,1393,Small,,,,,,
Texas,Eastland,458,6.2,1.09,24,16,33,0.65,,,,16,16,12,10,14,37,29,46,2023,11,3410,19,43,18037,Small,,,,,,
Texas,Lamb,274,6.2,1.09,25,16,34,0.76,,,26,25,4,16,14,18,42,34,51,1515,11,2450,19,19,12711,Small,,,,,,
Texas,Bee,581,6.1,1.18,28,18,39,1.13,,,,24,12,16,14,18,43,34,51,3435,11,6080,20,37,30850,Small,,,,,,
Texas,Van Zandt,1277,6.9,0.49,17,11,23,-0.27,,,5,15,15,11,10,13,36,28,44,5611,11,9650,16,51,64000,Small,,,,,,
Texas,Bell,5162,6.7,0.66,16,11,20,-0.41,39,20,25,28,13,14,12,15,39,34,44,33023,11,61880,17,45,393193,Large,,,,,,
Texas,Tom Green,1954,7,0.41,17,12,22,-0.24,,,35,18,6,13,12,15,38,30,46,11501,10,18720,16,46,119057,Large,,,,,,
Texas,Bandera,477,6.7,0.66,19,12,25,-0.05,,,,15,26,11,10,13,36,29,44,2097,10,3590,17,,22637,Small,,,,,,
Texas,Coleman,234,6.2,1.09,27,17,37,0.97,,,,6,21,12,11,14,38,31,47,908,10,1510,19,40,7842,Small,,,,,,
Texas,Brooks,160,4.7,2.37,45,28,62,3,,,,,,19,18,20,45,41,49,733,10,1850,26,,6848,Small,,,,,,
Texas,Gregg,2567,6.8,0.58,23,18,28,0.48,,4,31,37,14,13,11,15,40,32,48,12122,10,20790,17,40,126243,Large,,,,,,
Texas,Taylor,2482,6.7,0.66,15,10,21,-0.46,,6,33,19,9,12,11,14,37,29,44,13079,10,24270,17,36,146836,Large,,,,,,
Texas,Nueces,6362,6.4,0.92,25,20,30,0.7,46,13,51,30,11,16,14,17,44,39,49,33739,10,66160,19,48,352289,Large,,,,,,
Texas,Goliad,121,7.1,0.32,22,14,31,0.42,,,,7,4,13,11,15,39,30,48,711,10,1100,16,27,7144,Small,,,,,,
Texas,Orange,1870,6.8,0.58,19,13,26,0.03,,29,59,22,9,12,10,14,42,35,48,8067,10,14210,17,73,85722,Small,,,,,,
Texas,Angelina,1805,6.4,0.92,25,19,31,0.73,17,,34,35,15,14,13,16,41,37,46,8469,10,16200,19,47,87319,Small,,,,,,
Texas,Bosque,419,6.8,0.58,19,12,27,0.05,,,,5,12,12,11,14,37,29,46,1774,10,3090,17,24,18996,Small,,,,,,
Texas,Robertson,379,6.9,0.49,25,17,34,0.76,,,50,17,10,12,11,14,38,30,46,1613,10,2740,16,51,17267,Small,,,,,,
Texas,Bexar,27562,6.7,0.66,19,17,21,0.01,29,23,32,23,9,15,14,17,37,34,41,166124,10,351000,17,42,2087679,Large,,,,,,
Texas,Webb,3248,6.1,1.18,32,26,37,1.55,12,33,,28,32,16,14,18,42,34,50,24206,10,53460,20,72,269148,Large,,,,,,
Texas,Jim Wells,889,5.8,1.43,30,19,40,1.34,19,,,40,16,17,15,19,43,34,51,3946,10,8420,22,,38662,Small,,,,,,
Texas,Panola,567,6.9,0.49,19,12,26,-0.04,,,31,14,11,12,11,14,38,30,47,2276,10,3710,16,15,22838,Small,,,,,,
Texas,Sherman,,7.1,0.32,18,11,24,-0.19,,,,,,13,11,14,38,30,47,289,10,370,15,,2678,Small,,,,,,
Texas,Bowie,1999,6.8,0.58,20,12,27,0.06,,,36,27,12,13,11,15,41,33,49,8785,9,15660,17,46,91687,Small,,,,,,
Texas,Nacogdoches,1137,6.4,0.92,25,17,32,0.68,,,51,35,13,13,11,15,41,33,49,6026,9,12290,19,43,65375,Small,,,,,,
Texas,Hardin,1146,6.7,0.66,15,10,20,-0.48,,,42,8,12,11,10,13,38,31,45,5032,9,9860,17,71,58261,Small,,,,,,
Texas,Cochran,61,5.6,1.6,34,22,46,1.83,,,,37,38,18,15,20,44,35,52,288,9,570,23,,2509,Small,,,,,,
Texas,El Paso,11154,6.3,1.01,24,20,27,0.59,24,24,19,27,14,16,14,18,39,35,44,73081,9,167200,19,50,869880,Large,,,,,,
Texas,Callahan,301,7.1,0.32,18,11,25,-0.15,,,,28,10,11,10,13,36,28,45,1222,9,2180,16,59,14374,Small,,,,,,
Texas,Mills,105,7.4,0.07,22,14,31,0.42,,,,3,12,11,9,12,35,27,43,444,9,650,15,,4548,Small,,,,,,
Texas,Hopkins,734,7,0.41,19,12,25,-0.04,7,,51,15,12,12,10,14,38,29,47,3139,9,6050,16,49,38172,Small,,,,,,
Texas,Victoria,1564,6.6,0.75,20,13,27,0.12,,,41,26,15,14,12,16,39,32,48,7688,9,16550,18,38,91664,Small,,,,,,
Texas,Wood,1124,6.8,0.58,22,15,29,0.37,,,6,11,17,11,10,13,36,28,44,3714,9,7830,17,75,47921,Small,,,,,,
Texas,Hutchinson,509,7.1,0.32,17,11,23,-0.26,,,,10,9,12,10,14,38,29,47,1950,9,3290,16,66,20033,Small,,,,,,
Texas,Refugio,136,6.4,0.92,26,16,36,0.91,,,51,31,2,15,13,17,41,32,49,649,9,1290,19,47,6666,Small,,,,,,
Texas,Freestone,405,6.8,0.58,21,13,28,0.22,,,27,20,12,13,11,15,39,31,48,1727,9,3350,17,25,20441,Small,,,,,,
Texas,Limestone,561,6.4,0.92,26,17,34,0.81,,,23,36,20,14,13,16,40,32,49,2035,9,4270,19,34,22250,Small,,,,,,
Texas,Williamson,5263,7.8,-0.27,7,5,9,-1.46,17,3,18,10,4,10,9,11,30,25,34,36732,9,77610,13,40,697191,Large,,,,,,
Texas,Galveston,5574,7.3,0.15,15,11,19,-0.52,15,4,27,21,7,12,10,13,40,35,44,25207,9,53140,15,51,361744,Large,,,,,,
Texas,Moore,292,7.2,0.24,21,16,25,0.21,88,15,3,25,7,16,14,18,39,31,47,1878,9,3320,16,45,21190,Small,,,,,,
Texas,Upton,56,6.9,0.49,22,14,29,0.31,,,,12,23,16,15,17,42,38,46,287,9,560,17,,3109,Small,,,,,,
Texas,Gray,446,6.7,0.66,22,16,29,0.42,25,,,29,10,14,12,15,41,32,49,1914,8,3780,18,68,20916,Small,,,,,,
Texas,Kimble,79,7,0.41,35,23,46,1.94,,,,20,25,13,11,14,38,30,46,389,8,710,17,,4442,Small,,,,,,
Texas,Hunt,1948,7.1,0.32,17,12,22,-0.24,51,,28,20,13,12,10,14,42,35,50,7259,8,16470,16,46,113347,Large,,,,,,
Texas,Zapata,213,4.8,2.28,44,29,58,3,,,,,,22,19,24,46,37,55,1181,8,3700,27,,13736,Small,,,,,,
Texas,Henderson,2087,6.8,0.58,24,17,30,0.57,,,16,25,19,12,10,14,37,29,46,6556,8,14260,17,53,86158,Small,,,,,,
Texas,Tarrant,26325,7.5,-0.02,14,12,16,-0.6,12,12,22,19,8,12,11,14,38,34,42,148852,8,300760,14,48,2182947,Large,,,,,,
Texas,Montgomery,7569,7.6,-0.1,14,11,16,-0.68,25,4,15,22,6,11,10,12,35,31,40,37405,8,87060,14,42,711354,Large,,,,,,
Texas,Andrews,257,7.2,0.24,13,8,18,-0.72,,,,17,9,14,12,16,39,31,48,1213,8,2850,16,78,18664,Small,,,,,,
Texas,Parmer,131,7.6,-0.1,17,11,24,-0.21,,,,14,10,15,13,17,40,32,49,842,8,1370,14,,9617,Small,,,,,,
Texas,Lubbock,5261,6.9,0.49,20,15,25,0.11,11,21,38,26,8,13,11,14,36,32,41,22833,8,52990,17,48,320940,Large,,,,,,
Texas,Hale,591,6.5,0.83,29,20,37,1.21,79,,,33,12,16,14,18,43,35,51,2955,8,6160,19,44,31761,Small,,,,,,
Texas,Smith,3758,7.4,0.07,17,12,22,-0.24,29,1,25,23,9,12,11,14,40,33,47,17066,8,35010,15,40,245209,Large,,,,,,
Texas,Navarro,989,6.7,0.66,22,14,29,0.32,,,52,25,12,14,12,16,42,34,51,3868,8,9440,18,32,55635,Small,,,,,,
Texas,Jeff Davis,,6.2,1.09,23,11,35,0.5,,,,,,14,12,16,40,31,48,189,8,400,20,,1856,Small,,,,,,
Texas,Leon,368,6.6,0.75,21,13,29,0.27,,,60,35,9,12,11,14,38,30,46,1354,8,2950,19,49,16538,Small,,,,,,
Texas,Comanche,294,6.9,0.49,27,19,35,1.01,,,,44,7,13,11,14,39,31,48,1109,8,2350,17,,14050,Small,,,,,,
Texas,Hardeman,85,6.9,0.49,25,16,35,0.79,,,,,,12,11,14,37,29,46,323,8,610,17,,3490,Small,,,,,,
Texas,Trinity,415,6.6,0.75,29,18,39,1.18,,,60,43,16,12,11,14,39,31,48,1136,8,2580,19,58,14228,Small,,,,,,
Texas,Jefferson,4801,6.8,0.58,24,18,29,0.57,28,21,40,27,10,16,14,17,38,33,43,19222,8,45350,18,59,251496,Large,,,,,,
Texas,Cass,778,6.6,0.75,23,15,32,0.53,77,,37,44,19,12,11,14,39,31,47,2282,7,5390,19,30,28659,Small,,,,,,
Texas,Shelby,567,6.5,0.83,24,15,33,0.62,65,,63,43,16,14,12,16,41,33,51,1905,7,4610,19,28,24179,Small,,,,,,
Texas,Deaf Smith,275,7.1,0.32,22,14,31,0.41,,,,24,10,17,15,20,44,35,53,1440,7,3110,17,82,18347,Small,,,,,,
Texas,Ellis,2587,7.9,-0.36,9,5,13,-1.24,,21,14,17,8,11,10,13,38,31,45,10974,7,25540,13,33,222829,Large,,,,,,
Texas,Colorado,402,7.8,-0.27,22,14,30,0.39,,,27,23,7,13,11,14,40,31,49,1521,7,2710,13,26,21117,Small,,,,,,
Texas,Washington,571,7.5,-0.02,20,14,26,0.16,,,42,15,5,12,10,13,37,29,46,2454,7,5350,15,44,37007,Small,,,,,,
Texas,Dallas,32975,7.3,0.15,20,17,22,0.06,8,11,29,23,7,13,12,15,35,31,39,171370,7,406340,16,54,2606358,Large,,,,,,
Texas,Reeves,227,6.8,0.58,24,15,32,0.57,,,,,,18,16,20,43,34,52,991,7,2490,18,,11770,Small,,,,,,
Texas,Ector,2821,7,0.41,14,9,20,-0.58,16,,20,25,10,14,13,16,40,32,49,9847,7,27350,17,43,164494,Large,,,,,,
Texas,Nolan,307,6.7,0.66,28,19,37,1.07,,,14,24,19,14,13,16,42,33,50,1079,7,2730,19,58,14306,Small,,,,,,
Texas,Caldwell,746,7.1,0.32,19,13,26,0.05,,,60,19,19,15,13,17,39,31,48,2620,7,7720,17,35,49859,Small,,,,,,
Texas,Burnet,859,7.7,-0.19,14,9,19,-0.62,,,9,9,9,11,10,13,42,34,50,2905,7,7130,14,69,53991,Small,,,,,,
Texas,Martin,93,7,0.41,16,10,22,-0.39,,,,5,18,13,12,15,39,31,48,325,7,910,18,,5216,Small,,,,,,
Texas,Brazoria,4867,8,-0.44,12,8,16,-0.85,38,4,5,12,7,13,11,14,40,35,44,20853,7,48140,13,46,398938,Large,,,,,,
Texas,Lee,311,7.4,0.07,16,10,22,-0.39,,,,18,3,13,11,15,39,31,47,1071,6,2700,15,46,18240,Small,,,,,,
Texas,Walker,1089,7.3,0.15,23,15,30,0.44,,,33,17,5,14,12,16,42,34,51,4260,6,12560,16,36,81268,Small,,,,,,
Texas,Johnson,2886,7.7,-0.19,13,9,16,-0.77,,2,7,21,10,12,11,14,42,36,47,9117,6,26620,15,42,202906,Large,,,,,,
Texas,Mitchell,165,7.1,0.32,23,14,31,0.43,,,,11,9,15,13,16,41,33,50,568,6,1530,17,,9075,Small,,,,,,
Texas,Menard,,5.9,1.35,34,22,47,1.9,,,,,,13,12,14,38,34,43,135,6,440,23,,1958,Small,,,,,,
Texas,Knox,82,7.2,0.24,32,20,44,1.6,,,,13,13,13,12,15,40,34,46,221,6,560,17,,3302,Small,,,,,,
Texas,Fort Bend,7253,8.5,-0.87,10,8,12,-1.1,24,7,11,12,4,12,10,13,33,27,40,34618,6,92640,11,48,916778,Large,,,,,,
Texas,Dickens,,7,0.41,28,18,39,1.15,,,,26,6,13,11,14,37,29,46,144,6,280,18,,1711,Small,,,,,,
Texas,Grayson,2665,7.4,0.07,15,11,19,-0.52,16,17,38,19,11,12,10,13,37,30,45,7128,6,21570,16,38,146907,Large,,,,,,
Texas,Lampasas,432,7.3,0.15,17,11,24,-0.24,,,,13,5,12,10,14,38,31,46,1160,6,3550,16,47,23262,Small,,,,,,
Texas,Atascosa,921,7.3,0.15,23,15,30,0.44,,,9,20,10,15,13,17,43,35,51,2618,6,8050,16,58,51784,Small,,,,,,
Texas,Sutton,74,6.9,0.49,19,12,26,-0.03,,,,,,16,14,18,42,33,50,239,6,610,18,,3221,Small,,,,,,
Texas,Harris,57654,7.3,0.15,22,21,24,0.42,28,12,30,28,8,15,13,16,35,31,39,236351,6,776960,16,53,4835125,Large,,,,,,
Texas,Jackson,264,7.5,-0.02,19,12,26,0.02,,,,23,12,13,12,15,40,31,48,810,6,2360,16,14,15221,Small,,,,,,
Texas,Parker,2267,7.9,-0.36,9,6,12,-1.2,19,11,45,13,7,10,9,11,37,32,42,6728,6,20500,14,52,173494,Large,,,,,,
Texas,Karnes,246,6.9,0.49,27,18,35,0.92,,,,45,9,15,13,17,41,32,50,843,6,2690,18,39,15018,Small,,,,,,
Texas,Jasper,876,6.6,0.75,24,15,33,0.57,,,58,21,22,13,12,15,41,33,49,2010,6,6480,20,61,32694,Small,,,,,,
Texas,Fayette,454,7.6,-0.1,13,8,19,-0.72,,,49,10,4,11,10,13,36,29,44,1374,6,3680,15,31,25474,Small,,,,,,
Texas,Bastrop,1480,7.7,-0.19,16,11,22,-0.35,11,,17,25,6,12,11,14,40,33,47,4125,6,14580,15,51,110778,Large,,,,,,
Texas,Sabine,299,6.3,1.01,30,19,42,1.41,,,16,40,15,12,11,14,39,30,47,601,6,2090,21,28,10106,Small,,,,,,
Texas,Donley,82,7.7,-0.19,26,16,35,0.83,,,,,,12,10,14,37,29,46,203,6,490,15,44,3214,Small,,,,,,
Texas,Shackelford,,7.6,-0.1,19,12,26,-0.01,,,,41,12,11,9,12,38,30,47,182,5,480,15,,3229,Small,,,,,,
Texas,Hood,1193,7.8,-0.27,12,7,17,-0.88,,,,11,9,9,8,11,34,28,39,2753,5,8980,14,68,67774,Small,,,,,,
Texas,Burleson,397,7.6,-0.1,21,13,29,0.26,,,12,27,9,12,11,14,38,31,47,923,5,2710,15,31,19475,Small,,,,,,
Texas,Yoakum,128,7.5,-0.02,17,11,23,-0.25,,,,23,9,16,14,18,41,33,50,423,5,1210,16,,7468,Small,,,,,,
Texas,Travis,11382,7.7,-0.19,12,9,15,-0.87,32,9,17,22,5,12,10,13,29,26,33,54184,5,187990,15,49,1334961,Large,,,,,,
Texas,Carson,121,8.1,-0.53,13,8,17,-0.77,,,,20,9,10,9,12,34,27,43,326,5,750,13,,5878,Small,,,,,,
Texas,Garza,104,7,0.41,27,17,37,0.96,,,,43,12,15,14,17,41,33,50,340,5,1040,18,64,4517,Small,,,,,,
Texas,Kerr,969,7.3,0.15,19,12,26,0.05,,,,18,8,12,11,14,35,28,43,2606,5,8760,17,51,53915,Small,,,,,,
Texas,Falls,328,7.2,0.24,25,15,35,0.74,,,21,13,19,15,13,17,43,34,51,919,5,2900,17,59,17286,Small,,,,,,
Texas,Midland,2211,7.8,-0.27,14,10,18,-0.64,,19,25,16,5,12,11,14,38,31,46,6977,5,24540,15,45,177108,Large,,,,,,
Texas,Polk,1447,6.7,0.66,30,23,37,1.36,35,,69,32,26,14,13,16,40,36,45,2284,5,9840,20,52,54186,Small,,,,,,
Texas,Camp,337,6.9,0.49,26,17,35,0.91,,,48,37,21,14,12,16,40,32,48,613,5,2320,19,21,13000,Small,,,,,,
Texas,Archer,128,7.5,-0.02,13,8,17,-0.79,,,,18,11,10,9,12,36,28,45,446,5,1390,16,,9029,Small,,,,,,
Texas,Stonewall,,7.9,-0.36,22,14,31,0.42,,,,,,12,11,13,39,34,43,72,5,190,14,,1218,Small,,,,,,
Texas,Harrison,1323,7.3,0.15,23,18,29,0.52,19,,38,42,11,13,11,15,40,32,48,3174,5,11720,17,46,70895,Small,,,,,,
Texas,Wharton,818,7.3,0.15,21,13,29,0.28,,,39,14,5,14,12,16,41,33,50,1974,5,6990,17,37,41739,Small,,,,,,
Texas,Denton,7670,8.3,-0.7,6,4,8,-1.62,30,3,16,11,5,10,9,11,31,26,35,31443,5,114180,13,42,1007703,Large,,,,,,
Texas,Montague,520,7.2,0.24,18,11,24,-0.19,,,,8,19,11,10,13,37,29,46,889,5,3490,17,,21598,Small,,,,,,
Texas,Floyd,119,6.9,0.49,32,20,44,1.59,,,12,19,,16,14,18,41,34,49,289,4,1010,19,46,5090,Small,,,,,,
Texas,Castro,116,7.7,-0.19,22,14,29,0.33,,,,13,9,15,13,16,40,32,49,361,4,1130,15,,7227,Small,,,,,,
Texas,Comal,2231,8,-0.44,9,6,12,-1.23,,,10,10,3,10,9,11,39,33,45,4851,4,22720,14,38,193928,Large,,,,,,
Texas,Lavaca,341,7.8,-0.27,16,10,22,-0.35,,,,19,5,12,10,13,38,30,46,824,4,3000,15,44,20571,Small,,,,,,
Texas,Culberson,,6.5,0.83,34,21,46,1.8,,,,,,17,15,18,43,39,47,102,4,460,21,,2196,Small,,,,,,
Texas,Liberty,1853,7,0.41,20,13,28,0.17,,,44,27,10,14,12,16,40,32,48,3138,4,17230,18,43,108272,Large,,,,,,
Texas,Chambers,649,7.6,-0.1,10,6,14,-1.08,,,62,26,9,12,10,14,39,31,47,1451,4,7320,16,17,53876,Small,,,,,,
Texas,Medina,854,7.6,-0.1,18,12,24,-0.09,,,,22,12,13,12,15,40,33,48,1863,4,8160,16,62,54797,Small,,,,,,
Texas,Crane,79,8.6,-0.96,16,10,21,-0.39,,,,6,82,15,14,16,40,36,45,171,4,530,12,,4574,Small,,,,,,
Texas,Fisher,92,7.5,-0.02,21,13,28,0.2,,,,20,7,12,12,13,38,34,42,146,4,600,16,24,3612,Small,,,,,,
Texas,Hansford,69,8.1,-0.53,13,8,18,-0.72,,,,9,8,12,11,13,37,33,41,204,4,730,14,,5071,Small,,,,,,
Texas,Live Oak,220,6.9,0.49,24,15,32,0.55,,,,27,14,14,13,16,41,33,49,412,4,2180,19,,11584,Small,,,,,,
Texas,Kaufman,2258,8.2,-0.61,13,9,17,-0.69,15,11,25,13,8,12,11,14,38,31,45,3561,3,19920,13,46,185690,Large,,,,,,
Texas,Upshur,933,7.2,0.24,19,11,26,-0.05,,,28,17,14,13,11,14,41,32,49,1335,3,7360,18,36,43281,Small,,,,,,
Texas,Motley,,7.4,0.07,28,18,39,1.16,,,,,,11,10,12,37,32,41,40,3,210,17,,1020,Small,,,,,,
Texas,Rockwall,1084,8.8,-1.13,7,4,9,-1.55,13,7,11,5,3,10,8,11,35,28,42,2536,3,11730,11,37,131307,Large,,,,,,
Texas,San Jacinto,721,7,0.41,26,16,35,0.8,,,47,20,22,13,11,14,38,30,47,853,3,5190,19,37,28936,Small,,,,,,
Texas,Wise,1208,7.9,-0.36,12,8,16,-0.85,,9,,18,10,11,10,13,40,34,47,1900,3,10420,15,49,78097,Small,,,,,,
Texas,Gillespie,385,7.8,-0.27,13,8,18,-0.72,,,,10,9,11,9,12,34,26,42,778,3,4090,15,,27733,Small,,,,,,
Texas,Wheeler,127,7.1,0.32,21,13,29,0.23,,,,13,14,13,11,15,40,32,49,168,3,930,19,,4804,Small,,,,,,
Texas,Schleicher,,7.6,-0.1,22,14,31,0.39,,,,,,14,13,15,40,35,44,103,3,400,16,,2391,Small,,,,,,
Texas,Marion,294,7.3,0.15,33,22,45,1.76,,,45,,33,13,12,14,41,37,45,305,3,1720,18,32,9571,Small,,,,,,
Texas,Ochiltree,147,7.6,-0.1,15,9,21,-0.45,,,,20,17,14,13,15,39,34,44,294,3,1630,17,,9704,Small,,,,,,
Texas,Collingsworth,,7,0.41,32,22,41,1.58,,,,49,12,14,12,16,39,31,48,87,3,550,19,,2563,Small,,,,,,
Texas,Collin,8043,8.6,-0.96,7,5,8,-1.53,10,5,15,12,4,10,8,11,29,25,32,22214,3,130740,12,29,1195359,Large,,,,,,
Texas,Mason,82,8,-0.44,21,13,29,0.22,,,,,,11,9,12,36,28,45,112,3,570,14,,3931,Small,,,,,,
Texas,Hemphill,,7.9,-0.36,13,8,18,-0.69,,,,,,11,10,13,37,29,45,106,3,510,15,,3189,Small,,,,,,
Texas,Cooke,714,7.6,-0.1,19,13,25,-0.03,,,94,45,13,11,10,13,37,29,46,1040,3,6880,16,58,43782,Small,,,,,,
Texas,Ward,209,7.8,-0.27,19,12,25,-0.04,,,,26,9,15,13,16,41,33,49,281,3,1780,16,41,10966,Small,,,,,,
Texas,Scurry,313,7.7,-0.19,21,14,29,0.28,,,,14,6,14,12,16,39,31,48,428,3,2720,16,78,16212,Small,,,,,,
Texas,Hays,2310,8,-0.44,9,6,12,-1.23,,8,7,16,3,12,10,13,34,28,41,3848,2,36140,15,46,280486,Large,,,,,,
Texas,Randall,2036,8.2,-0.61,11,7,14,-1.03,3,13,33,9,9,10,9,12,34,27,41,2876,2,19680,14,42,148255,Large,,,,,,
Texas,Crosby,146,6.5,0.83,33,20,46,1.73,,,,35,34,15,14,17,41,33,50,141,2,1120,22,35,4917,Small,,,,,,
Texas,Crockett,76,7.9,-0.36,21,13,29,0.26,,,,,,14,12,16,39,30,47,84,2,450,15,,2858,Small,,,,,,
Texas,Austin,470,8,-0.44,18,12,24,-0.13,,,60,17,10,12,11,14,36,29,44,637,2,4560,15,28,31677,Small,,,,,,
Texas,Bailey,107,7.7,-0.19,23,15,32,0.54,,,,17,14,13,12,15,38,30,47,157,2,1110,16,,6672,Small,,,,,,
Texas,DeWitt,383,7.4,0.07,24,16,33,0.64,,,,25,18,14,12,15,41,33,50,437,2,3490,18,29,19929,Small,,,,,,
Texas,Delta,114,7.8,-0.27,23,14,31,0.43,,,15,20,21,11,10,13,37,29,45,104,2,850,16,59,5520,Small,,,,,,
Texas,Hill,887,7.6,-0.1,19,12,26,0.03,2,,30,25,15,13,11,14,37,30,45,662,2,6030,17,49,38101,Small,,,,,,
Texas,Wilson,792,8.2,-0.61,14,10,18,-0.64,,,,13,11,13,11,14,42,34,50,686,2,7150,14,29,54183,Small,,,,,,
Texas,Reagan,50,8.5,-0.87,14,9,20,-0.57,,,,,,14,13,17,39,31,49,51,2,420,13,,3141,Small,,,,,,
Texas,Baylor,102,7.5,-0.02,23,15,30,0.43,,,,,,11,9,12,36,28,44,54,1,620,18,,3463,Small,,,,,,
Texas,Winkler,153,8.2,-0.61,18,11,24,-0.18,,,,13,24,14,13,15,40,36,43,102,1,1100,15,46,7414,Small,,,,,,
Texas,Gaines,295,8,-0.44,19,12,27,0.03,,,,7,4,14,12,16,40,32,49,241,1,3340,16,67,22523,Small,,,,,,
Texas,Kendall,518,8.6,-0.96,9,5,12,-1.26,,,,15,5,10,8,11,33,25,41,425,1,5750,13,63,50537,Small,,,,,,
Texas,Blanco,213,8.2,-0.61,13,8,19,-0.69,,,,16,12,11,9,12,35,27,43,100,1,1700,15,,13048,Small,,,,,,
Texas,Morris,314,7.4,0.07,31,21,40,1.42,,,39,16,16,13,11,15,41,32,50,112,1,2200,18,17,12066,Small,,,,,,
Texas,Somervell,159,8.5,-0.87,13,8,17,-0.78,,,,5,4,10,8,11,33,26,41,0,0,1280,14,,9888,Small,,,,,,
Texas,Rains,285,,0.72,21,13,28,0.22,,,,28,18,11,10,13,38,30,46,,,2040,17,41,12986,Small,,,,,,
Utah,Piute,,2.3,,24,15,34,,,,,,,12,11,14,36,28,44,744,48,340,19,,1550,Small,,,,,,
Utah,Rich,,5,,11,7,16,,,,,,,9,8,11,33,26,41,783,35,340,13,,2670,Small,,,,,,
Utah,San Juan,265,4,2.97,23,14,31,0.47,30,,,5,6,14,12,15,37,31,44,4443,30,2880,20,,14358,Small,,,,,,
Utah,Garfield,68,5.4,1.77,15,9,21,-0.51,,,,7,5,10,9,11,36,29,45,1118,22,910,18,,5314,Small,,,,,,
Utah,Iron,589,6.6,0.75,14,9,19,-0.64,4,,,30,10,10,8,11,33,28,39,8119,18,8020,14,75,64211,Small,,,,,,
Utah,Wayne,,6.9,0.49,17,10,23,-0.3,,,,,,10,8,11,33,26,41,440,16,350,14,,2614,Small,,,,,,
Utah,Daggett,,6.9,,8,5,11,,,,,,,10,8,11,34,26,42,163,15,90,14,,992,Small,,,,,,
Utah,Kane,117,6.6,0.75,13,8,18,-0.76,,,,,,9,8,11,36,29,44,1024,14,1220,16,,8425,Small,,,,,,
Utah,Juab,124,7.4,0.07,10,6,14,-1.1,,,,22,9,9,8,11,34,28,42,1334,13,1490,12,,13023,Small,,,,,,
Utah,Emery,165,7,0.41,14,9,18,-0.67,,,,33,14,10,9,12,35,28,42,1263,12,1470,15,,10144,Small,,,,,,
Utah,Washington,2040,7.5,-0.02,13,10,16,-0.78,70,43,,20,10,9,8,10,29,25,34,14648,11,23740,13,73,202452,Large,,,,,,
Utah,Carbon,376,6.7,0.66,17,11,23,-0.26,,,,29,18,11,9,12,35,29,41,1934,9,3550,18,61,20609,Small,,,,,,
Utah,Cache,842,7.7,-0.19,8,6,10,-1.32,,27,18,33,8,10,8,11,35,30,40,9608,9,17560,13,80,142393,Large,,,,,,
Utah,Uintah,507,7.4,0.07,13,8,17,-0.78,12,,,12,8,10,9,12,35,29,41,2698,8,5260,15,,37747,Small,,,,,,
Utah,Utah,4226,8.1,-0.53,8,6,9,-1.42,7,16,24,12,6,9,8,10,31,27,34,42415,8,77380,12,79,719174,Large,,,,,,
Utah,Sanpete,339,7.6,-0.1,14,9,19,-0.63,,,,34,18,10,9,12,33,27,39,2267,8,4020,14,,30277,Small,,,,,,
Utah,Wasatch,248,8.5,-0.87,6,4,8,-1.65,,,,17,4,8,7,9,26,21,31,1608,7,3670,11,,37144,Small,,,,,,
Utah,Tooele,756,8.5,-0.87,8,5,10,-1.4,,,,8,4,10,9,11,39,34,44,3961,7,7910,11,75,82051,Small,,,,,,
Utah,Duchesne,265,7.5,-0.02,14,9,18,-0.68,47,9,,32,15,10,9,12,33,27,39,1250,7,2970,15,,20477,Small,,,,,,
Utah,Summit,302,8.8,-1.13,5,3,7,-1.74,,,,5,4,8,7,9,23,19,28,2061,6,4080,10,78,42759,Small,,,,,,
Utah,Weber,3060,8.2,-0.61,10,7,12,-1.18,19,18,35,12,7,10,9,11,34,31,39,12957,6,32300,12,56,271926,Large,,,,,,
Utah,Box Elder,619,8.2,-0.61,9,6,12,-1.24,,,,23,6,9,8,11,32,26,38,2552,5,7280,13,,62684,Small,,,,,,
Utah,Millard,174,8,-0.44,13,8,19,-0.71,,,,33,7,10,9,12,35,28,43,629,5,1770,14,,13437,Small,,,,,,
Utah,Davis,2855,8.6,-0.96,6,4,7,-1.63,3,13,17,13,7,9,8,11,30,26,34,14213,5,39460,11,61,373207,Large,,,,,,
Utah,Beaver,102,8.3,-0.7,14,9,19,-0.62,,,,34,1,9,8,11,33,26,40,280,4,880,12,,7233,Small,,,,,,
Utah,Salt Lake,11317,8.6,-0.96,11,9,12,-1.04,17,14,28,15,5,9,8,10,33,30,36,26989,3,143860,12,63,1185813,Large,,,,,,
Utah,Grand,135,7.7,-0.19,15,9,21,-0.48,,,,29,16,10,9,12,31,24,38,230,2,1560,16,,9706,Small,,,,,,
Utah,Sevier,271,8.3,-0.7,14,9,19,-0.61,,,,6,11,10,8,11,35,29,42,275,1,3040,14,,22344,Small,,,,,,
Utah,Morgan,81,9.7,-1.89,4,3,6,-1.81,,,,5,1,8,7,10,32,25,39,5,0,1020,8,,13000,Small,,,,,,
Vermont,Essex,110,7.3,0.15,19,10,28,0.01,,,,,,8,7,9,33,26,40,632,10,870,15,,6010,Small,,,,,,
Vermont,Washington,766,8.4,-0.79,8,4,12,-1.35,,,,2,11,7,6,8,27,23,31,3531,6,6850,12,64,60142,Small,,,,,,
Vermont,Rutland,1088,8.2,-0.61,12,7,18,-0.82,,,,9,11,7,6,8,31,26,36,3030,5,7820,13,65,60271,Small,,,,,,
Vermont,Orleans,489,8.3,-0.7,18,11,24,-0.18,,,,10,14,8,7,9,33,28,38,1089,4,3500,13,59,27516,Small,,,,,,
Vermont,Windham,669,8.3,-0.7,11,5,17,-0.98,,71,,23,11,6,6,7,26,22,30,1645,4,5960,13,61,45966,Small,,,,,,
Vermont,Orange,403,8.7,-1.04,11,6,17,-0.94,,,,10,12,7,6,7,27,23,31,1004,3,3250,11,,29943,Small,,,,,,
Vermont,Bennington,612,8.4,-0.79,14,8,21,-0.58,,,,55,14,7,6,8,28,24,33,1034,3,4790,13,,37183,Small,,,,,,
Vermont,Chittenden,1582,8.9,-1.21,6,3,9,-1.58,,14,37,9,6,7,6,8,25,21,28,3911,2,17690,11,47,169481,Large,,,,,,
Vermont,Franklin,685,8.8,-1.13,11,7,15,-1.03,83,,,10,9,7,6,8,31,27,36,898,2,5790,12,,50994,Small,,,,,,
Vermont,Caledonia,486,8.5,-0.87,16,10,22,-0.37,,,,6,17,8,7,9,30,25,35,522,2,3880,13,55,30610,Small,,,,,,
Vermont,Addison,430,9.1,-1.38,9,5,13,-1.29,,,22,7,7,6,5,7,26,23,31,558,2,3860,10,40,37720,Small,,,,,,
Vermont,Windsor,852,9,-1.3,10,6,14,-1.11,,,,26,7,6,6,7,26,22,30,656,1,6370,11,71,58101,Small,,,,,,
Vermont,Grand Isle,105,9.4,-1.64,12,6,18,-0.85,,,,,,7,6,8,27,21,33,31,0,700,10,,7467,Small,,,,,,
Vermont,Lamoille,322,9.1,-1.38,11,6,16,-0.98,,,25,3,7,7,6,8,25,21,30,71,0,2860,11,53,26060,Small,,,,,,
Virginia,Buena Vista City,151,2.4,3,18,11,25,-0.09,,,,,,13,11,14,40,32,49,3321,50,1180,18,,6566,Small,,,,,,
Virginia,Highland,,5.1,2.03,21,13,29,0.24,,,,,,10,8,11,34,27,42,800,34,290,13,,2339,Small,,,,,,
Virginia,Franklin City,268,5.6,1.6,31,19,43,1.48,,,,,,15,13,18,47,37,58,2354,27,1130,14,72,8339,Small,,,,,,
Virginia,Petersburg City,1222,5.4,1.77,32,18,45,1.54,,,32,37,2,17,15,19,47,39,55,8676,27,5060,15,29,33309,Small,,,,,,
Virginia,Nottoway,336,6.3,1.01,23,14,33,0.53,,,41,13,4,15,13,17,44,36,53,3451,22,2070,13,26,15566,Small,,,,,,
Virginia,Cumberland,187,7.4,0.07,22,13,31,0.37,,,,13,3,12,11,14,39,31,47,1957,19,900,9,17,9878,Small,,,,,,
Virginia,Norton City,131,4.8,2.28,30,18,41,1.32,,,,,,13,12,15,42,34,51,715,18,810,22,,3492,Small,,,,,,
Virginia,Essex,229,6.9,0.49,21,13,29,0.22,,,42,11,18,15,13,17,39,32,47,1849,17,1410,13,38,10598,Small,,,,,,
Virginia,Radford City,192,6.1,1.18,18,12,24,-0.14,,,82,,16,12,11,14,38,30,47,2690,16,2760,17,31,16971,Small,,,,,,
Virginia,Charlotte,268,6.5,0.83,32,23,41,1.63,,,36,88,29,14,12,16,41,33,49,1838,15,1820,16,12,11336,Small,,,,,,
Virginia,Henry,1362,6.8,0.58,25,18,32,0.73,,,24,17,20,14,12,16,43,37,51,7825,14,7330,14,22,49702,Small,,,,,,
Virginia,Hopewell City,642,6.7,0.66,33,22,43,1.67,,,47,28,26,16,14,18,46,38,54,3263,14,3440,15,19,22752,Small,,,,,,
Virginia,Martinsville City,480,6.3,1.01,30,18,41,1.31,,,25,34,18,16,14,18,45,36,53,1962,14,2320,17,30,13763,Small,,,,,,
Virginia,Bristol City,432,6.4,0.92,31,21,41,1.48,,,46,51,19,12,11,14,41,34,49,2468,14,2830,17,30,16807,Small,,,,,,
Virginia,Sussex,271,7.8,-0.27,28,17,38,1.05,,,13,,33,15,13,17,44,36,52,1667,14,1140,11,29,10757,Small,,,,,,
Virginia,Botetourt,538,8.2,-0.61,8,5,11,-1.41,,,,,,10,9,12,36,28,44,3596,11,3370,10,25,34125,Small,,,,,,
Virginia,Covington City,178,7.4,0.07,25,16,34,0.74,,,,,,12,10,14,39,31,48,646,11,780,14,50,5545,Small,,,,,,
Virginia,Bath,95,6.6,0.75,15,9,21,-0.48,,,,,,13,11,15,41,32,50,496,10,730,18,,4051,Small,,,,,,
Virginia,Halifax,844,7.6,-0.1,27,21,34,1.02,,,42,23,19,14,13,16,43,36,51,3751,10,4360,13,31,33432,Small,,,,,,
Virginia,Manassas Park City,,8.4,-0.79,14,8,19,-0.67,69,,,15,11,14,12,16,37,30,46,1452,10,1580,9,39,16361,Small,,,,,,
Virginia,Brunswick,403,7.9,-0.36,27,17,37,0.95,,,37,,6,15,14,17,45,38,53,1755,10,1870,12,29,15749,Small,,,,,,
Virginia,Orange,642,7.8,-0.27,12,7,17,-0.85,,,39,7,18,11,10,13,37,30,44,3332,10,4440,12,31,38574,Small,,,,,,
Virginia,Mecklenburg,724,7.4,0.07,21,12,29,0.22,,,36,43,12,13,12,15,41,34,49,3125,10,4350,14,28,30648,Small,,,,,,
Virginia,Floyd,292,8.1,-0.53,15,9,21,-0.47,,,,12,8,10,9,12,37,30,44,1436,9,1700,11,57,15679,Small,,,,,,
Virginia,Grayson,352,7.2,0.24,23,14,32,0.49,,,58,4,25,13,12,15,42,35,50,1405,9,2390,16,33,15285,Small,,,,,,
Virginia,James City,878,8.5,-0.87,8,5,11,-1.31,,7,12,21,3,10,9,11,34,28,40,5816,9,7580,10,39,82654,Small,,,,,,
Virginia,Wise,1029,6.5,0.83,20,11,29,0.12,,,,11,21,13,11,15,42,35,49,3538,9,6690,19,72,35174,Small,,,,,,
Virginia,Tazewell,1155,7,0.41,27,20,34,1.02,,,41,62,27,12,11,14,41,34,48,3734,8,6640,17,71,39120,Small,,,,,,
Virginia,Dinwiddie,561,8.3,-0.7,17,11,23,-0.22,,,24,,10,13,11,14,38,31,46,2309,8,2940,11,22,28343,Small,,,,,,
Virginia,Chesterfield,4464,8.8,-1.13,9,6,11,-1.3,18,10,12,18,4,11,10,12,38,34,42,25904,8,31070,9,40,383876,Large,,,,,,
Virginia,Norfolk City,4052,7.7,-0.19,25,19,31,0.76,57,16,39,26,8,14,12,16,40,35,45,19766,8,31480,13,53,230930,Large,,,,,,
Virginia,Lynchburg City,1257,7.7,-0.19,23,15,30,0.43,,6,38,22,9,12,11,14,40,33,46,6067,8,10760,14,37,79535,Small,,,,,,
Virginia,Waynesboro City,447,7.4,0.07,19,12,26,0,,,25,31,14,12,10,13,38,30,46,1671,8,3280,15,26,23182,Small,,,,,,
Virginia,Franklin,1049,7.9,-0.36,16,10,21,-0.39,,,18,16,18,11,10,12,34,27,40,4462,8,6960,13,47,55549,Small,,,,,,
Virginia,Alleghany,362,7.7,-0.19,19,12,27,0.05,,,9,,12,11,10,13,41,33,49,1283,8,2070,14,38,14595,Small,,,,,,
Virginia,Poquoson City,147,8.6,-0.96,7,4,9,-1.53,,,,44,9,9,8,10,33,26,41,954,8,1170,9,,12635,Small,,,,,,
Virginia,Surry,142,8.4,-0.79,20,12,27,0.08,,,47,,10,13,11,15,39,32,48,552,8,690,11,2,6593,Small,,,,,,
Virginia,Augusta,1199,8.4,-0.79,10,7,14,-1.08,,,43,34,9,10,9,12,38,31,44,5535,8,8400,11,46,78247,Small,,,,,,
Virginia,Rockbridge,402,8.1,-0.53,15,9,21,-0.51,,,,3,11,11,9,12,32,25,39,1627,7,2700,12,53,22358,Small,,,,,,
Virginia,Roanoke City,2494,7.7,-0.19,26,18,35,0.9,,25,35,49,15,13,12,15,36,31,42,7060,7,13830,14,59,97171,Small,,,,,,
Virginia,Newport News City,3036,8,-0.44,23,16,29,0.43,,7,30,21,8,13,12,15,41,35,46,12910,7,22940,12,37,183118,Large,,,,,,
Virginia,Danville City,1235,7.1,0.32,29,18,40,1.25,,4,39,66,27,16,15,19,46,38,54,3048,7,7080,17,28,41837,Small,,,,,,
Virginia,Hampton City,2362,8.3,-0.7,19,12,25,-0.04,,1,27,15,13,13,12,15,42,37,48,9628,7,15450,11,35,137098,Large,,,,,,
Virginia,Prince George,479,8.7,-1.04,11,7,16,-0.94,,,14,5,9,13,12,15,41,34,48,2482,7,3970,9,25,42871,Small,,,,,,
Virginia,Greene,268,8.4,-0.79,12,7,16,-0.93,,,34,22,9,11,9,12,37,29,45,1200,7,2320,11,11,21301,Small,,,,,,
Virginia,Richmond City,4066,7.9,-0.36,28,20,35,1.05,,63,39,26,7,14,12,16,36,31,41,13314,7,30570,14,58,229247,Large,,,,,,
Virginia,Amelia,287,8.5,-0.87,14,9,20,-0.61,,,,,,12,11,14,43,35,51,781,6,1440,11,18,13480,Small,,,,,,
Virginia,Pittsylvania,1220,7.8,-0.27,17,10,23,-0.29,,,37,6,14,14,12,16,44,38,50,3762,6,8480,14,21,59571,Small,,,,,,
Virginia,Portsmouth City,2214,8.2,-0.61,25,16,34,0.74,25,,29,40,10,15,13,17,45,39,51,5633,6,11900,12,48,96793,Small,,,,,,
Virginia,Scott,522,7,0.41,23,15,30,0.43,,,,32,19,12,11,14,39,32,47,1322,6,3820,18,57,21433,Small,,,,,,
Virginia,Williamsburg City,166,8.4,-0.79,21,13,29,0.2,,,,,,12,10,14,38,30,46,794,6,1800,12,29,15847,Small,,,,,,
Virginia,Warren,728,8.2,-0.61,10,6,15,-1.06,,,9,12,19,11,10,13,38,31,46,2031,5,5080,13,47,41843,Small,,,,,,
Virginia,Bland,137,8.2,-0.61,16,9,22,-0.43,,,,,,11,9,12,40,31,48,355,5,780,13,,6179,Small,,,,,,
Virginia,Colonial Heights City,417,8.3,-0.7,15,10,21,-0.45,,42,16,4,10,11,10,13,39,32,48,903,5,2180,12,35,18393,Small,,,,,,
Virginia,Rappahannock,114,8.6,-0.96,14,9,20,-0.6,,,70,,14,11,9,12,36,29,44,378,5,790,11,8,7414,Small,,,,,,
Virginia,Prince Edward,366,7.9,-0.36,29,20,37,1.17,,,50,,14,14,12,16,43,35,51,1198,5,3050,14,25,22049,Small,,,,,,
Virginia,Southampton,360,8.9,-1.21,18,11,25,-0.16,,,18,,5,12,11,14,42,35,50,947,5,1740,10,20,17975,Small,,,,,,
Virginia,Buckingham,336,8.3,-0.7,23,14,31,0.44,,,39,,8,14,12,16,41,33,50,859,5,2100,12,24,16978,Small,,,,,,
Virginia,Spotsylvania,1792,9.1,-1.38,9,6,13,-1.19,2,19,18,13,7,12,10,13,38,32,45,6095,5,12450,9,25,149588,Large,,,,,,
Virginia,King and Queen,157,8.1,-0.53,18,12,25,-0.08,,,79,,29,13,12,15,42,34,50,346,5,880,13,20,6720,Small,,,,,,
Virginia,Frederick,1218,8.8,-1.13,8,5,12,-1.32,,11,7,21,6,11,10,13,38,31,45,3895,5,8980,10,28,95994,Small,,,,,,
Virginia,Chesapeake City,3310,9.1,-1.38,12,9,16,-0.83,7,10,27,10,5,12,11,14,41,36,46,10875,5,21360,9,45,253886,Large,,,,,,
Virginia,Salem City,533,8.4,-0.79,13,9,17,-0.76,,,31,35,14,10,9,12,35,28,43,1180,5,2970,12,41,25600,Small,,,,,,
Virginia,Henrico,4471,9,-1.3,12,9,16,-0.83,,2,21,28,5,11,10,13,35,30,40,14506,5,31130,9,56,334760,Large,,,,,,
Virginia,Isle of Wight,630,8.8,-1.13,10,6,14,-1.15,,,30,13,3,12,10,13,39,32,46,1575,4,3980,10,20,40711,Small,,,,,,
Virginia,Wythe,710,7.5,-0.02,19,13,26,0.05,,,,30,21,11,9,12,38,31,46,1298,4,4490,16,55,28104,Small,,,,,,
Virginia,Montgomery,990,8.1,-0.53,13,9,17,-0.78,,3,33,35,11,11,10,13,36,30,42,4157,4,13460,14,41,98666,Small,,,,,,
Virginia,Winchester City,488,7.6,-0.1,22,15,28,0.36,,45,19,33,22,12,11,14,38,30,46,1144,4,4380,16,18,27617,Small,,,,,,
Virginia,Stafford,1463,9.5,-1.72,7,4,10,-1.5,,5,7,16,2,11,10,13,37,31,44,5580,4,11520,7,30,165428,Large,,,,,,
Virginia,Charlottesville City,496,8,-0.44,18,12,24,-0.14,,49,59,30,7,12,11,14,35,29,43,1733,4,6540,14,44,44983,Small,,,,,,
Virginia,Hanover,1463,9.3,-1.55,6,4,8,-1.63,,,21,14,4,10,9,12,38,32,44,3967,4,9240,8,27,114148,Large,,,,,,
Virginia,Pulaski,824,7.9,-0.36,23,18,29,0.54,,,,,,11,9,12,36,29,43,1361,4,4910,15,50,33655,Small,,,,,,
Virginia,Suffolk City,1509,9.2,-1.47,15,10,20,-0.51,,4,24,13,5,12,11,14,42,35,48,3275,4,8200,9,39,100659,Large,,,,,,
Virginia,Amherst,591,8.5,-0.87,16,10,22,-0.35,,,13,55,9,12,10,14,36,29,44,1251,4,3710,12,30,31396,Small,,,,,,
Virginia,Prince William,4045,9.4,-1.64,8,6,11,-1.32,15,10,5,14,3,12,10,13,33,29,38,15339,4,37000,8,43,489640,Large,,,,,,
Virginia,Fredericksburg City,397,7.9,-0.36,19,12,27,0.05,,2,54,8,26,13,11,15,38,31,46,921,4,4110,15,19,28928,Small,,,,,,
Virginia,Galax City,230,7.5,-0.02,29,18,40,1.22,,,81,34,23,14,12,16,41,33,50,266,4,1090,16,21,6717,Small,,,,,,
Virginia,Craig,108,8.5,-0.87,19,12,26,0,,,,,,11,9,12,36,28,45,187,4,590,12,,4843,Small,,,,,,
Virginia,Albemarle,1016,9,-1.3,9,6,12,-1.27,,1,16,13,6,9,8,11,32,26,37,3490,4,10930,10,42,115676,Large,,,,,,
Virginia,Roanoke,1388,8.9,-1.21,8,5,11,-1.34,,1,20,7,6,10,8,11,34,28,42,3139,3,9910,10,39,97026,Small,,,,,,
Virginia,Shenandoah,744,8.2,-0.61,12,8,17,-0.83,,,72,24,19,11,10,13,38,31,45,1343,3,6020,14,53,45228,Small,,,,,,
Virginia,Fluvanna,349,9.4,-1.64,9,6,13,-1.2,,68,,26,10,11,9,12,39,31,47,811,3,2260,8,29,28462,Small,,,,,,
Virginia,Patrick,444,8.1,-0.53,19,12,27,0.03,,,17,,8,12,10,14,41,33,49,581,3,2470,14,29,17509,Small,,,,,,
Virginia,Culpeper,745,9.1,-1.38,12,7,16,-0.88,,,,19,8,12,10,13,38,31,46,1345,3,5190,10,37,54973,Small,,,,,,
Virginia,King William,295,9.2,-1.47,9,5,12,-1.29,,,30,36,4,12,10,14,39,31,46,456,3,1650,9,12,19030,Small,,,,,,
Virginia,York,700,9.3,-1.55,7,4,9,-1.52,,9,11,7,4,10,9,11,34,27,40,1862,3,6230,9,26,70952,Small,,,,,,
Virginia,Rockingham,1150,8.8,-1.13,12,8,15,-0.89,,17,25,25,8,10,9,12,35,29,41,2120,3,9050,11,48,86568,Small,,,,,,
Virginia,Virginia Beach City,5256,9.1,-1.38,11,8,14,-0.97,,8,25,13,7,11,10,12,33,29,37,11181,3,45240,10,41,453649,Large,,,,,,
Virginia,Richmond,159,9,-1.3,22,13,30,0.36,,,5,,2,14,12,16,39,32,45,220,2,920,10,7,9184,Small,,,,,,
Virginia,Goochland,334,9.5,-1.72,8,5,11,-1.34,,,4,,4,10,8,11,32,25,39,516,2,1990,8,20,27197,Small,,,,,,
Virginia,Campbell,958,8.8,-1.13,18,13,23,-0.15,,,16,11,12,11,10,13,43,35,50,1224,2,6210,11,23,55270,Small,,,,,,
Virginia,Lancaster,236,8.5,-0.87,22,13,30,0.33,,,26,,12,12,11,14,41,33,48,243,2,1370,13,20,10859,Small,,,,,,
Virginia,King George,347,9.4,-1.64,8,5,10,-1.42,,,,16,7,11,10,12,35,28,43,501,2,2330,9,17,28568,Small,,,,,,
Virginia,Nelson,293,8.6,-0.96,18,11,25,-0.15,,,8,34,6,11,9,12,35,27,43,317,2,1810,12,25,14705,Small,,,,,,
Virginia,Northumberland,254,8.7,-1.04,23,13,32,0.45,,8,,,29,12,10,13,39,32,46,259,2,1440,12,28,12391,Small,,,,,,
Virginia,Appomattox,256,8.6,-0.96,16,10,22,-0.4,,,45,52,5,12,11,14,42,35,51,306,2,1970,12,8,16864,Small,,,,,,
Virginia,Manassas City,501,9.6,-1.81,19,14,24,-0.01,,,15,11,5,12,11,14,35,28,43,686,2,3400,8,9,42696,Small,,,,,,
Virginia,Emporia City,169,8.2,-0.61,33,20,46,1.78,,,15,,22,17,15,19,47,39,56,104,2,800,14,53,5463,Small,,,,,,
Virginia,Carroll,680,8.1,-0.53,22,15,29,0.39,,,,34,23,11,10,13,39,32,46,511,2,4260,15,,29239,Small,,,,,,
Virginia,Lexington City,59,8.1,-0.53,11,7,15,-1,,,,,,10,9,12,35,27,44,118,2,1090,15,8,7528,Small,,,,,,
Virginia,Fairfax City,314,9.2,-1.47,7,4,10,-1.47,,4,,16,6,11,10,13,32,26,39,359,2,2380,10,49,25144,Small,,,,,,
Virginia,Fairfax,7060,9.5,-1.72,7,6,9,-1.45,15,6,13,15,4,10,9,11,27,24,31,16977,2,96520,8,43,1141878,Large,,,,,,
Virginia,Gloucester,676,9,-1.3,11,7,15,-0.99,,,19,,9,10,9,12,37,30,43,575,2,4240,11,19,40057,Small,,,,,,
Virginia,Caroline,568,9.2,-1.47,12,7,17,-0.87,,,19,33,12,12,11,14,42,34,49,433,2,3070,10,28,32640,Small,,,,,,
Virginia,Washington,1169,8.2,-0.61,16,10,21,-0.41,,,35,16,13,11,9,13,37,31,44,822,1,7850,15,61,54050,Small,,,,,,
Virginia,Bedford,1327,9,-1.3,12,8,16,-0.85,,23,23,2,9,10,9,11,35,29,42,1105,1,8520,11,35,81525,Small,,,,,,
Virginia,Harrisonburg City,412,7.9,-0.36,17,10,24,-0.25,9,,47,24,12,14,12,16,40,33,49,721,1,8100,16,20,51082,Small,,,,,,
Virginia,Fauquier,865,9.5,-1.72,7,4,9,-1.53,,,5,28,3,10,8,11,33,27,40,753,1,6400,9,24,75165,Small,,,,,,
Virginia,Smyth,834,7.5,-0.02,20,12,27,0.06,,,10,35,19,12,11,14,41,33,48,370,1,5210,18,46,29216,Small,,,,,,
Virginia,Buchanan,689,6.6,0.75,26,16,37,0.91,,,,,,14,12,16,45,37,53,268,1,4390,22,,19087,Small,,,,,,
Virginia,Powhatan,444,9.7,-1.89,7,4,9,-1.52,,,,,,10,8,11,36,29,44,307,1,2350,8,37,32105,Small,,,,,,
Virginia,Loudoun,2243,9.9,-2.06,4,3,5,-1.86,7,2,12,11,2,10,9,11,29,25,33,3104,1,29220,7,30,436347,Large,,,,,,
Virginia,Russell,649,7.2,0.24,22,15,29,0.32,,,,,,12,11,14,39,32,47,284,1,4980,19,59,25477,Small,,,,,,
Virginia,Accomack,761,8.6,-0.96,24,15,33,0.63,,,25,35,13,14,12,15,44,37,51,298,1,4340,13,34,33239,Small,,,,,,
Virginia,Staunton City,470,8.6,-0.96,17,10,23,-0.31,,,48,51,10,11,10,13,40,32,48,195,1,3330,13,40,25915,Small,,,,,,
Virginia,Charles City,133,9.2,-1.47,18,10,25,-0.19,,,16,19,15,14,13,16,42,33,51,52,1,690,10,21,6610,Small,,,,,,
Virginia,Louisa,691,9,-1.3,13,9,18,-0.72,,,17,18,8,11,9,12,39,32,46,180,1,4300,11,29,41037,Small,,,,,,
Virginia,Giles,433,8.9,-1.21,15,9,21,-0.5,,,,21,8,11,9,12,37,29,45,62,0,1990,12,20,16457,Small,,,,,,
Virginia,Madison,208,9.2,-1.47,13,8,19,-0.71,,,7,17,7,11,9,12,37,29,45,39,0,1450,11,21,14128,Small,,,,,,
Virginia,Middlesex,276,9.1,-1.38,19,12,27,0.03,,,,,,12,11,13,40,37,46,30,0,1180,11,34,10924,Small,,,,,,
Virginia,Greensville,250,9.2,-1.47,27,17,37,0.97,,,17,,5,16,14,18,46,38,54,31,0,1170,10,17,11133,Small,,,,,,
Virginia,Arlington,1371,9.3,-1.55,8,5,11,-1.36,11,14,22,12,3,10,8,11,26,22,31,162,0,23390,10,51,234162,Large,,,,,,
Virginia,Clarke,216,9.4,-1.64,8,5,11,-1.37,,,36,33,5,10,8,11,34,27,42,8,0,1440,10,9,15466,Small,,,,,,
Virginia,Lunenburg,252,8.7,-1.04,23,14,32,0.52,,,37,31,6,14,13,16,43,35,51,2,0,1550,13,16,12038,Small,,,,,,
Virginia,Lee,625,6.8,0.58,29,19,38,1.17,,,,,,13,11,15,41,33,49,0,0,4710,21,,21745,Small,,,,,,
Virginia,Northampton,291,8.4,-0.79,27,17,37,0.99,,,48,45,9,13,11,15,42,34,50,0,0,1730,14,20,12021,Small,,,,,,
Virginia,Mathews,181,9,-1.3,15,9,20,-0.55,,,,,,10,9,12,33,26,41,0,0,950,11,35,8514,Small,,,,,,
Virginia,New Kent,339,10,-2.15,7,4,10,-1.5,,,12,,3,10,9,11,37,30,45,0,0,1620,7,24,26134,Small,,,,,,
Virginia,Dickenson,399,,-0.58,23,14,32,0.52,,,,,,12,11,14,43,35,51,,,2990,21,,13640,Small,,,,,,
Virginia,Falls Church City,139,,-0.58,4,2,6,-1.86,,,,,,9,7,10,30,23,38,,,1210,8,17,14685,Small,,,,,,
Virginia,Westmoreland,400,,-0.58,21,13,29,0.24,,,36,,15,14,12,15,42,34,49,,,2390,13,34,19013,Small,,,,,,
Virginia,Page,522,,-0.58,17,11,24,-0.22,,,,2,8,11,10,13,40,33,48,,,3310,14,55,23741,Small,,,,,,
Virginia,Alexandria City,1225,,-0.58,13,8,19,-0.69,17,26,20,17,5,10,9,12,30,24,36,,,15820,10,43,155230,Large,,,,,,
Virginia,Bedford City,,,,,,,,,,,,,,,,,,,,,,,,,Small,,,,,,
Washington,Ferry,188,4.9,2.2,29,18,40,1.25,40,,,21,12,11,9,12,36,30,43,1853,25,1350,19,,7497,Small,,,,,,
Washington,Adams,234,5.6,1.6,20,13,27,0.16,25,,,35,2,12,11,14,38,33,44,4350,23,3230,16,,20820,Small,,,,,,
Washington,Douglas,440,7.2,0.24,15,10,21,-0.45,9,,,10,8,10,9,11,38,32,44,5737,15,5400,13,59,44798,Small,,,,,,
Washington,Columbia,83,7,0.41,19,12,26,-0.05,,,,18,4,9,7,10,38,32,45,580,14,550,14,,4053,Small,,,,,,
Washington,Clallam,1381,7.1,0.32,16,10,22,-0.34,29,,,29,9,8,7,10,35,30,40,8997,13,10800,14,65,77616,Small,,,,,,
Washington,Stevens,836,7,0.41,18,11,24,-0.19,34,43,,15,16,9,8,10,32,28,37,5443,13,6900,15,70,48837,Small,,,,,,
Washington,Lincoln,191,7.2,0.24,14,9,20,-0.6,,,,35,17,9,8,10,35,30,40,1283,12,1540,14,,11738,Small,,,,,,
Washington,Grant,1346,7.2,0.24,18,13,23,-0.13,10,67,,24,8,11,10,13,42,37,47,9488,11,14400,15,67,102678,Large,,,,,,
Washington,Whitman,413,7.4,0.07,15,11,20,-0.48,,38,,2,7,11,10,12,31,27,36,4623,10,6530,14,47,48012,Small,,,,,,
Washington,Pend Oreille,333,7.1,0.32,22,13,30,0.33,19,,,34,14,9,8,10,33,28,39,1309,10,2090,15,,14361,Small,,,,,,
Washington,Kittitas,486,7.7,-0.19,13,8,17,-0.79,,,,17,15,9,7,10,31,26,36,3976,10,5700,13,64,45508,Small,,,,,,
Washington,Franklin,880,7.6,-0.1,15,11,19,-0.48,5,,50,21,6,12,10,13,40,34,46,6940,9,12930,13,69,99034,Small,,,,,,
Washington,Cowlitz,2139,7.4,0.07,17,12,21,-0.29,24,3,49,24,14,10,8,11,39,35,43,9085,9,15890,14,64,112864,Large,,,,,,
Washington,Kitsap,3263,8.2,-0.61,10,7,12,-1.15,16,9,17,14,9,8,7,9,31,28,35,19693,8,30890,11,50,277658,Large,,,,,,
Washington,Pierce,12116,8.3,-0.7,11,9,13,-0.94,15,14,16,14,8,9,8,10,36,33,39,58247,7,102530,11,48,928696,Large,,,,,,
Washington,Whatcom,2520,8,-0.44,12,9,16,-0.83,12,9,20,22,11,9,8,10,28,25,32,14367,7,28390,13,66,231919,Large,,,,,,
Washington,Thurston,3786,8.2,-0.61,10,8,13,-1.08,52,13,17,14,10,9,8,10,34,30,38,17435,7,34200,12,43,299003,Large,,,,,,
Washington,Skagit,1794,8,-0.44,13,8,17,-0.81,47,7,26,30,9,8,7,10,37,32,41,7894,7,16720,13,63,131417,Large,,,,,,
Washington,Jefferson,515,7.7,-0.19,17,10,23,-0.3,24,,,51,16,8,7,9,26,21,31,2000,7,4740,14,85,33714,Small,,,,,,
Washington,Lewis,1587,7.7,-0.19,17,12,22,-0.26,33,29,,32,12,10,8,11,41,36,46,4803,6,11770,14,75,86154,Small,,,,,,
Washington,Mason,1251,7.8,-0.27,18,11,24,-0.18,42,,,21,14,9,8,10,38,32,43,3667,6,9340,14,68,68389,Small,,,,,,
Washington,Yakima,3852,7.6,-0.1,21,17,26,0.26,27,7,11,25,10,12,11,13,42,38,46,13314,5,38570,15,70,256643,Large,,,,,,
Washington,Grays Harbor,1722,7.4,0.07,19,13,25,0.01,25,,,31,14,10,9,11,37,31,42,3947,5,12020,16,65,77290,Small,,,,,,
Washington,Okanogan,792,7.3,0.15,22,15,30,0.41,19,,,29,22,11,10,13,39,34,45,2213,5,6990,17,,43712,Small,,,,,,
Washington,Walla Walla,810,8.2,-0.61,17,12,22,-0.27,,,,24,7,10,8,11,33,28,38,3157,5,7860,13,55,61568,Small,,,,,,
Washington,Benton,2584,8.2,-0.61,13,9,17,-0.76,19,5,11,30,7,9,8,11,40,36,44,9158,5,25810,12,54,215219,Large,,,,,,
Washington,Island,1032,8.6,-0.96,10,7,14,-1.06,20,3,,1,8,8,7,9,34,29,39,4036,5,9460,11,55,86267,Small,,,,,,
Washington,Klickitat,374,7.9,-0.36,17,10,24,-0.25,,,,3,23,9,8,11,33,27,38,988,5,3200,14,,23589,Small,,,,,,
Washington,Asotin,414,7.8,-0.27,19,12,25,-0.06,79,,,11,17,9,8,10,35,30,40,998,5,3260,15,74,22549,Small,,,,,,
Washington,Chelan,910,8.2,-0.61,13,8,18,-0.74,,,,18,7,9,8,10,29,24,33,3330,5,10320,13,86,79997,Small,,,,,,
Washington,Spokane,7843,8.2,-0.61,13,10,15,-0.79,16,23,10,20,11,9,8,10,34,31,38,21372,5,70780,13,55,551455,Large,,,,,,
Washington,Wahkiakum,,7.7,-0.19,20,13,27,0.08,,,,,,9,8,10,40,34,47,176,4,670,15,,4765,Small,,,,,,
Washington,Pacific,526,7.7,-0.19,18,11,25,-0.13,17,,,20,9,10,9,11,37,31,43,821,4,3640,16,,24200,Small,,,,,,
Washington,Clark,5932,8.7,-1.04,8,6,11,-1.31,12,12,15,14,8,9,8,10,33,30,36,15368,4,56930,11,55,521150,Large,,,,,,
Washington,Garfield,,7.8,-0.27,18,11,24,-0.18,,,,,,9,8,11,37,30,44,80,4,350,15,,2363,Small,,,,,,
Washington,Snohomish,9044,9,-1.3,10,9,12,-1.08,10,6,15,15,7,9,9,10,33,30,36,23054,3,80340,10,51,844761,Large,,,,,,
Washington,King,20208,9.1,-1.38,10,9,12,-1.06,30,7,25,16,4,7,7,8,23,21,25,47436,2,219150,10,56,2271380,Large,,,,,,
Washington,Skamania,144,9,-1.3,16,10,21,-0.43,,,,9,8,9,7,10,36,30,42,113,1,1340,11,,12640,Small,,,,,,
Washington,San Juan,165,,-0.19,14,9,18,-0.68,,,,24,12,8,7,9,26,21,31,,,2020,11,,18566,Small,,,,,,
West Virginia,Gilmer,144,5.7,1.52,24,15,34,0.66,,,,,,13,12,15,40,32,49,2702,31,860,12,,7254,Small,,,,,,
West Virginia,Pendleton,126,6.5,0.83,21,12,29,0.23,,,,,,13,11,15,39,31,47,1567,20,810,13,52,6029,Small,,,,,,
West Virginia,Pocahontas,198,5.9,1.35,25,16,34,0.71,,,,,,14,12,16,44,36,52,1719,20,1280,16,,7765,Small,,,,,,
West Virginia,Monroe,309,6.6,0.75,21,13,28,0.18,,,,,,13,11,15,41,33,49,2528,19,1680,14,37,12382,Small,,,,,,
West Virginia,Hancock,695,6.7,0.66,17,11,24,-0.22,,,,64,19,13,11,14,45,38,52,5343,17,3980,14,63,28145,Small,,,,,,
West Virginia,Raleigh,2079,6.1,1.18,21,14,28,0.24,,,56,54,26,14,12,15,40,34,45,13405,17,12370,17,52,72356,Small,,,,,,
West Virginia,Wetzel,383,6.4,0.92,24,15,32,0.57,,,,,,13,11,15,37,30,45,2774,17,2240,16,,13890,Small,,,,,,
West Virginia,Calhoun,174,4.9,2.2,25,15,34,0.69,,,,,,15,13,17,45,36,53,1021,13,1480,24,,5959,Small,,,,,,
West Virginia,Roane,337,6.2,1.09,26,16,36,0.84,,,,26,30,14,12,16,40,33,47,1888,13,2540,18,,13743,Small,,,,,,
West Virginia,Mercer,1740,6.7,0.66,26,17,34,0.81,,,35,,19,13,11,14,43,36,49,7871,13,9570,16,52,58057,Small,,,,,,
West Virginia,Wayne,1012,7,0.41,22,14,29,0.31,,,,5,19,14,12,15,46,38,52,4600,11,5970,15,84,37686,Small,,,,,,
West Virginia,Berkeley,2460,8.2,-0.61,14,9,18,-0.68,,,39,17,12,12,11,14,40,35,46,11239,11,12620,10,31,132440,Large,,,,,,
West Virginia,Preston,683,7.7,-0.19,22,15,28,0.36,,,,37,15,13,12,15,41,34,48,3396,10,4300,13,,34099,Small,,,,,,
West Virginia,Hampshire,525,7.2,0.24,19,12,27,0.05,,,,,,13,12,15,42,35,50,2371,10,3470,15,,23649,Small,,,,,,
West Virginia,Clay,240,6.3,1.01,31,19,42,1.42,,,,,,14,12,16,43,35,51,925,10,1520,19,,7783,Small,,,,,,
West Virginia,Braxton,279,7,0.41,24,15,34,0.65,,,,,,13,12,15,40,32,48,1373,9,1970,16,59,12162,Small,,,,,,
West Virginia,Kanawha,4721,7.5,-0.02,19,13,24,-0.04,,,38,8,18,13,11,14,40,36,45,17756,9,25210,14,49,174805,Large,,,,,,
West Virginia,Wood,1811,7.6,-0.1,19,13,25,-0.04,,,29,44,17,12,11,14,38,33,44,7884,9,11480,14,65,83052,Small,,,,,,
West Virginia,Greenbrier,875,7.2,0.24,22,13,30,0.33,,,,65,27,13,11,15,43,36,50,3170,9,5080,15,59,32149,Small,,,,,,
West Virginia,Summers,406,6.8,0.58,29,18,41,1.27,,,96,,24,14,12,16,43,35,51,1147,8,2090,18,36,11581,Small,,,,,,
West Virginia,Ohio,938,7.9,-0.36,17,11,24,-0.21,,,52,4,15,11,10,13,38,31,45,2905,7,5580,13,50,41194,Small,,,,,,
West Virginia,Mason,684,7.7,-0.19,23,15,31,0.5,,,,,,13,11,15,44,37,52,1767,6,3600,14,84,24765,Small,,,,,,
West Virginia,Hardy,306,7.8,-0.27,16,10,23,-0.32,,,,63,27,14,12,16,43,35,51,903,6,1980,14,50,14251,Small,,,,,,
West Virginia,Monongalia,1217,8.1,-0.53,13,9,17,-0.76,,14,28,12,19,12,11,14,37,31,42,5865,6,13370,13,33,107718,Large,,,,,,
West Virginia,Fayette,1254,7.1,0.32,22,13,31,0.42,,,65,38,23,14,13,16,39,34,46,2775,6,6960,17,42,39072,Small,,,,,,
West Virginia,Mineral,598,8.2,-0.61,17,10,24,-0.24,,,7,21,16,12,10,14,43,36,51,1562,6,3320,12,54,26867,Small,,,,,,
West Virginia,Jefferson,985,8.9,-1.21,10,6,14,-1.11,,,5,16,11,12,10,13,35,29,41,2944,6,5290,9,31,59787,Small,,,,,,
West Virginia,Jackson,608,7.4,0.07,20,12,28,0.07,,,,,,12,11,14,37,31,44,1572,5,4420,16,,27593,Small,,,,,,
West Virginia,Barbour,396,7.5,-0.02,25,16,34,0.75,,,,19,24,13,12,15,41,33,48,875,5,2460,16,,15378,Small,,,,,,
West Virginia,Grant,233,8.4,-0.79,21,13,28,0.18,,,69,,9,13,11,15,41,33,49,622,5,1280,12,31,10921,Small,,,,,,
West Virginia,Marion,1168,8,-0.44,20,14,26,0.12,,,20,4,17,13,11,15,40,34,46,2894,5,7690,14,62,55807,Small,,,,,,
West Virginia,Brooke,539,8.2,-0.61,18,11,24,-0.19,,,,16,17,12,11,14,40,32,48,1158,5,2840,13,,21373,Small,,,,,,
West Virginia,Ritchie,205,7.2,0.24,25,15,34,0.68,,,,,,14,13,16,41,33,49,496,5,1480,17,,8167,Small,,,,,,
West Virginia,Mingo,897,6.2,1.09,31,20,42,1.53,,,,,,15,13,17,41,34,49,1235,5,5170,22,61,22023,Small,,,,,,
West Virginia,Morgan,421,8.7,-1.04,16,9,22,-0.39,,,,38,19,12,10,13,39,31,46,783,4,1860,11,,17649,Small,,,,,,
West Virginia,Lewis,473,7.8,-0.27,20,12,29,0.15,,,,22,27,13,11,15,41,33,49,713,4,2520,15,,16500,Small,,,,,,
West Virginia,Harrison,1492,8.3,-0.7,16,10,22,-0.42,,,16,14,15,13,11,14,40,35,47,2857,4,8460,13,64,64639,Small,,,,,,
West Virginia,Putnam,981,8.9,-1.21,12,7,16,-0.93,,,5,1,16,11,10,13,38,32,44,2224,4,5800,10,45,56962,Small,,,,,,
West Virginia,Nicholas,629,7.8,-0.27,23,14,31,0.47,,,,,,13,11,15,39,32,47,1042,4,3690,15,,24169,Small,,,,,,
West Virginia,Marshall,656,8,-0.44,19,12,26,0.02,,,,,,12,11,14,42,35,49,1312,4,4330,14,,29405,Small,,,,,,
West Virginia,Upshur,450,8,-0.44,25,16,33,0.69,,,87,23,21,14,12,15,41,34,49,826,3,3450,15,,23529,Small,,,,,,
West Virginia,Randolph,588,8.1,-0.53,25,16,33,0.69,,,,,,13,11,15,41,34,49,995,3,3830,14,72,27350,Small,,,,,,
West Virginia,Boone,666,7.8,-0.27,25,16,34,0.78,,,,,,14,12,16,42,34,49,810,3,3330,15,,20576,Small,,,,,,
West Virginia,Logan,1231,7,0.41,23,14,33,0.53,,,13,74,29,14,13,16,41,34,48,1198,3,6090,19,68,30827,Small,,,,,,
West Virginia,Cabell,2428,7.8,-0.27,24,17,31,0.6,,12,51,42,21,13,12,15,42,36,47,2886,3,14360,15,63,92082,Small,,,,,,
West Virginia,Webster,196,7.7,-0.19,37,24,50,2.2,,,,,,13,12,15,38,30,46,201,2,1360,16,,8045,Small,,,,,,
West Virginia,McDowell,793,6.5,0.83,37,22,52,2.21,,,75,,34,17,15,19,44,37,52,436,2,4160,22,40,17439,Small,,,,,,
West Virginia,Doddridge,150,8.7,-1.04,20,12,29,0.15,,,,77,11,13,11,15,43,35,52,97,1,960,12,,7680,Small,,,,,,
West Virginia,Lincoln,618,7.6,-0.1,23,13,33,0.52,,,,81,24,14,13,16,45,38,52,251,1,3540,17,,19701,Small,,,,,,
West Virginia,Tucker,133,8.7,-1.04,23,16,31,0.54,,,,,,11,10,13,38,30,46,65,1,840,12,,6604,Small,,,,,,
West Virginia,Tyler,192,8.3,-0.7,27,20,34,1,,,,,,13,11,14,42,34,50,65,1,1180,14,,7919,Small,,,,,,
West Virginia,Wirt,133,7.7,-0.19,25,15,34,0.68,,,,,,14,12,16,42,33,50,37,1,890,17,,5000,Small,,,,,,
West Virginia,Wyoming,702,7.1,0.32,26,16,36,0.85,,,,,,15,13,17,46,38,54,1,0,4270,20,70,20277,Small,,,,,,
West Virginia,Pleasants,155,9,-1.3,17,10,24,-0.26,,,,,,12,11,14,41,34,50,0,0,880,12,,7428,Small,,,,,,
West Virginia,Taylor,359,,0.02,18,11,25,-0.16,,,,,,13,11,15,40,33,48,,,2360,14,,16388,Small,,,,,,
Wisconsin,Richland,242,6.9,0.49,16,10,22,-0.36,,24,13,35,20,9,8,11,42,34,50,3419,19,2110,12,,17197,Small,,,,,,
Wisconsin,Menominee,133,6.5,0.83,46,33,58,3,38,,,28,,14,12,16,43,36,51,610,14,690,16,,4226,Small,,,,,,
Wisconsin,Rusk,268,7.4,0.07,21,14,28,0.22,,,,7,17,9,8,11,37,29,44,2097,14,1700,12,,14143,Small,,,,,,
Wisconsin,Forest,185,7.3,0.15,21,14,28,0.23,38,,,50,14,10,9,12,42,35,50,1159,12,1220,13,,9325,Small,,,,,,
Wisconsin,Rock,2536,7.9,-0.36,15,11,19,-0.51,,21,24,22,10,9,8,10,38,33,43,19376,12,17610,11,60,164278,Large,,,,,,
Wisconsin,Jackson,365,7.7,-0.19,18,11,24,-0.16,36,,,37,13,10,8,11,45,37,53,2355,12,2530,12,,20855,Small,,,,,,
Wisconsin,Taylor,247,8.1,-0.53,16,11,20,-0.42,,,35,11,9,9,8,11,41,34,48,2381,12,2010,10,,20058,Small,,,,,,
Wisconsin,Ashland,316,7.3,0.15,17,10,24,-0.26,18,,,11,9,11,9,12,38,32,45,1823,11,2240,14,,16079,Small,,,,,,
Wisconsin,Sawyer,335,7.5,-0.02,19,12,25,-0.03,35,,,5,15,9,8,11,41,35,48,1811,11,2330,13,,18552,Small,,,,,,
Wisconsin,Bayfield,251,7.8,-0.27,16,10,22,-0.39,43,,11,12,6,9,8,10,38,31,44,1543,10,1950,12,,16769,Small,,,,,,
Wisconsin,Langlade,359,7.7,-0.19,19,12,25,-0.06,,,,10,10,9,8,10,40,33,46,1973,10,2430,13,,19404,Small,,,,,,
Wisconsin,Walworth,1409,8.3,-0.7,11,7,14,-1.05,,71,,9,8,8,7,10,33,28,40,9824,10,10380,10,57,105822,Large,,,,,,
Wisconsin,Kenosha,2443,8.1,-0.53,16,12,19,-0.42,9,6,33,20,10,10,9,12,43,38,48,15890,10,18450,11,51,167488,Large,,,,,,
Wisconsin,Juneau,496,7.7,-0.19,16,10,22,-0.35,,,,9,12,10,9,12,40,33,47,2514,9,3420,13,61,26594,Small,,,,,,
Wisconsin,Douglas,733,7.9,-0.36,12,7,17,-0.85,,,68,10,11,9,7,10,40,34,47,3757,9,5380,12,74,44264,Small,,,,,,
Wisconsin,Crawford,229,8.1,-0.53,18,12,24,-0.16,,,,50,17,10,8,11,39,32,47,1400,8,1860,12,,15944,Small,,,,,,
Wisconsin,Winnebago,2178,8.4,-0.79,11,8,15,-0.94,1,24,57,29,8,9,8,10,40,34,45,13451,8,17980,11,59,171735,Large,,,,,,
Wisconsin,Eau Claire,1156,8.4,-0.79,10,7,14,-1.06,,2,37,14,8,9,7,10,36,30,42,7487,8,11270,11,47,107903,Large,,,,,,
Wisconsin,Marinette,768,8.2,-0.61,16,10,22,-0.39,,,20,19,9,10,8,11,41,35,48,3122,7,4750,11,,42106,Small,,,,,,
Wisconsin,Wood,1137,8.3,-0.7,13,8,17,-0.81,54,5,,25,9,9,8,10,41,36,46,5156,7,8550,12,59,73939,Small,,,,,,
Wisconsin,Clark,486,8.4,-0.79,16,10,22,-0.39,,,,22,16,9,8,11,43,36,50,2376,7,3740,11,64,34774,Small,,,,,,
Wisconsin,Manitowoc,1187,8.5,-0.87,11,8,15,-0.94,27,15,21,22,10,9,8,10,44,37,50,5525,7,8490,11,72,81331,Small,,,,,,
Wisconsin,Fond du Lac,1509,8.6,-0.96,11,7,14,-1.03,,12,64,13,10,9,8,10,42,36,48,6796,7,10580,10,62,103948,Large,,,,,,
Wisconsin,Monroe,680,8.3,-0.7,17,12,22,-0.22,45,,,36,13,9,8,11,39,32,46,2936,7,5250,11,57,46151,Small,,,,,,
Wisconsin,Chippewa,814,8.6,-0.96,11,7,15,-0.99,,,32,22,11,8,7,10,40,34,47,3795,6,6960,11,70,66970,Small,,,,,,
Wisconsin,Vernon,433,8.4,-0.79,18,11,25,-0.09,,,,12,22,9,8,11,40,34,48,1801,6,3510,11,,31170,Small,,,,,,
Wisconsin,Barron,678,8.4,-0.79,11,7,16,-0.95,72,3,5,24,12,9,8,11,39,33,46,2752,6,5370,12,62,46833,Small,,,,,,
Wisconsin,Brown,2968,8.6,-0.96,11,8,13,-1.05,32,20,33,26,5,9,8,10,37,32,41,14193,6,27860,10,61,271417,Large,,,,,,
Wisconsin,Dunn,516,8.5,-0.87,11,6,15,-1.04,,12,,22,7,9,8,11,41,35,47,2506,6,4910,11,54,45794,Small,,,,,,
Wisconsin,Marathon,1741,8.8,-1.13,12,9,15,-0.83,24,23,,30,7,8,7,9,36,31,40,7565,6,13520,10,78,138612,Large,,,,,,
Wisconsin,Buffalo,148,8.6,-0.96,12,8,16,-0.84,,,,16,9,9,7,10,40,33,48,734,5,1430,11,,13419,Small,,,,,,
Wisconsin,Ozaukee,846,9.2,-1.47,4,2,5,-1.89,,12,,7,5,7,6,9,34,28,41,4618,5,7290,8,41,93460,Small,,,,,,
Wisconsin,Waukesha,4200,9.3,-1.55,4,3,6,-1.81,7,0,32,15,4,7,7,8,32,28,36,19985,5,31360,8,58,412591,Large,,,,,,
Wisconsin,Price,227,8.2,-0.61,19,13,26,0.01,,,,82,20,9,8,11,42,35,49,711,5,1770,13,,14102,Small,,,,,,
Wisconsin,Waushara,456,8.5,-0.87,14,8,20,-0.57,77,,,29,13,10,9,11,42,35,49,1229,5,2830,12,59,24934,Small,,,,,,
Wisconsin,Florence,,8.6,-0.96,19,11,26,-0.05,,,,,,10,8,11,40,33,48,221,5,510,11,,4682,Small,,,,,,
Wisconsin,Outagamie,2125,9,-1.3,6,4,9,-1.56,15,9,20,27,4,9,8,10,40,35,44,8456,5,17240,9,58,193234,Large,,,,,,
Wisconsin,La Crosse,1353,8.8,-1.13,10,6,13,-1.16,37,12,26,10,6,9,7,10,35,29,40,5446,5,12380,10,65,120486,Large,,,,,,
Wisconsin,Columbia,759,9,-1.3,9,6,12,-1.21,12,10,25,29,7,9,7,10,39,32,46,2660,5,5340,9,55,58091,Small,,,,,,
Wisconsin,Washington,1532,9.3,-1.55,6,4,8,-1.63,,,,15,5,8,7,9,37,32,43,6086,5,10520,8,66,138168,Large,,,,,,
Wisconsin,Washburn,308,8.3,-0.7,16,10,21,-0.42,64,,81,41,13,9,8,10,36,29,43,726,5,2060,12,,16930,Small,,,,,,
Wisconsin,Shawano,624,8.7,-1.04,15,10,19,-0.53,24,,,10,9,9,8,11,45,38,52,1875,4,4470,11,,41109,Small,,,,,,
Wisconsin,Dane,4949,9,-1.3,8,5,10,-1.4,20,11,22,18,4,8,7,9,32,28,35,20935,4,51620,9,53,575347,Large,,,,,,
Wisconsin,Lafayette,201,8.9,-1.21,14,9,19,-0.66,,,,20,11,9,8,10,40,32,48,677,4,1670,10,,16945,Small,,,,,,
Wisconsin,Pierce,449,9.1,-1.38,7,5,9,-1.47,,7,,21,6,9,8,10,35,29,41,1564,4,3870,9,59,43026,Small,,,,,,
Wisconsin,Trempealeau,355,9,-1.3,14,11,18,-0.61,,71,53,14,7,9,8,10,39,32,46,1084,4,2930,10,71,30899,Small,,,,,,
Wisconsin,Racine,3144,8.8,-1.13,15,10,20,-0.5,11,0,26,23,8,10,9,12,40,36,44,7325,4,21050,11,58,196613,Large,,,,,,
Wisconsin,Grant,652,8.8,-1.13,16,11,20,-0.43,,,68,25,13,10,8,11,41,34,48,1888,4,5510,11,62,51409,Small,,,,,,
Wisconsin,Adams,447,8,-0.44,21,13,28,0.18,,,,41,18,10,9,12,39,31,47,762,4,2900,14,,21449,Small,,,,,,
Wisconsin,Door,433,9,-1.3,10,6,14,-1.1,,,,18,11,9,7,10,37,30,45,1013,4,2950,10,,30562,Small,,,,,,
Wisconsin,Calumet,472,9.4,-1.64,5,3,7,-1.71,,21,29,19,4,8,7,9,40,33,47,1783,4,4130,8,54,53199,Small,,,,,,
Wisconsin,Lincoln,485,8.7,-1.04,12,8,17,-0.82,,,,,,9,8,10,40,34,47,1043,4,3140,11,69,28405,Small,,,,,,
Wisconsin,Green,432,9.2,-1.47,10,6,13,-1.16,,,27,3,8,9,7,10,40,33,48,1326,4,3350,9,64,36951,Small,,,,,,
Wisconsin,Waupaca,845,8.9,-1.21,15,12,19,-0.46,,,3,40,10,9,7,10,37,31,43,1642,3,5470,11,64,51388,Small,,,,,,
Wisconsin,Iron,109,8.5,-0.87,18,11,24,-0.14,,,,,,9,8,10,37,30,45,181,3,750,12,,6228,Small,,,,,,
Wisconsin,Vilas,409,8.7,-1.04,17,11,22,-0.3,50,,,27,12,9,8,10,35,29,41,650,3,2600,11,,23885,Small,,,,,,
Wisconsin,Burnett,298,8.5,-0.87,22,17,28,0.41,43,,19,28,15,10,8,11,43,36,51,448,3,2060,12,,17092,Small,,,,,,
Wisconsin,Green Lake,296,8.6,-0.96,15,9,20,-0.53,,,,19,21,10,9,12,41,34,50,535,3,2310,12,,19344,Small,,,,,,
Wisconsin,Sauk,902,9,-1.3,12,8,15,-0.92,50,,32,22,10,9,8,11,40,33,47,1740,3,6740,10,66,65920,Small,,,,,,
Wisconsin,Dodge,1318,9.1,-1.38,10,6,13,-1.18,,,25,21,8,10,9,11,41,35,47,2412,3,8560,10,77,88231,Small,,,,,,
Wisconsin,Portage,766,9,-1.3,10,7,14,-1.06,71,12,10,42,6,9,7,10,36,30,42,1803,3,7080,10,75,71024,Small,,,,,,
Wisconsin,Oneida,596,8.9,-1.21,12,7,17,-0.84,,,,13,6,8,7,10,39,33,45,900,2,4040,11,,38226,Small,,,,,,
Wisconsin,Jefferson,1193,9.2,-1.47,10,7,13,-1.14,,,12,12,9,8,7,10,40,33,47,2011,2,8050,9,60,85743,Small,,,,,,
Wisconsin,St. Croix,876,9.4,-1.64,5,4,7,-1.68,,,19,36,6,7,6,8,34,28,39,1995,2,7840,8,71,96763,Small,,,,,,
Wisconsin,Milwaukee,15424,8.5,-0.87,23,20,26,0.53,37,28,37,26,8,11,10,12,39,36,43,21944,2,119310,13,75,916205,Large,,,,,,
Wisconsin,Sheboygan,1539,9.2,-1.47,12,9,15,-0.89,,22,39,15,7,9,7,10,41,35,46,2578,2,10960,9,72,117752,Large,,,,,,
Wisconsin,Oconto,597,9.1,-1.38,11,7,14,-1.04,13,,,16,9,10,8,11,40,33,47,829,2,3870,10,,39775,Small,,,,,,
Wisconsin,Polk,700,9,-1.3,12,8,16,-0.84,26,,,27,10,9,8,10,40,33,47,731,2,4740,11,,45762,Small,,,,,,
Wisconsin,Iowa,274,9.3,-1.55,9,6,13,-1.2,,,,28,7,8,7,9,39,32,47,374,2,2210,9,,23956,Small,,,,,,
Wisconsin,Marquette,338,8.8,-1.13,16,11,22,-0.35,,,,39,14,10,9,11,41,33,49,50,0,1870,12,,15838,Small,,,,,,
Wisconsin,Kewaunee,247,9.6,-1.81,10,7,12,-1.18,,,,10,8,8,7,10,40,32,47,19,0,1760,9,,20690,Small,,,,,,
Wisconsin,Pepin,90,,-0.89,15,10,20,-0.52,,,,6,10,9,7,10,39,31,47,,,700,10,,7441,Small,,,,,,
Wyoming,Carbon,280,6.3,1.01,13,7,19,-0.74,,,26,27,11,10,9,11,36,30,43,3014,19,2180,15,39,14334,Small,,,,,,
Wyoming,Laramie,1598,7.3,0.15,12,9,16,-0.84,60,22,59,21,10,9,7,10,34,30,39,10923,12,13300,13,57,100984,Large,,,,,,
Wyoming,Johnson,132,6.8,0.58,9,5,13,-1.21,83,,,,5,9,7,10,31,24,39,966,11,1370,16,,8759,Small,,,,,,
Wyoming,Niobrara,,6.7,0.66,21,12,30,0.23,,,,,,10,9,12,37,29,45,230,9,430,17,,2354,Small,,,,,,
Wyoming,Albany,369,7.1,0.32,12,7,17,-0.87,,18,,2,20,9,8,11,35,29,41,3346,9,5830,16,53,38257,Small,,,,,,
Wyoming,Natrona,1386,7.5,-0.02,12,7,16,-0.88,,,28,14,11,9,8,11,38,33,43,6918,9,11050,14,70,79941,Small,,,,,,
Wyoming,Sheridan,494,7.7,-0.19,11,7,15,-1.02,,,,,,8,7,9,32,27,37,2609,9,4100,13,,32519,Small,,,,,,
Wyoming,Weston,101,7.6,-0.1,14,8,20,-0.62,,,,,,10,8,11,35,28,42,631,9,940,14,,6808,Small,,,,,,
Wyoming,Campbell,608,7.9,-0.36,10,6,13,-1.18,,,,6,9,9,8,10,35,30,41,3803,8,5910,13,,47498,Small,,,,,,
Wyoming,Park,474,7.7,-0.19,12,7,16,-0.89,,,62,34,10,8,7,9,33,28,39,2255,8,4000,13,,30735,Small,,,,,,
Wyoming,Fremont,937,7.5,-0.02,18,12,25,-0.11,28,,,12,11,10,9,11,38,33,43,2379,6,6150,16,48,39815,Small,,,,,,
Wyoming,Goshen,224,7.9,-0.36,16,9,22,-0.42,,,,32,13,9,7,10,35,28,42,776,6,1730,14,,12642,Small,,,,,,
Wyoming,Crook,130,8.3,-0.7,9,5,13,-1.23,,,,,,9,7,10,31,25,38,405,6,850,12,,7592,Small,,,,,,
Wyoming,Big Horn,186,7.7,-0.19,16,10,22,-0.41,,,,24,17,9,8,10,35,28,42,661,6,1720,15,,12018,Small,,,,,,
Wyoming,Sweetwater,710,7.7,-0.19,12,8,15,-0.93,15,,25,26,17,9,8,11,36,30,42,2290,5,6280,15,74,41249,Small,,,,,,
Wyoming,Lincoln,250,8.3,-0.7,8,5,12,-1.34,,,,21,6,8,7,10,32,26,38,944,5,2380,12,,20880,Small,,,,,,
Wyoming,Platte,173,7.7,-0.19,15,8,22,-0.48,,,,,,9,8,11,32,26,39,376,4,1330,15,,8546,Small,,,,,,
Wyoming,Sublette,111,8.2,-0.61,8,5,12,-1.34,,,,24,6,8,7,9,30,23,37,437,4,1150,13,,8969,Small,,,,,,
Wyoming,Teton,123,8.7,-1.04,6,3,8,-1.65,,,,11,4,7,6,8,22,17,28,812,4,2600,11,,23232,Small,,,,,,
Wyoming,Washakie,130,8.3,-0.7,17,11,24,-0.21,,,,14,12,9,8,11,39,32,47,262,3,1020,13,,7710,Small,,,,,,
Wyoming,Converse,203,8.2,-0.61,13,8,18,-0.72,,,,27,19,9,8,11,37,32,45,398,3,1910,14,,13809,Small,,,,,,
Wyoming,Hot Springs,118,7.6,-0.1,16,9,22,-0.43,,,,,,10,8,11,39,31,46,114,2,770,17,,4661,Small,,,,,,
Wyoming,Uinta,339,8.5,-0.87,11,7,16,-0.94,,,,4,7,9,8,11,36,29,43,290,1,2700,13,,20745,Small,,,,,,